2026-07-01 17:10:31,301 [tramites.API] ERROR: Error en consulta CURP
Traceback (most recent call last):
  File "D:\automatizacion\src\api.py", line 225, in consultar_curp
    resultado = await modulo.consultar(curp=req.curp.upper())
                ^^^^^^^^^^^^^^^^^^^^^^^^^^^^^^^^^^^^^^^^^^^^^
  File "C:\Users\MK\AppData\Local\Programs\Python\Python314\Lib\unittest\mock.py", line 2333, in _execute_mock_call
    raise effect
Exception: Mocked module
2026-07-01 17:10:31,349 [tramites.API] ERROR: Error en consulta NSS
Traceback (most recent call last):
  File "D:\automatizacion\src\api.py", line 239, in consultar_nss
    resultado = await modulo.consultar(
                ^^^^^^^^^^^^^^^^^^^^^^^
        curp=req.curp.upper(), correo=req.correo
        ^^^^^^^^^^^^^^^^^^^^^^^^^^^^^^^^^^^^^^^^
    )
    ^
  File "C:\Users\MK\AppData\Local\Programs\Python\Python314\Lib\unittest\mock.py", line 2333, in _execute_mock_call
    raise effect
Exception: Mocked module
2026-07-01 17:10:36,590 [tramites.test_mod] INFO: hello
2026-07-01 17:10:36,593 [tramites.test_mod] ERROR: error!
2026-07-01 17:10:38,647 [tramites.Buro] INFO: Iniciando consulta Buró de Crédito...
2026-07-01 17:10:38,648 [tramites.Buro] INFO: Buró completado en 0.0s
2026-07-01 17:10:38,659 [tramites.Circulo] INFO: Iniciando consulta Círculo de Crédito...
2026-07-01 17:10:38,660 [tramites.Circulo] INFO: Círculo completado en 0.0s
2026-07-01 17:10:38,703 [tramites.Buro] INFO: Iniciando consulta Buró de Crédito...
2026-07-01 17:10:38,704 [tramites.Buro] ERROR: Error en 0.0s: boom
2026-07-01 17:10:38,789 [tramites.NSS] INFO: Iniciando consulta para CURP GALJ****
2026-07-01 17:10:38,789 [tramites.NSS] INFO: Completado en 0.0s
2026-07-01 17:10:38,897 [tramites.CitaINE] INFO: Iniciando cita INE...
2026-07-01 17:10:38,898 [tramites.CitaINE] INFO: Cita INE completada en 0.0s
2026-07-01 17:10:38,931 [tramites.CitaSAT] INFO: Iniciando cita SAT...
2026-07-01 17:10:38,931 [tramites.CitaSAT] INFO: Cita SAT completada en 0.0s
2026-07-01 17:10:38,973 [tramites.ControlConfianza] INFO: Iniciando Control de Confianza...
2026-07-01 17:10:38,975 [tramites.ControlConfianza] INFO: Control de Confianza completado en 0.0s
2026-07-01 17:10:39,006 [tramites.Semanas] INFO: Iniciando consulta de semanas cotizadas...
2026-07-01 17:10:39,007 [tramites.Semanas] INFO: Semanas completadas en 0.0s
2026-07-01 17:10:39,046 [tramites.Semanas] INFO: Iniciando consulta de semanas cotizadas...
2026-07-01 17:10:39,047 [tramites.Semanas] ERROR: Error en 0.0s: boom
2026-07-01 17:10:39,062 [tramites.RFC] INFO: Iniciando consulta RFC...
2026-07-01 17:10:39,063 [tramites.RFC] INFO: RFC completado en 0.0s
2026-07-01 17:10:39,086 [tramites.ActaNacimiento] INFO: Iniciando consulta de Acta de Nacimiento...
2026-07-01 17:10:39,087 [tramites.ActaNacimiento] INFO: Acta completada en 0.0s
2026-07-01 17:10:39,114 [tramites.Pasaporte] INFO: Iniciando cita de pasaporte...
2026-07-01 17:10:39,114 [tramites.Pasaporte] INFO: Cita pasaporte completada en 0.0s
2026-07-01 17:24:38,650 [tramites.API] ERROR: Error en consulta CURP
Traceback (most recent call last):
  File "D:\automatizacion\src\api.py", line 225, in consultar_curp
    resultado = await modulo.consultar(curp=req.curp.upper())
                ^^^^^^^^^^^^^^^^^^^^^^^^^^^^^^^^^^^^^^^^^^^^^
  File "C:\Users\MK\AppData\Local\Programs\Python\Python314\Lib\unittest\mock.py", line 2333, in _execute_mock_call
    raise effect
Exception: Mocked module
2026-07-01 17:24:38,691 [tramites.API] ERROR: Error en consulta NSS
Traceback (most recent call last):
  File "D:\automatizacion\src\api.py", line 239, in consultar_nss
    resultado = await modulo.consultar(
                ^^^^^^^^^^^^^^^^^^^^^^^
        curp=req.curp.upper(), correo=req.correo
        ^^^^^^^^^^^^^^^^^^^^^^^^^^^^^^^^^^^^^^^^
    )
    ^
  File "C:\Users\MK\AppData\Local\Programs\Python\Python314\Lib\unittest\mock.py", line 2333, in _execute_mock_call
    raise effect
Exception: Mocked module
2026-07-01 17:24:44,125 [tramites.test_mod] INFO: hello
2026-07-01 17:24:44,128 [tramites.test_mod] ERROR: error!
2026-07-01 17:24:45,864 [tramites.Buro] INFO: Iniciando consulta Buró de Crédito...
2026-07-01 17:24:45,864 [tramites.Buro] INFO: Buró completado en 0.0s
2026-07-01 17:24:45,876 [tramites.Circulo] INFO: Iniciando consulta Círculo de Crédito...
2026-07-01 17:24:45,876 [tramites.Circulo] INFO: Círculo completado en 0.0s
2026-07-01 17:24:45,918 [tramites.Buro] INFO: Iniciando consulta Buró de Crédito...
2026-07-01 17:24:45,918 [tramites.Buro] ERROR: Error en 0.0s: boom
2026-07-01 17:24:46,039 [tramites.NSS] INFO: Iniciando consulta para CURP GALJ****
2026-07-01 17:24:46,039 [tramites.NSS] INFO: Completado en 0.0s
2026-07-01 17:24:46,133 [tramites.CitaINE] INFO: Iniciando cita INE...
2026-07-01 17:24:46,133 [tramites.CitaINE] INFO: Cita INE completada en 0.0s
2026-07-01 17:24:46,155 [tramites.CitaSAT] INFO: Iniciando cita SAT...
2026-07-01 17:24:46,156 [tramites.CitaSAT] INFO: Cita SAT completada en 0.0s
2026-07-01 17:24:46,179 [tramites.ControlConfianza] INFO: Iniciando Control de Confianza...
2026-07-01 17:24:46,179 [tramites.ControlConfianza] INFO: Control de Confianza completado en 0.0s
2026-07-01 17:24:46,197 [tramites.Semanas] INFO: Iniciando consulta de semanas cotizadas...
2026-07-01 17:24:46,197 [tramites.Semanas] INFO: Semanas completadas en 0.0s
2026-07-01 17:24:46,215 [tramites.Semanas] INFO: Iniciando consulta de semanas cotizadas...
2026-07-01 17:24:46,216 [tramites.Semanas] ERROR: Error en 0.0s: boom
2026-07-01 17:24:46,227 [tramites.RFC] INFO: Iniciando consulta RFC...
2026-07-01 17:24:46,228 [tramites.RFC] INFO: RFC completado en 0.0s
2026-07-01 17:24:46,244 [tramites.ActaNacimiento] INFO: Iniciando consulta de Acta de Nacimiento...
2026-07-01 17:24:46,244 [tramites.ActaNacimiento] INFO: Acta completada en 0.0s
2026-07-01 17:24:46,264 [tramites.Pasaporte] INFO: Iniciando cita de pasaporte...
2026-07-01 17:24:46,264 [tramites.Pasaporte] INFO: Cita pasaporte completada en 0.0s
2026-07-01 17:32:33,878 [tramites.API] ERROR: Error en consulta CURP
Traceback (most recent call last):
  File "D:\automatizacion\src\api.py", line 225, in consultar_curp
    resultado = await modulo.consultar(curp=req.curp.upper())
                ^^^^^^^^^^^^^^^^^^^^^^^^^^^^^^^^^^^^^^^^^^^^^
  File "C:\Users\MK\AppData\Local\Programs\Python\Python314\Lib\unittest\mock.py", line 2333, in _execute_mock_call
    raise effect
Exception: Mocked module
2026-07-01 17:32:33,930 [tramites.API] ERROR: Error en consulta NSS
Traceback (most recent call last):
  File "D:\automatizacion\src\api.py", line 239, in consultar_nss
    resultado = await modulo.consultar(
                ^^^^^^^^^^^^^^^^^^^^^^^
        curp=req.curp.upper(), correo=req.correo
        ^^^^^^^^^^^^^^^^^^^^^^^^^^^^^^^^^^^^^^^^
    )
    ^
  File "C:\Users\MK\AppData\Local\Programs\Python\Python314\Lib\unittest\mock.py", line 2333, in _execute_mock_call
    raise effect
Exception: Mocked module
2026-07-01 17:32:38,951 [tramites.test_mod] INFO: hello
2026-07-01 17:32:38,957 [tramites.test_mod] ERROR: error!
2026-07-01 17:32:40,474 [tramites.Buro] INFO: Iniciando consulta Buró de Crédito...
2026-07-01 17:32:40,475 [tramites.Buro] INFO: Buró completado en 0.0s
2026-07-01 17:32:40,489 [tramites.Circulo] INFO: Iniciando consulta Círculo de Crédito...
2026-07-01 17:32:40,489 [tramites.Circulo] INFO: Círculo completado en 0.0s
2026-07-01 17:32:40,535 [tramites.Buro] INFO: Iniciando consulta Buró de Crédito...
2026-07-01 17:32:40,535 [tramites.Buro] ERROR: Error en 0.0s: boom
2026-07-01 17:32:40,629 [tramites.NSS] INFO: Iniciando consulta para CURP GALJ****
2026-07-01 17:32:40,630 [tramites.NSS] INFO: Completado en 0.0s
2026-07-01 17:32:40,751 [tramites.CitaINE] INFO: Iniciando cita INE...
2026-07-01 17:32:40,751 [tramites.CitaINE] INFO: Cita INE completada en 0.0s
2026-07-01 17:32:40,775 [tramites.CitaSAT] INFO: Iniciando cita SAT...
2026-07-01 17:32:40,775 [tramites.CitaSAT] INFO: Cita SAT completada en 0.0s
2026-07-01 17:32:40,794 [tramites.ControlConfianza] INFO: Iniciando Control de Confianza...
2026-07-01 17:32:40,795 [tramites.ControlConfianza] INFO: Control de Confianza completado en 0.0s
2026-07-01 17:32:40,817 [tramites.Semanas] INFO: Iniciando consulta de semanas cotizadas...
2026-07-01 17:32:40,817 [tramites.Semanas] INFO: Semanas completadas en 0.0s
2026-07-01 17:32:40,838 [tramites.Semanas] INFO: Iniciando consulta de semanas cotizadas...
2026-07-01 17:32:40,839 [tramites.Semanas] ERROR: Error en 0.0s: boom
2026-07-01 17:32:40,848 [tramites.RFC] INFO: Iniciando consulta RFC...
2026-07-01 17:32:40,848 [tramites.RFC] INFO: RFC completado en 0.0s
2026-07-01 17:32:40,865 [tramites.ActaNacimiento] INFO: Iniciando consulta de Acta de Nacimiento...
2026-07-01 17:32:40,866 [tramites.ActaNacimiento] INFO: Acta completada en 0.0s
2026-07-01 17:32:40,895 [tramites.Pasaporte] INFO: Iniciando cita de pasaporte...
2026-07-01 17:32:40,896 [tramites.Pasaporte] INFO: Cita pasaporte completada en 0.0s
2026-07-01 17:33:58,998 [tramites.API] ERROR: Error en consulta CURP
Traceback (most recent call last):
  File "D:\automatizacion\src\api.py", line 225, in consultar_curp
    resultado = await modulo.consultar(curp=req.curp.upper())
                ^^^^^^^^^^^^^^^^^^^^^^^^^^^^^^^^^^^^^^^^^^^^^
  File "C:\Users\MK\AppData\Local\Programs\Python\Python314\Lib\unittest\mock.py", line 2333, in _execute_mock_call
    raise effect
Exception: Mocked module
2026-07-01 17:33:59,053 [tramites.API] ERROR: Error en consulta NSS
Traceback (most recent call last):
  File "D:\automatizacion\src\api.py", line 239, in consultar_nss
    resultado = await modulo.consultar(
                ^^^^^^^^^^^^^^^^^^^^^^^
        curp=req.curp.upper(), correo=req.correo
        ^^^^^^^^^^^^^^^^^^^^^^^^^^^^^^^^^^^^^^^^
    )
    ^
  File "C:\Users\MK\AppData\Local\Programs\Python\Python314\Lib\unittest\mock.py", line 2333, in _execute_mock_call
    raise effect
Exception: Mocked module
2026-07-01 17:34:04,216 [tramites.test_mod] INFO: hello
2026-07-01 17:34:04,218 [tramites.test_mod] ERROR: error!
2026-07-01 17:34:05,505 [tramites.Buro] INFO: Iniciando consulta Buró de Crédito...
2026-07-01 17:34:05,505 [tramites.Buro] INFO: Buró completado en 0.0s
2026-07-01 17:34:05,520 [tramites.Circulo] INFO: Iniciando consulta Círculo de Crédito...
2026-07-01 17:34:05,520 [tramites.Circulo] INFO: Círculo completado en 0.0s
2026-07-01 17:34:05,560 [tramites.Buro] INFO: Iniciando consulta Buró de Crédito...
2026-07-01 17:34:05,561 [tramites.Buro] ERROR: Error en 0.0s: boom
2026-07-01 17:34:05,649 [tramites.NSS] INFO: Iniciando consulta para CURP GALJ****
2026-07-01 17:34:05,649 [tramites.NSS] INFO: Completado en 0.0s
2026-07-01 17:34:05,737 [tramites.CitaINE] INFO: Iniciando cita INE...
2026-07-01 17:34:05,738 [tramites.CitaINE] INFO: Cita INE completada en 0.0s
2026-07-01 17:34:05,760 [tramites.CitaSAT] INFO: Iniciando cita SAT...
2026-07-01 17:34:05,761 [tramites.CitaSAT] INFO: Cita SAT completada en 0.0s
2026-07-01 17:34:05,782 [tramites.ControlConfianza] INFO: Iniciando Control de Confianza...
2026-07-01 17:34:05,783 [tramites.ControlConfianza] INFO: Control de Confianza completado en 0.0s
2026-07-01 17:34:05,806 [tramites.Semanas] INFO: Iniciando consulta de semanas cotizadas...
2026-07-01 17:34:05,807 [tramites.Semanas] INFO: Semanas completadas en 0.0s
2026-07-01 17:34:05,829 [tramites.Semanas] INFO: Iniciando consulta de semanas cotizadas...
2026-07-01 17:34:05,829 [tramites.Semanas] ERROR: Error en 0.0s: boom
2026-07-01 17:34:05,843 [tramites.RFC] INFO: Iniciando consulta RFC...
2026-07-01 17:34:05,843 [tramites.RFC] INFO: RFC completado en 0.0s
2026-07-01 17:34:05,871 [tramites.ActaNacimiento] INFO: Iniciando consulta de Acta de Nacimiento...
2026-07-01 17:34:05,872 [tramites.ActaNacimiento] INFO: Acta completada en 0.0s
2026-07-01 17:34:05,898 [tramites.Pasaporte] INFO: Iniciando cita de pasaporte...
2026-07-01 17:34:05,898 [tramites.Pasaporte] INFO: Cita pasaporte completada en 0.0s
2026-07-01 17:35:49,963 [tramites.API] ERROR: Error en consulta CURP
Traceback (most recent call last):
  File "D:\automatizacion\src\api.py", line 225, in consultar_curp
    resultado = await modulo.consultar(curp=req.curp.upper())
                ^^^^^^^^^^^^^^^^^^^^^^^^^^^^^^^^^^^^^^^^^^^^^
  File "C:\Users\MK\AppData\Local\Programs\Python\Python314\Lib\unittest\mock.py", line 2333, in _execute_mock_call
    raise effect
Exception: Mocked module
2026-07-01 17:35:50,015 [tramites.API] ERROR: Error en consulta NSS
Traceback (most recent call last):
  File "D:\automatizacion\src\api.py", line 239, in consultar_nss
    resultado = await modulo.consultar(
                ^^^^^^^^^^^^^^^^^^^^^^^
        curp=req.curp.upper(), correo=req.correo
        ^^^^^^^^^^^^^^^^^^^^^^^^^^^^^^^^^^^^^^^^
    )
    ^
  File "C:\Users\MK\AppData\Local\Programs\Python\Python314\Lib\unittest\mock.py", line 2333, in _execute_mock_call
    raise effect
Exception: Mocked module
2026-07-01 17:35:55,096 [tramites.test_mod] INFO: hello
2026-07-01 17:35:55,098 [tramites.test_mod] ERROR: error!
2026-07-01 17:35:56,276 [tramites.Buro] INFO: Iniciando consulta Buró de Crédito...
2026-07-01 17:35:56,276 [tramites.Buro] INFO: Buró completado en 0.0s
2026-07-01 17:35:56,287 [tramites.Circulo] INFO: Iniciando consulta Círculo de Crédito...
2026-07-01 17:35:56,288 [tramites.Circulo] INFO: Círculo completado en 0.0s
2026-07-01 17:35:56,320 [tramites.Buro] INFO: Iniciando consulta Buró de Crédito...
2026-07-01 17:35:56,321 [tramites.Buro] ERROR: Error en 0.0s: boom
2026-07-01 17:35:56,388 [tramites.NSS] INFO: Iniciando consulta para CURP GALJ****
2026-07-01 17:35:56,389 [tramites.NSS] INFO: Completado en 0.0s
2026-07-01 17:35:56,490 [tramites.CitaINE] INFO: Iniciando cita INE...
2026-07-01 17:35:56,491 [tramites.CitaINE] INFO: Cita INE completada en 0.0s
2026-07-01 17:35:56,520 [tramites.CitaSAT] INFO: Iniciando cita SAT...
2026-07-01 17:35:56,520 [tramites.CitaSAT] INFO: Cita SAT completada en 0.0s
2026-07-01 17:35:56,547 [tramites.ControlConfianza] INFO: Iniciando Control de Confianza...
2026-07-01 17:35:56,547 [tramites.ControlConfianza] INFO: Control de Confianza completado en 0.0s
2026-07-01 17:35:56,576 [tramites.Semanas] INFO: Iniciando consulta de semanas cotizadas...
2026-07-01 17:35:56,577 [tramites.Semanas] INFO: Semanas completadas en 0.0s
2026-07-01 17:35:56,606 [tramites.Semanas] INFO: Iniciando consulta de semanas cotizadas...
2026-07-01 17:35:56,607 [tramites.Semanas] ERROR: Error en 0.0s: boom
2026-07-01 17:35:56,626 [tramites.RFC] INFO: Iniciando consulta RFC...
2026-07-01 17:35:56,626 [tramites.RFC] INFO: RFC completado en 0.0s
2026-07-01 17:35:56,657 [tramites.ActaNacimiento] INFO: Iniciando consulta de Acta de Nacimiento...
2026-07-01 17:35:56,658 [tramites.ActaNacimiento] INFO: Acta completada en 0.0s
2026-07-01 17:35:56,689 [tramites.Pasaporte] INFO: Iniciando cita de pasaporte...
2026-07-01 17:35:56,690 [tramites.Pasaporte] INFO: Cita pasaporte completada en 0.0s
2026-07-01 17:37:12,617 [tramites.API] ERROR: Error en consulta CURP
Traceback (most recent call last):
  File "D:\automatizacion\src\api.py", line 225, in consultar_curp
    resultado = await modulo.consultar(curp=req.curp.upper())
                ^^^^^^^^^^^^^^^^^^^^^^^^^^^^^^^^^^^^^^^^^^^^^
  File "C:\Users\MK\AppData\Local\Programs\Python\Python314\Lib\unittest\mock.py", line 2333, in _execute_mock_call
    raise effect
Exception: Mocked module
2026-07-01 17:37:12,657 [tramites.API] ERROR: Error en consulta NSS
Traceback (most recent call last):
  File "D:\automatizacion\src\api.py", line 239, in consultar_nss
    resultado = await modulo.consultar(
                ^^^^^^^^^^^^^^^^^^^^^^^
        curp=req.curp.upper(), correo=req.correo
        ^^^^^^^^^^^^^^^^^^^^^^^^^^^^^^^^^^^^^^^^
    )
    ^
  File "C:\Users\MK\AppData\Local\Programs\Python\Python314\Lib\unittest\mock.py", line 2333, in _execute_mock_call
    raise effect
Exception: Mocked module
2026-07-01 17:37:17,734 [tramites.test_mod] INFO: hello
2026-07-01 17:37:17,737 [tramites.test_mod] ERROR: error!
2026-07-01 17:37:19,227 [tramites.Buro] INFO: Iniciando consulta Buró de Crédito...
2026-07-01 17:37:19,228 [tramites.Buro] INFO: Buró completado en 0.0s
2026-07-01 17:37:19,241 [tramites.Circulo] INFO: Iniciando consulta Círculo de Crédito...
2026-07-01 17:37:19,241 [tramites.Circulo] INFO: Círculo completado en 0.0s
2026-07-01 17:37:19,301 [tramites.Buro] INFO: Iniciando consulta Buró de Crédito...
2026-07-01 17:37:19,302 [tramites.Buro] ERROR: Error en 0.0s: boom
2026-07-01 17:37:19,416 [tramites.NSS] INFO: Iniciando consulta para CURP GALJ****
2026-07-01 17:37:19,416 [tramites.NSS] INFO: Completado en 0.0s
2026-07-01 17:37:19,516 [tramites.CitaINE] INFO: Iniciando cita INE...
2026-07-01 17:37:19,516 [tramites.CitaINE] INFO: Cita INE completada en 0.0s
2026-07-01 17:37:19,542 [tramites.CitaSAT] INFO: Iniciando cita SAT...
2026-07-01 17:37:19,542 [tramites.CitaSAT] INFO: Cita SAT completada en 0.0s
2026-07-01 17:37:19,577 [tramites.ControlConfianza] INFO: Iniciando Control de Confianza...
2026-07-01 17:37:19,578 [tramites.ControlConfianza] INFO: Control de Confianza completado en 0.0s
2026-07-01 17:37:19,606 [tramites.Semanas] INFO: Iniciando consulta de semanas cotizadas...
2026-07-01 17:37:19,607 [tramites.Semanas] INFO: Semanas completadas en 0.0s
2026-07-01 17:37:19,637 [tramites.Semanas] INFO: Iniciando consulta de semanas cotizadas...
2026-07-01 17:37:19,638 [tramites.Semanas] ERROR: Error en 0.0s: boom
2026-07-01 17:37:19,651 [tramites.RFC] INFO: Iniciando consulta RFC...
2026-07-01 17:37:19,651 [tramites.RFC] INFO: RFC completado en 0.0s
2026-07-01 17:37:19,676 [tramites.ActaNacimiento] INFO: Iniciando consulta de Acta de Nacimiento...
2026-07-01 17:37:19,677 [tramites.ActaNacimiento] INFO: Acta completada en 0.0s
2026-07-01 17:37:19,702 [tramites.Pasaporte] INFO: Iniciando cita de pasaporte...
2026-07-01 17:37:19,703 [tramites.Pasaporte] INFO: Cita pasaporte completada en 0.0s
2026-07-01 17:38:39,443 [tramites.API] ERROR: Error en consulta CURP
Traceback (most recent call last):
  File "D:\automatizacion\src\api.py", line 225, in consultar_curp
    resultado = await modulo.consultar(curp=req.curp.upper())
                ^^^^^^^^^^^^^^^^^^^^^^^^^^^^^^^^^^^^^^^^^^^^^
  File "C:\Users\MK\AppData\Local\Programs\Python\Python314\Lib\unittest\mock.py", line 2333, in _execute_mock_call
    raise effect
Exception: Mocked module
2026-07-01 17:38:39,491 [tramites.API] ERROR: Error en consulta NSS
Traceback (most recent call last):
  File "D:\automatizacion\src\api.py", line 239, in consultar_nss
    resultado = await modulo.consultar(
                ^^^^^^^^^^^^^^^^^^^^^^^
        curp=req.curp.upper(), correo=req.correo
        ^^^^^^^^^^^^^^^^^^^^^^^^^^^^^^^^^^^^^^^^
    )
    ^
  File "C:\Users\MK\AppData\Local\Programs\Python\Python314\Lib\unittest\mock.py", line 2333, in _execute_mock_call
    raise effect
Exception: Mocked module
2026-07-01 17:38:44,750 [tramites.test_mod] INFO: hello
2026-07-01 17:38:44,754 [tramites.test_mod] ERROR: error!
2026-07-01 17:38:46,187 [tramites.Buro] INFO: Iniciando consulta Buró de Crédito...
2026-07-01 17:38:46,188 [tramites.Buro] INFO: Buró completado en 0.0s
2026-07-01 17:38:46,201 [tramites.Circulo] INFO: Iniciando consulta Círculo de Crédito...
2026-07-01 17:38:46,202 [tramites.Circulo] INFO: Círculo completado en 0.0s
2026-07-01 17:38:46,254 [tramites.Buro] INFO: Iniciando consulta Buró de Crédito...
2026-07-01 17:38:46,254 [tramites.Buro] ERROR: Error en 0.0s: boom
2026-07-01 17:38:46,341 [tramites.NSS] INFO: Iniciando consulta para CURP GALJ****
2026-07-01 17:38:46,342 [tramites.NSS] INFO: Completado en 0.0s
2026-07-01 17:38:46,440 [tramites.CitaINE] INFO: Iniciando cita INE...
2026-07-01 17:38:46,441 [tramites.CitaINE] INFO: Cita INE completada en 0.0s
2026-07-01 17:38:46,472 [tramites.CitaSAT] INFO: Iniciando cita SAT...
2026-07-01 17:38:46,473 [tramites.CitaSAT] INFO: Cita SAT completada en 0.0s
2026-07-01 17:38:46,499 [tramites.ControlConfianza] INFO: Iniciando Control de Confianza...
2026-07-01 17:38:46,500 [tramites.ControlConfianza] INFO: Control de Confianza completado en 0.0s
2026-07-01 17:38:46,527 [tramites.Semanas] INFO: Iniciando consulta de semanas cotizadas...
2026-07-01 17:38:46,528 [tramites.Semanas] INFO: Semanas completadas en 0.0s
2026-07-01 17:38:46,555 [tramites.Semanas] INFO: Iniciando consulta de semanas cotizadas...
2026-07-01 17:38:46,556 [tramites.Semanas] ERROR: Error en 0.0s: boom
2026-07-01 17:38:46,572 [tramites.RFC] INFO: Iniciando consulta RFC...
2026-07-01 17:38:46,572 [tramites.RFC] INFO: RFC completado en 0.0s
2026-07-01 17:38:46,600 [tramites.ActaNacimiento] INFO: Iniciando consulta de Acta de Nacimiento...
2026-07-01 17:38:46,600 [tramites.ActaNacimiento] INFO: Acta completada en 0.0s
2026-07-01 17:38:46,625 [tramites.Pasaporte] INFO: Iniciando cita de pasaporte...
2026-07-01 17:38:46,626 [tramites.Pasaporte] INFO: Cita pasaporte completada en 0.0s
2026-07-01 17:58:29,667 [tramites.CURP] DEBUG: Haciendo clic: a[href*='curp']
2026-07-01 17:58:31,339 [tramites.CURP] DEBUG: Llenando campo con selector: input[name='curp']
2026-07-01 17:58:32,631 [tramites.CURP] DEBUG: Error cerrando playwright: 'Playwright' object has no attribute '__aexit__'
2026-07-01 17:59:14,078 [tramites.CURP] DEBUG: Error cerrando playwright: 'Playwright' object has no attribute '__aexit__'
2026-07-01 18:04:25,744 [tramites.CURP] DEBUG: Haciendo clic: a[href*='curp']
2026-07-01 18:04:27,697 [tramites.CURP] DEBUG: Llenando campo con selector: input[name='curp']
2026-07-01 18:04:28,245 [tramites.CURP] INFO: Sin CAPTCHA de imagen detectado
2026-07-01 18:05:29,666 [tramites.CURP] DEBUG: Error cerrando playwright: 'Playwright' object has no attribute '__aexit__'
2026-07-01 18:16:11,367 [tramites.CURP] DEBUG: Haciendo clic: a[href*='curp']
2026-07-01 18:16:13,424 [tramites.CURP] DEBUG: Llenando campo con selector: input[name='curp']
2026-07-01 18:16:13,942 [tramites.CURP] INFO: Sin CAPTCHA de imagen detectado
2026-07-01 18:17:15,076 [tramites.CURP] DEBUG: Error cerrando playwright: 'Playwright' object has no attribute '__aexit__'
2026-07-01 18:18:52,703 [tramites.CURP] DEBUG: Haciendo clic: a[href*='curp']
2026-07-01 18:18:54,409 [tramites.CURP] DEBUG: Llenando campo con selector: input[name='curp']
2026-07-01 18:18:54,962 [tramites.CURP] INFO: Sin CAPTCHA de imagen detectado
2026-07-01 18:21:06,922 [tramites.CURP] DEBUG: Haciendo clic: a[href*='curp']
2026-07-01 18:21:08,575 [tramites.CURP] DEBUG: Llenando campo con selector: input[name='curp']
2026-07-01 18:21:09,028 [tramites.CURP] INFO: Sin CAPTCHA de imagen detectado
2026-07-01 18:21:12,363 [tramites.CURP] DEBUG: Descargando con selector: button:has-text('PDF')
2026-07-01 18:21:13,693 [tramites.CURP] INFO: PDF oficial descargado: output\CURP_OOLL940914HMCRGS08.pdf [OK]
2026-07-01 18:21:13,694 [tramites.CURP] DEBUG: Headless mode — omitiendo open_pdf: output\CURP_OOLL940914HMCRGS08.pdf
2026-07-01 18:21:14,526 [tramites.CURP] DEBUG: Error cerrando playwright: 'Playwright' object has no attribute '__aexit__'
2026-07-01 18:21:37,363 [tramites.API] ERROR: Error en consulta CURP
Traceback (most recent call last):
  File "D:\automatizacion\src\api.py", line 225, in consultar_curp
    resultado = await modulo.consultar(curp=req.curp.upper())
                ^^^^^^^^^^^^^^^^^^^^^^^^^^^^^^^^^^^^^^^^^^^^^
  File "C:\Users\MK\AppData\Local\Programs\Python\Python314\Lib\unittest\mock.py", line 2333, in _execute_mock_call
    raise effect
Exception: Mocked module
2026-07-01 18:21:37,401 [tramites.API] ERROR: Error en consulta NSS
Traceback (most recent call last):
  File "D:\automatizacion\src\api.py", line 239, in consultar_nss
    resultado = await modulo.consultar(
                ^^^^^^^^^^^^^^^^^^^^^^^
        curp=req.curp.upper(), correo=req.correo
        ^^^^^^^^^^^^^^^^^^^^^^^^^^^^^^^^^^^^^^^^
    )
    ^
  File "C:\Users\MK\AppData\Local\Programs\Python\Python314\Lib\unittest\mock.py", line 2333, in _execute_mock_call
    raise effect
Exception: Mocked module
2026-07-01 18:21:41,967 [tramites.test_mod] INFO: hello
2026-07-01 18:21:41,970 [tramites.test_mod] ERROR: error!
2026-07-01 18:21:43,076 [tramites.Buro] INFO: Iniciando consulta Buró de Crédito...
2026-07-01 18:21:43,077 [tramites.Buro] INFO: Buró completado en 0.0s
2026-07-01 18:21:43,088 [tramites.Circulo] INFO: Iniciando consulta Círculo de Crédito...
2026-07-01 18:21:43,089 [tramites.Circulo] INFO: Círculo completado en 0.0s
2026-07-01 18:21:43,117 [tramites.Buro] INFO: Iniciando consulta Buró de Crédito...
2026-07-01 18:21:43,118 [tramites.Buro] ERROR: Error en 0.0s: boom
2026-07-01 18:21:43,171 [tramites.NSS] INFO: Iniciando consulta para CURP GALJ****
2026-07-01 18:21:43,172 [tramites.NSS] INFO: Completado en 0.0s
2026-07-01 18:21:43,232 [tramites.CitaINE] INFO: Iniciando cita INE...
2026-07-01 18:21:43,232 [tramites.CitaINE] INFO: Cita INE completada en 0.0s
2026-07-01 18:21:43,250 [tramites.CitaSAT] INFO: Iniciando cita SAT...
2026-07-01 18:21:43,251 [tramites.CitaSAT] INFO: Cita SAT completada en 0.0s
2026-07-01 18:21:43,265 [tramites.ControlConfianza] INFO: Iniciando Control de Confianza...
2026-07-01 18:21:43,265 [tramites.ControlConfianza] INFO: Control de Confianza completado en 0.0s
2026-07-01 18:21:43,279 [tramites.Semanas] INFO: Iniciando consulta de semanas cotizadas...
2026-07-01 18:21:43,280 [tramites.Semanas] INFO: Semanas completadas en 0.0s
2026-07-01 18:21:43,294 [tramites.Semanas] INFO: Iniciando consulta de semanas cotizadas...
2026-07-01 18:21:43,294 [tramites.Semanas] ERROR: Error en 0.0s: boom
2026-07-01 18:21:43,303 [tramites.RFC] INFO: Iniciando consulta RFC...
2026-07-01 18:21:43,303 [tramites.RFC] INFO: RFC completado en 0.0s
2026-07-01 18:21:43,318 [tramites.ActaNacimiento] INFO: Iniciando consulta de Acta de Nacimiento...
2026-07-01 18:21:43,319 [tramites.ActaNacimiento] INFO: Acta completada en 0.0s
2026-07-01 18:21:43,338 [tramites.Pasaporte] INFO: Iniciando cita de pasaporte...
2026-07-01 18:21:43,338 [tramites.Pasaporte] INFO: Cita pasaporte completada en 0.0s
2026-07-01 18:23:16,425 [tramites.API] ERROR: Error en consulta CURP
Traceback (most recent call last):
  File "D:\automatizacion\src\api.py", line 225, in consultar_curp
    resultado = await modulo.consultar(curp=req.curp.upper())
                ^^^^^^^^^^^^^^^^^^^^^^^^^^^^^^^^^^^^^^^^^^^^^
  File "C:\Users\MK\AppData\Local\Programs\Python\Python314\Lib\unittest\mock.py", line 2333, in _execute_mock_call
    raise effect
Exception: Mocked module
2026-07-01 18:23:16,460 [tramites.API] ERROR: Error en consulta NSS
Traceback (most recent call last):
  File "D:\automatizacion\src\api.py", line 239, in consultar_nss
    resultado = await modulo.consultar(
                ^^^^^^^^^^^^^^^^^^^^^^^
        curp=req.curp.upper(), correo=req.correo
        ^^^^^^^^^^^^^^^^^^^^^^^^^^^^^^^^^^^^^^^^
    )
    ^
  File "C:\Users\MK\AppData\Local\Programs\Python\Python314\Lib\unittest\mock.py", line 2333, in _execute_mock_call
    raise effect
Exception: Mocked module
2026-07-01 18:23:20,927 [tramites.test_mod] INFO: hello
2026-07-01 18:23:20,930 [tramites.test_mod] ERROR: error!
2026-07-01 18:23:21,963 [tramites.Buro] INFO: Iniciando consulta Buró de Crédito...
2026-07-01 18:23:21,964 [tramites.Buro] INFO: Buró completado en 0.0s
2026-07-01 18:23:21,973 [tramites.Circulo] INFO: Iniciando consulta Círculo de Crédito...
2026-07-01 18:23:21,973 [tramites.Circulo] INFO: Círculo completado en 0.0s
2026-07-01 18:23:22,002 [tramites.Buro] INFO: Iniciando consulta Buró de Crédito...
2026-07-01 18:23:22,002 [tramites.Buro] ERROR: Error en 0.0s: boom
2026-07-01 18:23:22,055 [tramites.NSS] INFO: Iniciando consulta para CURP GALJ****
2026-07-01 18:23:22,055 [tramites.NSS] INFO: Completado en 0.0s
2026-07-01 18:23:22,117 [tramites.CitaINE] INFO: Iniciando cita INE...
2026-07-01 18:23:22,118 [tramites.CitaINE] INFO: Cita INE completada en 0.0s
2026-07-01 18:23:22,137 [tramites.CitaSAT] INFO: Iniciando cita SAT...
2026-07-01 18:23:22,137 [tramites.CitaSAT] INFO: Cita SAT completada en 0.0s
2026-07-01 18:23:22,155 [tramites.ControlConfianza] INFO: Iniciando Control de Confianza...
2026-07-01 18:23:22,155 [tramites.ControlConfianza] INFO: Control de Confianza completado en 0.0s
2026-07-01 18:23:22,175 [tramites.Semanas] INFO: Iniciando consulta de semanas cotizadas...
2026-07-01 18:23:22,175 [tramites.Semanas] INFO: Semanas completadas en 0.0s
2026-07-01 18:23:22,196 [tramites.Semanas] INFO: Iniciando consulta de semanas cotizadas...
2026-07-01 18:23:22,197 [tramites.Semanas] ERROR: Error en 0.0s: boom
2026-07-01 18:23:22,208 [tramites.RFC] INFO: Iniciando consulta RFC...
2026-07-01 18:23:22,209 [tramites.RFC] INFO: RFC completado en 0.0s
2026-07-01 18:23:22,225 [tramites.ActaNacimiento] INFO: Iniciando consulta de Acta de Nacimiento...
2026-07-01 18:23:22,225 [tramites.ActaNacimiento] INFO: Acta completada en 0.0s
2026-07-01 18:23:22,243 [tramites.Pasaporte] INFO: Iniciando cita de pasaporte...
2026-07-01 18:23:22,243 [tramites.Pasaporte] INFO: Cita pasaporte completada en 0.0s
2026-07-01 18:24:12,424 [tramites.API] ERROR: Error en consulta CURP
Traceback (most recent call last):
  File "D:\automatizacion\src\api.py", line 225, in consultar_curp
    resultado = await modulo.consultar(curp=req.curp.upper())
                ^^^^^^^^^^^^^^^^^^^^^^^^^^^^^^^^^^^^^^^^^^^^^
  File "C:\Users\MK\AppData\Local\Programs\Python\Python314\Lib\unittest\mock.py", line 2333, in _execute_mock_call
    raise effect
Exception: Mocked module
2026-07-01 18:24:12,461 [tramites.API] ERROR: Error en consulta NSS
Traceback (most recent call last):
  File "D:\automatizacion\src\api.py", line 239, in consultar_nss
    resultado = await modulo.consultar(
                ^^^^^^^^^^^^^^^^^^^^^^^
        curp=req.curp.upper(), correo=req.correo
        ^^^^^^^^^^^^^^^^^^^^^^^^^^^^^^^^^^^^^^^^
    )
    ^
  File "C:\Users\MK\AppData\Local\Programs\Python\Python314\Lib\unittest\mock.py", line 2333, in _execute_mock_call
    raise effect
Exception: Mocked module
2026-07-01 18:24:16,934 [tramites.test_mod] INFO: hello
2026-07-01 18:24:16,937 [tramites.test_mod] ERROR: error!
2026-07-01 18:24:18,001 [tramites.Buro] INFO: Iniciando consulta Buró de Crédito...
2026-07-01 18:24:18,001 [tramites.Buro] INFO: Buró completado en 0.0s
2026-07-01 18:24:18,011 [tramites.Circulo] INFO: Iniciando consulta Círculo de Crédito...
2026-07-01 18:24:18,012 [tramites.Circulo] INFO: Círculo completado en 0.0s
2026-07-01 18:24:18,043 [tramites.Buro] INFO: Iniciando consulta Buró de Crédito...
2026-07-01 18:24:18,044 [tramites.Buro] ERROR: Error en 0.0s: boom
2026-07-01 18:24:18,104 [tramites.NSS] INFO: Iniciando consulta para CURP GALJ****
2026-07-01 18:24:18,104 [tramites.NSS] INFO: Completado en 0.0s
2026-07-01 18:24:18,168 [tramites.CitaINE] INFO: Iniciando cita INE...
2026-07-01 18:24:18,168 [tramites.CitaINE] INFO: Cita INE completada en 0.0s
2026-07-01 18:24:18,186 [tramites.CitaSAT] INFO: Iniciando cita SAT...
2026-07-01 18:24:18,186 [tramites.CitaSAT] INFO: Cita SAT completada en 0.0s
2026-07-01 18:24:18,202 [tramites.ControlConfianza] INFO: Iniciando Control de Confianza...
2026-07-01 18:24:18,202 [tramites.ControlConfianza] INFO: Control de Confianza completado en 0.0s
2026-07-01 18:24:18,218 [tramites.Semanas] INFO: Iniciando consulta de semanas cotizadas...
2026-07-01 18:24:18,219 [tramites.Semanas] INFO: Semanas completadas en 0.0s
2026-07-01 18:24:18,234 [tramites.Semanas] INFO: Iniciando consulta de semanas cotizadas...
2026-07-01 18:24:18,235 [tramites.Semanas] ERROR: Error en 0.0s: boom
2026-07-01 18:24:18,243 [tramites.RFC] INFO: Iniciando consulta RFC...
2026-07-01 18:24:18,244 [tramites.RFC] INFO: RFC completado en 0.0s
2026-07-01 18:24:18,264 [tramites.ActaNacimiento] INFO: Iniciando consulta de Acta de Nacimiento...
2026-07-01 18:24:18,264 [tramites.ActaNacimiento] INFO: Acta completada en 0.0s
2026-07-01 18:24:18,280 [tramites.Pasaporte] INFO: Iniciando cita de pasaporte...
2026-07-01 18:24:18,280 [tramites.Pasaporte] INFO: Cita pasaporte completada en 0.0s
2026-07-01 18:25:10,442 [tramites.API] ERROR: Error en consulta CURP
Traceback (most recent call last):
  File "D:\automatizacion\src\api.py", line 225, in consultar_curp
    resultado = await modulo.consultar(curp=req.curp.upper())
                ^^^^^^^^^^^^^^^^^^^^^^^^^^^^^^^^^^^^^^^^^^^^^
  File "C:\Users\MK\AppData\Local\Programs\Python\Python314\Lib\unittest\mock.py", line 2333, in _execute_mock_call
    raise effect
Exception: Mocked module
2026-07-01 18:25:10,481 [tramites.API] ERROR: Error en consulta NSS
Traceback (most recent call last):
  File "D:\automatizacion\src\api.py", line 239, in consultar_nss
    resultado = await modulo.consultar(
                ^^^^^^^^^^^^^^^^^^^^^^^
        curp=req.curp.upper(), correo=req.correo
        ^^^^^^^^^^^^^^^^^^^^^^^^^^^^^^^^^^^^^^^^
    )
    ^
  File "C:\Users\MK\AppData\Local\Programs\Python\Python314\Lib\unittest\mock.py", line 2333, in _execute_mock_call
    raise effect
Exception: Mocked module
2026-07-01 18:25:14,887 [tramites.test_mod] INFO: hello
2026-07-01 18:25:14,889 [tramites.test_mod] ERROR: error!
2026-07-01 18:25:15,827 [tramites.Buro] INFO: Iniciando consulta Buró de Crédito...
2026-07-01 18:25:15,827 [tramites.Buro] INFO: Buró completado en 0.0s
2026-07-01 18:25:15,839 [tramites.Circulo] INFO: Iniciando consulta Círculo de Crédito...
2026-07-01 18:25:15,839 [tramites.Circulo] INFO: Círculo completado en 0.0s
2026-07-01 18:25:15,868 [tramites.Buro] INFO: Iniciando consulta Buró de Crédito...
2026-07-01 18:25:15,869 [tramites.Buro] ERROR: Error en 0.0s: boom
2026-07-01 18:25:15,925 [tramites.NSS] INFO: Iniciando consulta para CURP GALJ****
2026-07-01 18:25:15,925 [tramites.NSS] INFO: Completado en 0.0s
2026-07-01 18:25:15,987 [tramites.CitaINE] INFO: Iniciando cita INE...
2026-07-01 18:25:15,988 [tramites.CitaINE] INFO: Cita INE completada en 0.0s
2026-07-01 18:25:16,004 [tramites.CitaSAT] INFO: Iniciando cita SAT...
2026-07-01 18:25:16,004 [tramites.CitaSAT] INFO: Cita SAT completada en 0.0s
2026-07-01 18:25:16,020 [tramites.ControlConfianza] INFO: Iniciando Control de Confianza...
2026-07-01 18:25:16,020 [tramites.ControlConfianza] INFO: Control de Confianza completado en 0.0s
2026-07-01 18:25:16,036 [tramites.Semanas] INFO: Iniciando consulta de semanas cotizadas...
2026-07-01 18:25:16,036 [tramites.Semanas] INFO: Semanas completadas en 0.0s
2026-07-01 18:25:16,051 [tramites.Semanas] INFO: Iniciando consulta de semanas cotizadas...
2026-07-01 18:25:16,052 [tramites.Semanas] ERROR: Error en 0.0s: boom
2026-07-01 18:25:16,060 [tramites.RFC] INFO: Iniciando consulta RFC...
2026-07-01 18:25:16,060 [tramites.RFC] INFO: RFC completado en 0.0s
2026-07-01 18:25:16,076 [tramites.ActaNacimiento] INFO: Iniciando consulta de Acta de Nacimiento...
2026-07-01 18:25:16,076 [tramites.ActaNacimiento] INFO: Acta completada en 0.0s
2026-07-01 18:25:16,094 [tramites.Pasaporte] INFO: Iniciando cita de pasaporte...
2026-07-01 18:25:16,094 [tramites.Pasaporte] INFO: Cita pasaporte completada en 0.0s
2026-07-01 18:26:16,755 [tramites.API] ERROR: Error en consulta CURP
Traceback (most recent call last):
  File "D:\automatizacion\src\api.py", line 225, in consultar_curp
    resultado = await modulo.consultar(curp=req.curp.upper())
                ^^^^^^^^^^^^^^^^^^^^^^^^^^^^^^^^^^^^^^^^^^^^^
  File "C:\Users\MK\AppData\Local\Programs\Python\Python314\Lib\unittest\mock.py", line 2333, in _execute_mock_call
    raise effect
Exception: Mocked module
2026-07-01 18:26:16,792 [tramites.API] ERROR: Error en consulta NSS
Traceback (most recent call last):
  File "D:\automatizacion\src\api.py", line 239, in consultar_nss
    resultado = await modulo.consultar(
                ^^^^^^^^^^^^^^^^^^^^^^^
        curp=req.curp.upper(), correo=req.correo
        ^^^^^^^^^^^^^^^^^^^^^^^^^^^^^^^^^^^^^^^^
    )
    ^
  File "C:\Users\MK\AppData\Local\Programs\Python\Python314\Lib\unittest\mock.py", line 2333, in _execute_mock_call
    raise effect
Exception: Mocked module
2026-07-01 18:26:21,142 [tramites.test_mod] INFO: hello
2026-07-01 18:26:21,144 [tramites.test_mod] ERROR: error!
2026-07-01 18:26:22,159 [tramites.Buro] INFO: Iniciando consulta Buró de Crédito...
2026-07-01 18:26:22,159 [tramites.Buro] INFO: Buró completado en 0.0s
2026-07-01 18:26:22,167 [tramites.Circulo] INFO: Iniciando consulta Círculo de Crédito...
2026-07-01 18:26:22,168 [tramites.Circulo] INFO: Círculo completado en 0.0s
2026-07-01 18:26:22,195 [tramites.Buro] INFO: Iniciando consulta Buró de Crédito...
2026-07-01 18:26:22,196 [tramites.Buro] ERROR: Error en 0.0s: boom
2026-07-01 18:26:22,265 [tramites.NSS] INFO: Iniciando consulta para CURP GALJ****
2026-07-01 18:26:22,265 [tramites.NSS] INFO: Completado en 0.0s
2026-07-01 18:26:22,344 [tramites.CitaINE] INFO: Iniciando cita INE...
2026-07-01 18:26:22,344 [tramites.CitaINE] INFO: Cita INE completada en 0.0s
2026-07-01 18:26:22,366 [tramites.CitaSAT] INFO: Iniciando cita SAT...
2026-07-01 18:26:22,366 [tramites.CitaSAT] INFO: Cita SAT completada en 0.0s
2026-07-01 18:26:22,382 [tramites.ControlConfianza] INFO: Iniciando Control de Confianza...
2026-07-01 18:26:22,383 [tramites.ControlConfianza] INFO: Control de Confianza completado en 0.0s
2026-07-01 18:26:22,400 [tramites.Semanas] INFO: Iniciando consulta de semanas cotizadas...
2026-07-01 18:26:22,400 [tramites.Semanas] INFO: Semanas completadas en 0.0s
2026-07-01 18:26:22,418 [tramites.Semanas] INFO: Iniciando consulta de semanas cotizadas...
2026-07-01 18:26:22,419 [tramites.Semanas] ERROR: Error en 0.0s: boom
2026-07-01 18:26:22,429 [tramites.RFC] INFO: Iniciando consulta RFC...
2026-07-01 18:26:22,429 [tramites.RFC] INFO: RFC completado en 0.0s
2026-07-01 18:26:22,445 [tramites.ActaNacimiento] INFO: Iniciando consulta de Acta de Nacimiento...
2026-07-01 18:26:22,445 [tramites.ActaNacimiento] INFO: Acta completada en 0.0s
2026-07-01 18:26:22,461 [tramites.Pasaporte] INFO: Iniciando cita de pasaporte...
2026-07-01 18:26:22,462 [tramites.Pasaporte] INFO: Cita pasaporte completada en 0.0s
2026-07-01 18:29:02,531 [tramites.API] ERROR: Error en consulta CURP
Traceback (most recent call last):
  File "D:\automatizacion\src\api.py", line 225, in consultar_curp
    resultado = await modulo.consultar(curp=req.curp.upper())
                ^^^^^^^^^^^^^^^^^^^^^^^^^^^^^^^^^^^^^^^^^^^^^
  File "C:\Users\MK\AppData\Local\Programs\Python\Python314\Lib\unittest\mock.py", line 2333, in _execute_mock_call
    raise effect
Exception: Mocked module
2026-07-01 18:29:02,580 [tramites.API] ERROR: Error en consulta NSS
Traceback (most recent call last):
  File "D:\automatizacion\src\api.py", line 239, in consultar_nss
    resultado = await modulo.consultar(
                ^^^^^^^^^^^^^^^^^^^^^^^
        curp=req.curp.upper(), correo=req.correo
        ^^^^^^^^^^^^^^^^^^^^^^^^^^^^^^^^^^^^^^^^
    )
    ^
  File "C:\Users\MK\AppData\Local\Programs\Python\Python314\Lib\unittest\mock.py", line 2333, in _execute_mock_call
    raise effect
Exception: Mocked module
2026-07-01 18:29:07,625 [tramites.test_mod] INFO: hello
2026-07-01 18:29:07,628 [tramites.test_mod] ERROR: error!
2026-07-01 18:29:09,318 [tramites.Buro] INFO: Iniciando consulta Buró de Crédito...
2026-07-01 18:29:09,318 [tramites.Buro] INFO: Buró completado en 0.0s
2026-07-01 18:29:09,329 [tramites.Circulo] INFO: Iniciando consulta Círculo de Crédito...
2026-07-01 18:29:09,329 [tramites.Circulo] INFO: Círculo completado en 0.0s
2026-07-01 18:29:09,365 [tramites.Buro] INFO: Iniciando consulta Buró de Crédito...
2026-07-01 18:29:09,366 [tramites.Buro] ERROR: Error en 0.0s: boom
2026-07-01 18:29:09,476 [tramites.NSS] INFO: Iniciando consulta para CURP GALJ****
2026-07-01 18:29:09,477 [tramites.NSS] INFO: Completado en 0.0s
2026-07-01 18:29:09,594 [tramites.CitaINE] INFO: Iniciando cita INE...
2026-07-01 18:29:09,594 [tramites.CitaINE] INFO: Cita INE completada en 0.0s
2026-07-01 18:29:09,625 [tramites.CitaSAT] INFO: Iniciando cita SAT...
2026-07-01 18:29:09,625 [tramites.CitaSAT] INFO: Cita SAT completada en 0.0s
2026-07-01 18:29:09,648 [tramites.ControlConfianza] INFO: Iniciando Control de Confianza...
2026-07-01 18:29:09,648 [tramites.ControlConfianza] INFO: Control de Confianza completado en 0.0s
2026-07-01 18:29:09,667 [tramites.Semanas] INFO: Iniciando consulta de semanas cotizadas...
2026-07-01 18:29:09,667 [tramites.Semanas] INFO: Semanas completadas en 0.0s
2026-07-01 18:29:09,684 [tramites.Semanas] INFO: Iniciando consulta de semanas cotizadas...
2026-07-01 18:29:09,685 [tramites.Semanas] ERROR: Error en 0.0s: boom
2026-07-01 18:29:09,698 [tramites.RFC] INFO: Iniciando consulta RFC...
2026-07-01 18:29:09,698 [tramites.RFC] INFO: RFC completado en 0.0s
2026-07-01 18:29:09,729 [tramites.ActaNacimiento] INFO: Iniciando consulta de Acta de Nacimiento...
2026-07-01 18:29:09,729 [tramites.ActaNacimiento] INFO: Acta completada en 0.0s
2026-07-01 18:29:09,767 [tramites.Pasaporte] INFO: Iniciando cita de pasaporte...
2026-07-01 18:29:09,768 [tramites.Pasaporte] INFO: Cita pasaporte completada en 0.0s
2026-07-06 05:17:16,390 [tramites.API] ERROR: Error en consulta CURP
Traceback (most recent call last):
  File "D:\automatizacion\src\api.py", line 225, in consultar_curp
    resultado = await modulo.consultar(curp=req.curp.upper())
                ^^^^^^^^^^^^^^^^^^^^^^^^^^^^^^^^^^^^^^^^^^^^^
  File "C:\Users\MK\AppData\Local\Programs\Python\Python314\Lib\unittest\mock.py", line 2333, in _execute_mock_call
    raise effect
Exception: Mocked module
2026-07-06 05:17:16,514 [tramites.API] ERROR: Error en consulta NSS
Traceback (most recent call last):
  File "D:\automatizacion\src\api.py", line 239, in consultar_nss
    resultado = await modulo.consultar(
                ^^^^^^^^^^^^^^^^^^^^^^^
        curp=req.curp.upper(), correo=req.correo
        ^^^^^^^^^^^^^^^^^^^^^^^^^^^^^^^^^^^^^^^^
    )
    ^
  File "C:\Users\MK\AppData\Local\Programs\Python\Python314\Lib\unittest\mock.py", line 2333, in _execute_mock_call
    raise effect
Exception: Mocked module
2026-07-06 05:17:21,921 [tramites.test_mod] INFO: hello
2026-07-06 05:17:21,925 [tramites.test_mod] ERROR: error!
2026-07-06 05:17:23,916 [tramites.Buro] INFO: Iniciando consulta Buró de Crédito...
2026-07-06 05:17:23,917 [tramites.Buro] INFO: Buró completado en 0.0s
2026-07-06 05:17:23,930 [tramites.Circulo] INFO: Iniciando consulta Círculo de Crédito...
2026-07-06 05:17:23,931 [tramites.Circulo] INFO: Círculo completado en 0.0s
2026-07-06 05:17:23,961 [tramites.Buro] INFO: Iniciando consulta Buró de Crédito...
2026-07-06 05:17:23,962 [tramites.Buro] ERROR: Error en 0.0s: boom
2026-07-06 05:17:24,050 [tramites.NSS] INFO: Iniciando consulta para CURP GALJ****
2026-07-06 05:17:24,050 [tramites.NSS] INFO: Completado en 0.0s
2026-07-06 05:17:24,136 [tramites.CitaINE] INFO: Iniciando cita INE...
2026-07-06 05:17:24,136 [tramites.CitaINE] INFO: Cita INE completada en 0.0s
2026-07-06 05:17:24,159 [tramites.CitaSAT] INFO: Iniciando cita SAT...
2026-07-06 05:17:24,159 [tramites.CitaSAT] INFO: Cita SAT completada en 0.0s
2026-07-06 05:17:24,183 [tramites.ControlConfianza] INFO: Iniciando Control de Confianza...
2026-07-06 05:17:24,184 [tramites.ControlConfianza] INFO: Control de Confianza completado en 0.0s
2026-07-06 05:17:24,206 [tramites.Semanas] INFO: Iniciando consulta de semanas cotizadas...
2026-07-06 05:17:24,207 [tramites.Semanas] INFO: Semanas completadas en 0.0s
2026-07-06 05:17:24,231 [tramites.Semanas] INFO: Iniciando consulta de semanas cotizadas...
2026-07-06 05:17:24,231 [tramites.Semanas] ERROR: Error en 0.0s: boom
2026-07-06 05:17:24,244 [tramites.RFC] INFO: Iniciando consulta RFC...
2026-07-06 05:17:24,244 [tramites.RFC] INFO: RFC completado en 0.0s
2026-07-06 05:17:24,267 [tramites.ActaNacimiento] INFO: Iniciando consulta de Acta de Nacimiento...
2026-07-06 05:17:24,268 [tramites.ActaNacimiento] INFO: Acta completada en 0.0s
2026-07-06 05:17:24,291 [tramites.Pasaporte] INFO: Iniciando cita de pasaporte...
2026-07-06 05:17:24,292 [tramites.Pasaporte] INFO: Cita pasaporte completada en 0.0s
2026-07-06 05:22:13,924 [tramites.Buro] INFO: Iniciando consulta Buró de Crédito...
2026-07-06 05:22:13,926 [tramites.Buro] INFO: Buró completado en 0.0s
2026-07-06 05:22:13,955 [tramites.Circulo] INFO: Iniciando consulta Círculo de Crédito...
2026-07-06 05:22:13,957 [tramites.Circulo] INFO: Círculo completado en 0.0s
2026-07-06 05:22:14,024 [tramites.Buro] INFO: Iniciando consulta Buró de Crédito...
2026-07-06 05:22:14,025 [tramites.Buro] ERROR: Error en 0.0s: boom
2026-07-06 05:22:14,421 [tramites.NSS] INFO: Iniciando consulta para CURP GALJ****
2026-07-06 05:22:14,422 [tramites.NSS] INFO: Completado en 0.0s
2026-07-06 05:22:14,614 [tramites.CitaINE] INFO: Iniciando cita INE...
2026-07-06 05:22:14,616 [tramites.CitaINE] INFO: Cita INE completada en 0.0s
2026-07-06 05:22:14,654 [tramites.CitaSAT] INFO: Iniciando cita SAT...
2026-07-06 05:22:14,655 [tramites.CitaSAT] INFO: Cita SAT completada en 0.0s
2026-07-06 05:22:14,701 [tramites.ControlConfianza] INFO: Iniciando Control de Confianza...
2026-07-06 05:22:14,701 [tramites.ControlConfianza] INFO: Control de Confianza completado en 0.0s
2026-07-06 05:22:14,746 [tramites.Semanas] INFO: Iniciando consulta de semanas cotizadas...
2026-07-06 05:22:14,747 [tramites.Semanas] INFO: Semanas completadas en 0.0s
2026-07-06 05:22:14,785 [tramites.Semanas] INFO: Iniciando consulta de semanas cotizadas...
2026-07-06 05:22:14,786 [tramites.Semanas] ERROR: Error en 0.0s: boom
2026-07-06 05:22:14,817 [tramites.RFC] INFO: Iniciando consulta RFC...
2026-07-06 05:22:14,818 [tramites.RFC] INFO: RFC completado en 0.0s
2026-07-06 05:22:14,871 [tramites.ActaNacimiento] INFO: Iniciando consulta de Acta de Nacimiento...
2026-07-06 05:22:14,872 [tramites.ActaNacimiento] INFO: Acta completada en 0.0s
2026-07-06 05:22:14,922 [tramites.Pasaporte] INFO: Iniciando cita de pasaporte...
2026-07-06 05:22:14,923 [tramites.Pasaporte] INFO: Cita pasaporte completada en 0.0s
2026-07-06 05:33:28,406 [tramites.API] ERROR: Error en consulta CURP
Traceback (most recent call last):
  File "D:\automatizacion\src\api.py", line 225, in consultar_curp
    resultado = await modulo.consultar(curp=req.curp.upper())
                ^^^^^^^^^^^^^^^^^^^^^^^^^^^^^^^^^^^^^^^^^^^^^
  File "C:\Users\MK\AppData\Local\Programs\Python\Python314\Lib\unittest\mock.py", line 2333, in _execute_mock_call
    raise effect
Exception: Mocked module
2026-07-06 05:33:28,495 [tramites.API] ERROR: Error en consulta NSS
Traceback (most recent call last):
  File "D:\automatizacion\src\api.py", line 239, in consultar_nss
    resultado = await modulo.consultar(
                ^^^^^^^^^^^^^^^^^^^^^^^
        curp=req.curp.upper(), correo=req.correo
        ^^^^^^^^^^^^^^^^^^^^^^^^^^^^^^^^^^^^^^^^
    )
    ^
  File "C:\Users\MK\AppData\Local\Programs\Python\Python314\Lib\unittest\mock.py", line 2333, in _execute_mock_call
    raise effect
Exception: Mocked module
2026-07-06 05:33:34,822 [tramites.test_mod] INFO: hello
2026-07-06 05:33:34,828 [tramites.test_mod] ERROR: error!
2026-07-06 05:33:37,150 [tramites.Buro] INFO: Iniciando consulta Buró de Crédito...
2026-07-06 05:33:37,151 [tramites.Buro] INFO: Buró completado en 0.0s
2026-07-06 05:33:37,173 [tramites.Circulo] INFO: Iniciando consulta Círculo de Crédito...
2026-07-06 05:33:37,174 [tramites.Circulo] INFO: Círculo completado en 0.0s
2026-07-06 05:33:37,235 [tramites.Buro] INFO: Iniciando consulta Buró de Crédito...
2026-07-06 05:33:37,235 [tramites.Buro] ERROR: Error en 0.0s: boom
2026-07-06 05:33:37,359 [tramites.NSS] INFO: Iniciando consulta para CURP GALJ****
2026-07-06 05:33:37,360 [tramites.NSS] INFO: Completado en 0.0s
2026-07-06 05:33:37,489 [tramites.CitaINE] INFO: Iniciando cita INE...
2026-07-06 05:33:37,490 [tramites.CitaINE] INFO: Cita INE completada en 0.0s
2026-07-06 05:33:37,532 [tramites.CitaSAT] INFO: Iniciando cita SAT...
2026-07-06 05:33:37,533 [tramites.CitaSAT] INFO: Cita SAT completada en 0.0s
2026-07-06 05:33:37,563 [tramites.ControlConfianza] INFO: Iniciando Control de Confianza...
2026-07-06 05:33:37,563 [tramites.ControlConfianza] INFO: Control de Confianza completado en 0.0s
2026-07-06 05:33:37,596 [tramites.Semanas] INFO: Iniciando consulta de semanas cotizadas...
2026-07-06 05:33:37,597 [tramites.Semanas] INFO: Semanas completadas en 0.0s
2026-07-06 05:33:37,631 [tramites.Semanas] INFO: Iniciando consulta de semanas cotizadas...
2026-07-06 05:33:37,632 [tramites.Semanas] ERROR: Error en 0.0s: boom
2026-07-06 05:33:37,652 [tramites.RFC] INFO: Iniciando consulta RFC...
2026-07-06 05:33:37,652 [tramites.RFC] INFO: RFC completado en 0.0s
2026-07-06 05:33:37,685 [tramites.ActaNacimiento] INFO: Iniciando consulta de Acta de Nacimiento...
2026-07-06 05:33:37,686 [tramites.ActaNacimiento] INFO: Acta completada en 0.0s
2026-07-06 05:33:37,734 [tramites.Pasaporte] INFO: Iniciando cita de pasaporte...
2026-07-06 05:33:37,735 [tramites.Pasaporte] INFO: Cita pasaporte completada en 0.0s
2026-07-06 05:37:38,371 [tramites.API] ERROR: Error en consulta CURP
Traceback (most recent call last):
  File "D:\automatizacion\src\api.py", line 225, in consultar_curp
    resultado = await modulo.consultar(curp=req.curp.upper())
                ^^^^^^^^^^^^^^^^^^^^^^^^^^^^^^^^^^^^^^^^^^^^^
  File "C:\Users\MK\AppData\Local\Programs\Python\Python314\Lib\unittest\mock.py", line 2333, in _execute_mock_call
    raise effect
Exception: Mocked module
2026-07-06 05:37:38,449 [tramites.API] ERROR: Error en consulta NSS
Traceback (most recent call last):
  File "D:\automatizacion\src\api.py", line 239, in consultar_nss
    resultado = await modulo.consultar(
                ^^^^^^^^^^^^^^^^^^^^^^^
        curp=req.curp.upper(), correo=req.correo
        ^^^^^^^^^^^^^^^^^^^^^^^^^^^^^^^^^^^^^^^^
    )
    ^
  File "C:\Users\MK\AppData\Local\Programs\Python\Python314\Lib\unittest\mock.py", line 2333, in _execute_mock_call
    raise effect
Exception: Mocked module
2026-07-06 05:37:45,269 [tramites.test_mod] INFO: hello
2026-07-06 05:37:45,276 [tramites.test_mod] ERROR: error!
2026-07-06 05:37:47,771 [tramites.Buro] INFO: Iniciando consulta Buró de Crédito...
2026-07-06 05:37:47,772 [tramites.Buro] INFO: Buró completado en 0.0s
2026-07-06 05:37:47,795 [tramites.Circulo] INFO: Iniciando consulta Círculo de Crédito...
2026-07-06 05:37:47,796 [tramites.Circulo] INFO: Círculo completado en 0.0s
2026-07-06 05:37:47,862 [tramites.Buro] INFO: Iniciando consulta Buró de Crédito...
2026-07-06 05:37:47,863 [tramites.Buro] ERROR: Error en 0.0s: boom
2026-07-06 05:37:47,921 [tramites.CURP] INFO: Iniciando consulta...
2026-07-06 05:37:47,923 [tramites.CURP] INFO: Completado en 0.0s
2026-07-06 05:37:47,959 [tramites.CURP] INFO: Iniciando consulta...
2026-07-06 05:37:47,981 [tramites.CURP] INFO: Iniciando consulta...
2026-07-06 05:37:48,005 [tramites.NSS] INFO: Iniciando consulta para CURP GALJ****
2026-07-06 05:37:48,006 [tramites.NSS] INFO: Completado en 0.0s
2026-07-06 05:37:48,157 [tramites.CitaINE] INFO: Iniciando cita INE...
2026-07-06 05:37:48,158 [tramites.CitaINE] INFO: Cita INE completada en 0.0s
2026-07-06 05:37:48,209 [tramites.CitaSAT] INFO: Iniciando cita SAT...
2026-07-06 05:37:48,210 [tramites.CitaSAT] INFO: Cita SAT completada en 0.0s
2026-07-06 05:37:48,250 [tramites.ControlConfianza] INFO: Iniciando Control de Confianza...
2026-07-06 05:37:48,250 [tramites.ControlConfianza] INFO: Control de Confianza completado en 0.0s
2026-07-06 05:37:48,290 [tramites.Semanas] INFO: Iniciando consulta de semanas cotizadas...
2026-07-06 05:37:48,291 [tramites.Semanas] INFO: Semanas completadas en 0.0s
2026-07-06 05:37:48,328 [tramites.Semanas] INFO: Iniciando consulta de semanas cotizadas...
2026-07-06 05:37:48,328 [tramites.Semanas] ERROR: Error en 0.0s: boom
2026-07-06 05:37:48,352 [tramites.RFC] INFO: Iniciando consulta RFC...
2026-07-06 05:37:48,353 [tramites.RFC] INFO: RFC completado en 0.0s
2026-07-06 05:37:48,392 [tramites.ActaNacimiento] INFO: Iniciando consulta de Acta de Nacimiento...
2026-07-06 05:37:48,394 [tramites.ActaNacimiento] INFO: Acta completada en 0.0s
2026-07-06 05:37:48,433 [tramites.Pasaporte] INFO: Iniciando cita de pasaporte...
2026-07-06 05:37:48,434 [tramites.Pasaporte] INFO: Cita pasaporte completada en 0.0s
2026-07-06 05:44:08,400 [tramites.Buro] INFO: Iniciando consulta Buró de Crédito...
2026-07-06 05:44:08,401 [tramites.Buro] INFO: Buró completado en 0.0s
2026-07-06 05:44:08,430 [tramites.Circulo] INFO: Iniciando consulta Círculo de Crédito...
2026-07-06 05:44:08,431 [tramites.Circulo] INFO: Círculo completado en 0.0s
2026-07-06 05:44:08,493 [tramites.Buro] INFO: Iniciando consulta Buró de Crédito...
2026-07-06 05:44:08,494 [tramites.Buro] ERROR: Error en 0.0s: boom
2026-07-06 05:44:08,561 [tramites.CURP] INFO: Iniciando consulta...
2026-07-06 05:44:08,562 [tramites.CURP] INFO: Completado en 0.0s
2026-07-06 05:44:08,599 [tramites.CURP] INFO: Iniciando consulta...
2026-07-06 05:44:08,615 [tramites.CURP] INFO: Iniciando consulta...
2026-07-06 05:44:08,793 [tramites.NSS] INFO: Iniciando consulta para CURP GALJ****
2026-07-06 05:44:08,794 [tramites.NSS] INFO: Completado en 0.0s
2026-07-06 05:44:08,852 [tramites.TENENCIA] INFO: Consultando tenencia para placa ABC123
2026-07-06 05:44:08,853 [tramites.TENENCIA] INFO: Completado en 0.0s
2026-07-06 05:44:08,899 [tramites.ANTECEDENTES] INFO: Iniciando trámite para CURP GALJ****
2026-07-06 05:44:08,900 [tramites.ANTECEDENTES] INFO: Completado en 0.0s
2026-07-06 05:44:08,939 [tramites.ANTECEDENTES] INFO: Iniciando trámite para CURP GALJ****
2026-07-06 05:44:08,966 [tramites.CitaINE] INFO: Iniciando cita INE...
2026-07-06 05:44:08,967 [tramites.CitaINE] INFO: Cita INE completada en 0.0s
2026-07-06 05:44:08,999 [tramites.CitaSAT] INFO: Iniciando cita SAT...
2026-07-06 05:44:09,000 [tramites.CitaSAT] INFO: Cita SAT completada en 0.0s
2026-07-06 05:44:09,042 [tramites.ControlConfianza] INFO: Iniciando Control de Confianza...
2026-07-06 05:44:09,043 [tramites.ControlConfianza] INFO: Control de Confianza completado en 0.0s
2026-07-06 05:44:09,089 [tramites.Semanas] INFO: Iniciando consulta de semanas cotizadas...
2026-07-06 05:44:09,090 [tramites.Semanas] INFO: Semanas completadas en 0.0s
2026-07-06 05:44:09,134 [tramites.Semanas] INFO: Iniciando consulta de semanas cotizadas...
2026-07-06 05:44:09,135 [tramites.Semanas] ERROR: Error en 0.0s: boom
2026-07-06 05:44:09,161 [tramites.RFC] INFO: Iniciando consulta RFC...
2026-07-06 05:44:09,161 [tramites.RFC] INFO: RFC completado en 0.0s
2026-07-06 05:44:09,205 [tramites.ActaNacimiento] INFO: Iniciando consulta de Acta de Nacimiento...
2026-07-06 05:44:09,206 [tramites.ActaNacimiento] INFO: Acta completada en 0.0s
2026-07-06 05:44:09,249 [tramites.Pasaporte] INFO: Iniciando cita de pasaporte...
2026-07-06 05:44:09,250 [tramites.Pasaporte] INFO: Cita pasaporte completada en 0.0s
2026-07-06 05:45:16,784 [tramites.API] ERROR: Error en consulta CURP
Traceback (most recent call last):
  File "D:\automatizacion\src\api.py", line 225, in consultar_curp
    resultado = await modulo.consultar(curp=req.curp.upper())
                ^^^^^^^^^^^^^^^^^^^^^^^^^^^^^^^^^^^^^^^^^^^^^
  File "C:\Users\MK\AppData\Local\Programs\Python\Python314\Lib\unittest\mock.py", line 2333, in _execute_mock_call
    raise effect
Exception: Mocked module
2026-07-06 05:45:16,850 [tramites.API] ERROR: Error en consulta NSS
Traceback (most recent call last):
  File "D:\automatizacion\src\api.py", line 239, in consultar_nss
    resultado = await modulo.consultar(
                ^^^^^^^^^^^^^^^^^^^^^^^
        curp=req.curp.upper(), correo=req.correo
        ^^^^^^^^^^^^^^^^^^^^^^^^^^^^^^^^^^^^^^^^
    )
    ^
  File "C:\Users\MK\AppData\Local\Programs\Python\Python314\Lib\unittest\mock.py", line 2333, in _execute_mock_call
    raise effect
Exception: Mocked module
2026-07-06 05:45:23,355 [tramites.test_mod] INFO: hello
2026-07-06 05:45:23,359 [tramites.test_mod] ERROR: error!
2026-07-06 05:45:25,907 [tramites.Buro] INFO: Iniciando consulta Buró de Crédito...
2026-07-06 05:45:25,908 [tramites.Buro] INFO: Buró completado en 0.0s
2026-07-06 05:45:25,931 [tramites.Circulo] INFO: Iniciando consulta Círculo de Crédito...
2026-07-06 05:45:25,931 [tramites.Circulo] INFO: Círculo completado en 0.0s
2026-07-06 05:45:25,990 [tramites.Buro] INFO: Iniciando consulta Buró de Crédito...
2026-07-06 05:45:25,991 [tramites.Buro] ERROR: Error en 0.0s: boom
2026-07-06 05:45:26,052 [tramites.CURP] INFO: Iniciando consulta...
2026-07-06 05:45:26,054 [tramites.CURP] INFO: Completado en 0.0s
2026-07-06 05:45:26,093 [tramites.CURP] INFO: Iniciando consulta...
2026-07-06 05:45:26,116 [tramites.CURP] INFO: Iniciando consulta...
2026-07-06 05:45:26,137 [tramites.NSS] INFO: Iniciando consulta para CURP GALJ****
2026-07-06 05:45:26,138 [tramites.NSS] INFO: Completado en 0.0s
2026-07-06 05:45:26,183 [tramites.TENENCIA] INFO: Consultando tenencia para placa ABC123
2026-07-06 05:45:26,184 [tramites.TENENCIA] INFO: Completado en 0.0s
2026-07-06 05:45:26,224 [tramites.ANTECEDENTES] INFO: Iniciando trámite para CURP GALJ****
2026-07-06 05:45:26,224 [tramites.ANTECEDENTES] INFO: Completado en 0.0s
2026-07-06 05:45:26,256 [tramites.ANTECEDENTES] INFO: Iniciando trámite para CURP GALJ****
2026-07-06 05:45:26,277 [tramites.CitaINE] INFO: Iniciando cita INE...
2026-07-06 05:45:26,278 [tramites.CitaINE] INFO: Cita INE completada en 0.0s
2026-07-06 05:45:26,323 [tramites.CitaSAT] INFO: Iniciando cita SAT...
2026-07-06 05:45:26,324 [tramites.CitaSAT] INFO: Cita SAT completada en 0.0s
2026-07-06 05:45:26,357 [tramites.ControlConfianza] INFO: Iniciando Control de Confianza...
2026-07-06 05:45:26,358 [tramites.ControlConfianza] INFO: Control de Confianza completado en 0.0s
2026-07-06 05:45:26,396 [tramites.Semanas] INFO: Iniciando consulta de semanas cotizadas...
2026-07-06 05:45:26,397 [tramites.Semanas] INFO: Semanas completadas en 0.0s
2026-07-06 05:45:26,438 [tramites.Semanas] INFO: Iniciando consulta de semanas cotizadas...
2026-07-06 05:45:26,438 [tramites.Semanas] ERROR: Error en 0.0s: boom
2026-07-06 05:45:26,463 [tramites.RFC] INFO: Iniciando consulta RFC...
2026-07-06 05:45:26,464 [tramites.RFC] INFO: RFC completado en 0.0s
2026-07-06 05:45:26,502 [tramites.ActaNacimiento] INFO: Iniciando consulta de Acta de Nacimiento...
2026-07-06 05:45:26,503 [tramites.ActaNacimiento] INFO: Acta completada en 0.0s
2026-07-06 05:45:26,548 [tramites.Pasaporte] INFO: Iniciando cita de pasaporte...
2026-07-06 05:45:26,549 [tramites.Pasaporte] INFO: Cita pasaporte completada en 0.0s
2026-07-06 06:04:49,788 [tramites.API] ERROR: Error en consulta CURP
Traceback (most recent call last):
  File "D:\automatizacion\src\api.py", line 222, in consultar_curp
    resultado = await modulo.consultar(curp=req.curp.upper())
                ^^^^^^^^^^^^^^^^^^^^^^^^^^^^^^^^^^^^^^^^^^^^^
  File "C:\Users\MK\AppData\Local\Programs\Python\Python314\Lib\unittest\mock.py", line 2333, in _execute_mock_call
    raise effect
Exception: Mocked module
2026-07-06 06:04:49,859 [tramites.API] ERROR: Error en consulta NSS
Traceback (most recent call last):
  File "D:\automatizacion\src\api.py", line 236, in consultar_nss
    resultado = await modulo.consultar(
                ^^^^^^^^^^^^^^^^^^^^^^^
        curp=req.curp.upper(), correo=req.correo
        ^^^^^^^^^^^^^^^^^^^^^^^^^^^^^^^^^^^^^^^^
    )
    ^
  File "C:\Users\MK\AppData\Local\Programs\Python\Python314\Lib\unittest\mock.py", line 2333, in _execute_mock_call
    raise effect
Exception: Mocked module
2026-07-06 06:05:04,760 [tramites.test_mod] INFO: hello
2026-07-06 06:05:04,772 [tramites.test_mod] ERROR: error!
2026-07-06 06:06:59,617 [tramites.API] ERROR: Error en consulta CURP
Traceback (most recent call last):
  File "D:\automatizacion\src\api.py", line 222, in consultar_curp
    resultado = await modulo.consultar(curp=req.curp.upper())
                ^^^^^^^^^^^^^^^^^^^^^^^^^^^^^^^^^^^^^^^^^^^^^
  File "C:\Users\MK\AppData\Local\Programs\Python\Python314\Lib\unittest\mock.py", line 2333, in _execute_mock_call
    raise effect
Exception: Mocked module
2026-07-06 06:06:59,693 [tramites.API] ERROR: Error en consulta NSS
Traceback (most recent call last):
  File "D:\automatizacion\src\api.py", line 236, in consultar_nss
    resultado = await modulo.consultar(
                ^^^^^^^^^^^^^^^^^^^^^^^
        curp=req.curp.upper(), correo=req.correo
        ^^^^^^^^^^^^^^^^^^^^^^^^^^^^^^^^^^^^^^^^
    )
    ^
  File "C:\Users\MK\AppData\Local\Programs\Python\Python314\Lib\unittest\mock.py", line 2333, in _execute_mock_call
    raise effect
Exception: Mocked module
2026-07-06 06:07:14,551 [tramites.test_mod] INFO: hello
2026-07-06 06:07:14,561 [tramites.test_mod] ERROR: error!
2026-07-06 06:07:17,997 [tramites.Buro] INFO: Iniciando consulta Buró de Crédito...
2026-07-06 06:07:17,998 [tramites.Buro] INFO: Buró completado en 0.0s
2026-07-06 06:07:18,020 [tramites.Circulo] INFO: Iniciando consulta Círculo de Crédito...
2026-07-06 06:07:18,020 [tramites.Circulo] INFO: Círculo completado en 0.0s
2026-07-06 06:07:18,092 [tramites.Buro] INFO: Iniciando consulta Buró de Crédito...
2026-07-06 06:07:18,093 [tramites.Buro] ERROR: Error en 0.0s: boom
2026-07-06 06:07:18,141 [tramites.CURP] INFO: Iniciando consulta...
2026-07-06 06:07:18,142 [tramites.CURP] INFO: Completado en 0.0s
2026-07-06 06:07:18,183 [tramites.CURP] INFO: Iniciando consulta...
2026-07-06 06:07:18,208 [tramites.CURP] INFO: Iniciando consulta...
2026-07-06 06:07:18,243 [tramites.NSS] INFO: Iniciando consulta para CURP GALJ****
2026-07-06 06:07:18,244 [tramites.NSS] INFO: Completado en 0.0s
2026-07-06 06:07:18,302 [tramites.TENENCIA] INFO: Consultando tenencia para placa ABC123
2026-07-06 06:07:18,303 [tramites.TENENCIA] INFO: Completado en 0.0s
2026-07-06 06:07:18,358 [tramites.ANTECEDENTES] INFO: Iniciando trámite para CURP GALJ****
2026-07-06 06:07:18,360 [tramites.ANTECEDENTES] INFO: Completado en 0.0s
2026-07-06 06:07:18,408 [tramites.ANTECEDENTES] INFO: Iniciando trámite para CURP GALJ****
2026-07-06 06:07:18,434 [tramites.CitaINE] INFO: Iniciando cita INE...
2026-07-06 06:07:18,435 [tramites.CitaINE] INFO: Cita INE completada en 0.0s
2026-07-06 06:07:18,475 [tramites.CitaSAT] INFO: Iniciando cita SAT...
2026-07-06 06:07:18,476 [tramites.CitaSAT] INFO: Cita SAT completada en 0.0s
2026-07-06 06:07:18,518 [tramites.ControlConfianza] INFO: Iniciando Control de Confianza...
2026-07-06 06:07:18,519 [tramites.ControlConfianza] INFO: Control de Confianza completado en 0.0s
2026-07-06 06:07:18,558 [tramites.Semanas] INFO: Iniciando consulta de semanas cotizadas...
2026-07-06 06:07:18,559 [tramites.Semanas] INFO: Semanas completadas en 0.0s
2026-07-06 06:07:18,598 [tramites.Semanas] INFO: Iniciando consulta de semanas cotizadas...
2026-07-06 06:07:18,599 [tramites.Semanas] ERROR: Error en 0.0s: boom
2026-07-06 06:07:18,620 [tramites.RFC] INFO: Iniciando consulta RFC...
2026-07-06 06:07:18,621 [tramites.RFC] INFO: RFC completado en 0.0s
2026-07-06 06:07:18,657 [tramites.ActaNacimiento] INFO: Iniciando consulta de Acta de Nacimiento...
2026-07-06 06:07:18,657 [tramites.ActaNacimiento] INFO: Acta completada en 0.0s
2026-07-06 06:07:18,693 [tramites.Pasaporte] INFO: Iniciando cita de pasaporte...
2026-07-06 06:07:18,694 [tramites.Pasaporte] INFO: Cita pasaporte completada en 0.0s
2026-07-06 06:09:14,724 [tramites.API] ERROR: Error en consulta CURP
Traceback (most recent call last):
  File "D:\automatizacion\src\api.py", line 222, in consultar_curp
    resultado = await modulo.consultar(curp=req.curp.upper())
                ^^^^^^^^^^^^^^^^^^^^^^^^^^^^^^^^^^^^^^^^^^^^^
  File "C:\Users\MK\AppData\Local\Programs\Python\Python314\Lib\unittest\mock.py", line 2333, in _execute_mock_call
    raise effect
Exception: Mocked module
2026-07-06 06:09:14,787 [tramites.API] ERROR: Error en consulta NSS
Traceback (most recent call last):
  File "D:\automatizacion\src\api.py", line 236, in consultar_nss
    resultado = await modulo.consultar(
                ^^^^^^^^^^^^^^^^^^^^^^^
        curp=req.curp.upper(), correo=req.correo
        ^^^^^^^^^^^^^^^^^^^^^^^^^^^^^^^^^^^^^^^^
    )
    ^
  File "C:\Users\MK\AppData\Local\Programs\Python\Python314\Lib\unittest\mock.py", line 2333, in _execute_mock_call
    raise effect
Exception: Mocked module
2026-07-06 06:09:29,198 [tramites.test_mod] INFO: hello
2026-07-06 06:09:29,203 [tramites.test_mod] ERROR: error!
2026-07-06 06:09:32,285 [tramites.Buro] INFO: Iniciando consulta Buró de Crédito...
2026-07-06 06:09:32,286 [tramites.Buro] INFO: Buró completado en 0.0s
2026-07-06 06:09:32,306 [tramites.Circulo] INFO: Iniciando consulta Círculo de Crédito...
2026-07-06 06:09:32,307 [tramites.Circulo] INFO: Círculo completado en 0.0s
2026-07-06 06:09:32,371 [tramites.Buro] INFO: Iniciando consulta Buró de Crédito...
2026-07-06 06:09:32,373 [tramites.Buro] ERROR: Error en 0.0s: boom
2026-07-06 06:09:32,426 [tramites.CURP] INFO: Iniciando consulta...
2026-07-06 06:09:32,427 [tramites.CURP] INFO: Completado en 0.0s
2026-07-06 06:09:32,464 [tramites.CURP] INFO: Iniciando consulta...
2026-07-06 06:09:32,479 [tramites.CURP] INFO: Iniciando consulta...
2026-07-06 06:09:32,503 [tramites.NSS] INFO: Iniciando consulta para CURP GALJ****
2026-07-06 06:09:32,504 [tramites.NSS] INFO: Completado en 0.0s
2026-07-06 06:09:32,542 [tramites.TENENCIA] INFO: Consultando tenencia para placa ABC123
2026-07-06 06:09:32,543 [tramites.TENENCIA] INFO: Completado en 0.0s
2026-07-06 06:09:32,586 [tramites.ANTECEDENTES] INFO: Iniciando trámite para CURP GALJ****
2026-07-06 06:09:32,587 [tramites.ANTECEDENTES] INFO: Completado en 0.0s
2026-07-06 06:09:32,624 [tramites.ANTECEDENTES] INFO: Iniciando trámite para CURP GALJ****
2026-07-06 06:09:32,647 [tramites.CitaINE] INFO: Iniciando cita INE...
2026-07-06 06:09:32,649 [tramites.CitaINE] INFO: Cita INE completada en 0.0s
2026-07-06 06:09:32,687 [tramites.CitaSAT] INFO: Iniciando cita SAT...
2026-07-06 06:09:32,688 [tramites.CitaSAT] INFO: Cita SAT completada en 0.0s
2026-07-06 06:09:32,718 [tramites.ControlConfianza] INFO: Iniciando Control de Confianza...
2026-07-06 06:09:32,719 [tramites.ControlConfianza] INFO: Control de Confianza completado en 0.0s
2026-07-06 06:09:32,752 [tramites.Semanas] INFO: Iniciando consulta de semanas cotizadas...
2026-07-06 06:09:32,753 [tramites.Semanas] INFO: Semanas completadas en 0.0s
2026-07-06 06:09:32,780 [tramites.Semanas] INFO: Iniciando consulta de semanas cotizadas...
2026-07-06 06:09:32,781 [tramites.Semanas] ERROR: Error en 0.0s: boom
2026-07-06 06:09:32,815 [tramites.RFC] INFO: Iniciando consulta RFC...
2026-07-06 06:09:32,816 [tramites.RFC] INFO: RFC completado en 0.0s
2026-07-06 06:09:32,859 [tramites.ActaNacimiento] INFO: Iniciando consulta de Acta de Nacimiento...
2026-07-06 06:09:32,860 [tramites.ActaNacimiento] INFO: Acta completada en 0.0s
2026-07-06 06:09:32,896 [tramites.Pasaporte] INFO: Iniciando cita de pasaporte...
2026-07-06 06:09:32,896 [tramites.Pasaporte] INFO: Cita pasaporte completada en 0.0s
2026-07-06 06:10:48,003 [tramites.API] ERROR: Error en consulta CURP
Traceback (most recent call last):
  File "D:\automatizacion\src\api.py", line 222, in consultar_curp
    resultado = await modulo.consultar(curp=req.curp.upper())
                ^^^^^^^^^^^^^^^^^^^^^^^^^^^^^^^^^^^^^^^^^^^^^
  File "C:\Users\MK\AppData\Local\Programs\Python\Python314\Lib\unittest\mock.py", line 2333, in _execute_mock_call
    raise effect
Exception: Mocked module
2026-07-06 06:10:48,067 [tramites.API] ERROR: Error en consulta NSS
Traceback (most recent call last):
  File "D:\automatizacion\src\api.py", line 236, in consultar_nss
    resultado = await modulo.consultar(
                ^^^^^^^^^^^^^^^^^^^^^^^
        curp=req.curp.upper(), correo=req.correo
        ^^^^^^^^^^^^^^^^^^^^^^^^^^^^^^^^^^^^^^^^
    )
    ^
  File "C:\Users\MK\AppData\Local\Programs\Python\Python314\Lib\unittest\mock.py", line 2333, in _execute_mock_call
    raise effect
Exception: Mocked module
2026-07-06 06:11:02,595 [tramites.test_mod] INFO: hello
2026-07-06 06:11:02,601 [tramites.test_mod] ERROR: error!
2026-07-06 06:11:05,679 [tramites.Buro] INFO: Iniciando consulta Buró de Crédito...
2026-07-06 06:11:05,680 [tramites.Buro] INFO: Buró completado en 0.0s
2026-07-06 06:11:05,696 [tramites.Circulo] INFO: Iniciando consulta Círculo de Crédito...
2026-07-06 06:11:05,697 [tramites.Circulo] INFO: Círculo completado en 0.0s
2026-07-06 06:11:05,747 [tramites.Buro] INFO: Iniciando consulta Buró de Crédito...
2026-07-06 06:11:05,747 [tramites.Buro] ERROR: Error en 0.0s: boom
2026-07-06 06:11:05,796 [tramites.CURP] INFO: Iniciando consulta...
2026-07-06 06:11:05,797 [tramites.CURP] INFO: Completado en 0.0s
2026-07-06 06:11:05,823 [tramites.CURP] INFO: Iniciando consulta...
2026-07-06 06:11:05,841 [tramites.CURP] INFO: Iniciando consulta...
2026-07-06 06:11:05,858 [tramites.NSS] INFO: Iniciando consulta para CURP GALJ****
2026-07-06 06:11:05,859 [tramites.NSS] INFO: Completado en 0.0s
2026-07-06 06:11:05,891 [tramites.TENENCIA] INFO: Consultando tenencia para placa ABC123
2026-07-06 06:11:05,892 [tramites.TENENCIA] INFO: Completado en 0.0s
2026-07-06 06:11:05,926 [tramites.ANTECEDENTES] INFO: Iniciando trámite para CURP GALJ****
2026-07-06 06:11:05,927 [tramites.ANTECEDENTES] INFO: Completado en 0.0s
2026-07-06 06:11:05,962 [tramites.ANTECEDENTES] INFO: Iniciando trámite para CURP GALJ****
2026-07-06 06:11:05,989 [tramites.CitaINE] INFO: Iniciando cita INE...
2026-07-06 06:11:05,990 [tramites.CitaINE] INFO: Cita INE completada en 0.0s
2026-07-06 06:11:06,030 [tramites.CitaSAT] INFO: Iniciando cita SAT...
2026-07-06 06:11:06,030 [tramites.CitaSAT] INFO: Cita SAT completada en 0.0s
2026-07-06 06:11:06,065 [tramites.ControlConfianza] INFO: Iniciando Control de Confianza...
2026-07-06 06:11:06,066 [tramites.ControlConfianza] INFO: Control de Confianza completado en 0.0s
2026-07-06 06:11:06,098 [tramites.Semanas] INFO: Iniciando consulta de semanas cotizadas...
2026-07-06 06:11:06,099 [tramites.Semanas] INFO: Semanas completadas en 0.0s
2026-07-06 06:11:06,131 [tramites.Semanas] INFO: Iniciando consulta de semanas cotizadas...
2026-07-06 06:11:06,132 [tramites.Semanas] ERROR: Error en 0.0s: boom
2026-07-06 06:11:06,150 [tramites.RFC] INFO: Iniciando consulta RFC...
2026-07-06 06:11:06,151 [tramites.RFC] INFO: RFC completado en 0.0s
2026-07-06 06:11:06,182 [tramites.ActaNacimiento] INFO: Iniciando consulta de Acta de Nacimiento...
2026-07-06 06:11:06,183 [tramites.ActaNacimiento] INFO: Acta completada en 0.0s
2026-07-06 06:11:06,219 [tramites.Pasaporte] INFO: Iniciando cita de pasaporte...
2026-07-06 06:11:06,220 [tramites.Pasaporte] INFO: Cita pasaporte completada en 0.0s
2026-07-06 06:12:24,361 [tramites.API] ERROR: Error en consulta CURP
Traceback (most recent call last):
  File "D:\automatizacion\src\api.py", line 222, in consultar_curp
    resultado = await modulo.consultar(curp=req.curp.upper())
                ^^^^^^^^^^^^^^^^^^^^^^^^^^^^^^^^^^^^^^^^^^^^^
  File "C:\Users\MK\AppData\Local\Programs\Python\Python314\Lib\unittest\mock.py", line 2333, in _execute_mock_call
    raise effect
Exception: Mocked module
2026-07-06 06:12:24,422 [tramites.API] ERROR: Error en consulta NSS
Traceback (most recent call last):
  File "D:\automatizacion\src\api.py", line 236, in consultar_nss
    resultado = await modulo.consultar(
                ^^^^^^^^^^^^^^^^^^^^^^^
        curp=req.curp.upper(), correo=req.correo
        ^^^^^^^^^^^^^^^^^^^^^^^^^^^^^^^^^^^^^^^^
    )
    ^
  File "C:\Users\MK\AppData\Local\Programs\Python\Python314\Lib\unittest\mock.py", line 2333, in _execute_mock_call
    raise effect
Exception: Mocked module
2026-07-06 06:12:38,445 [tramites.test_mod] INFO: hello
2026-07-06 06:12:38,455 [tramites.test_mod] ERROR: error!
2026-07-06 06:12:41,437 [tramites.Buro] INFO: Iniciando consulta Buró de Crédito...
2026-07-06 06:12:41,438 [tramites.Buro] INFO: Buró completado en 0.0s
2026-07-06 06:12:41,466 [tramites.Circulo] INFO: Iniciando consulta Círculo de Crédito...
2026-07-06 06:12:41,467 [tramites.Circulo] INFO: Círculo completado en 0.0s
2026-07-06 06:12:41,515 [tramites.Buro] INFO: Iniciando consulta Buró de Crédito...
2026-07-06 06:12:41,516 [tramites.Buro] ERROR: Error en 0.0s: boom
2026-07-06 06:12:41,561 [tramites.CURP] INFO: Iniciando consulta...
2026-07-06 06:12:41,561 [tramites.CURP] INFO: Completado en 0.0s
2026-07-06 06:12:41,587 [tramites.CURP] INFO: Iniciando consulta...
2026-07-06 06:12:41,604 [tramites.CURP] INFO: Iniciando consulta...
2026-07-06 06:12:41,620 [tramites.NSS] INFO: Iniciando consulta para CURP GALJ****
2026-07-06 06:12:41,621 [tramites.NSS] INFO: Completado en 0.0s
2026-07-06 06:12:41,650 [tramites.TENENCIA] INFO: Consultando tenencia para placa ABC123
2026-07-06 06:12:41,651 [tramites.TENENCIA] INFO: Completado en 0.0s
2026-07-06 06:12:41,681 [tramites.ANTECEDENTES] INFO: Iniciando trámite para CURP GALJ****
2026-07-06 06:12:41,681 [tramites.ANTECEDENTES] INFO: Completado en 0.0s
2026-07-06 06:12:41,714 [tramites.ANTECEDENTES] INFO: Iniciando trámite para CURP GALJ****
2026-07-06 06:12:41,730 [tramites.CitaINE] INFO: Iniciando cita INE...
2026-07-06 06:12:41,730 [tramites.CitaINE] INFO: Cita INE completada en 0.0s
2026-07-06 06:12:41,757 [tramites.CitaSAT] INFO: Iniciando cita SAT...
2026-07-06 06:12:41,757 [tramites.CitaSAT] INFO: Cita SAT completada en 0.0s
2026-07-06 06:12:41,789 [tramites.ControlConfianza] INFO: Iniciando Control de Confianza...
2026-07-06 06:12:41,789 [tramites.ControlConfianza] INFO: Control de Confianza completado en 0.0s
2026-07-06 06:12:41,817 [tramites.Semanas] INFO: Iniciando consulta de semanas cotizadas...
2026-07-06 06:12:41,818 [tramites.Semanas] INFO: Semanas completadas en 0.0s
2026-07-06 06:12:41,845 [tramites.Semanas] INFO: Iniciando consulta de semanas cotizadas...
2026-07-06 06:12:41,846 [tramites.Semanas] ERROR: Error en 0.0s: boom
2026-07-06 06:12:41,863 [tramites.RFC] INFO: Iniciando consulta RFC...
2026-07-06 06:12:41,864 [tramites.RFC] INFO: RFC completado en 0.0s
2026-07-06 06:12:41,894 [tramites.ActaNacimiento] INFO: Iniciando consulta de Acta de Nacimiento...
2026-07-06 06:12:41,895 [tramites.ActaNacimiento] INFO: Acta completada en 0.0s
2026-07-06 06:12:41,923 [tramites.Pasaporte] INFO: Iniciando cita de pasaporte...
2026-07-06 06:12:41,924 [tramites.Pasaporte] INFO: Cita pasaporte completada en 0.0s
2026-07-06 06:13:55,724 [tramites.API] ERROR: Error en consulta CURP
Traceback (most recent call last):
  File "D:\automatizacion\src\api.py", line 222, in consultar_curp
    resultado = await modulo.consultar(curp=req.curp.upper())
                ^^^^^^^^^^^^^^^^^^^^^^^^^^^^^^^^^^^^^^^^^^^^^
  File "C:\Users\MK\AppData\Local\Programs\Python\Python314\Lib\unittest\mock.py", line 2333, in _execute_mock_call
    raise effect
Exception: Mocked module
2026-07-06 06:13:55,788 [tramites.API] ERROR: Error en consulta NSS
Traceback (most recent call last):
  File "D:\automatizacion\src\api.py", line 236, in consultar_nss
    resultado = await modulo.consultar(
                ^^^^^^^^^^^^^^^^^^^^^^^
        curp=req.curp.upper(), correo=req.correo
        ^^^^^^^^^^^^^^^^^^^^^^^^^^^^^^^^^^^^^^^^
    )
    ^
  File "C:\Users\MK\AppData\Local\Programs\Python\Python314\Lib\unittest\mock.py", line 2333, in _execute_mock_call
    raise effect
Exception: Mocked module
2026-07-06 06:14:10,025 [tramites.test_mod] INFO: hello
2026-07-06 06:14:10,029 [tramites.test_mod] ERROR: error!
2026-07-06 06:14:12,969 [tramites.Buro] INFO: Iniciando consulta Buró de Crédito...
2026-07-06 06:14:12,970 [tramites.Buro] INFO: Buró completado en 0.0s
2026-07-06 06:14:12,986 [tramites.Circulo] INFO: Iniciando consulta Círculo de Crédito...
2026-07-06 06:14:12,987 [tramites.Circulo] INFO: Círculo completado en 0.0s
2026-07-06 06:14:13,041 [tramites.Buro] INFO: Iniciando consulta Buró de Crédito...
2026-07-06 06:14:13,042 [tramites.Buro] ERROR: Error en 0.0s: boom
2026-07-06 06:14:13,088 [tramites.CURP] INFO: Iniciando consulta...
2026-07-06 06:14:13,089 [tramites.CURP] INFO: Completado en 0.0s
2026-07-06 06:14:13,120 [tramites.CURP] INFO: Iniciando consulta...
2026-07-06 06:14:13,135 [tramites.CURP] INFO: Iniciando consulta...
2026-07-06 06:14:13,152 [tramites.NSS] INFO: Iniciando consulta para CURP GALJ****
2026-07-06 06:14:13,153 [tramites.NSS] INFO: Completado en 0.0s
2026-07-06 06:14:13,185 [tramites.TENENCIA] INFO: Consultando tenencia para placa ABC123
2026-07-06 06:14:13,185 [tramites.TENENCIA] INFO: Completado en 0.0s
2026-07-06 06:14:13,215 [tramites.ANTECEDENTES] INFO: Iniciando trámite para CURP GALJ****
2026-07-06 06:14:13,217 [tramites.ANTECEDENTES] INFO: Completado en 0.0s
2026-07-06 06:14:13,251 [tramites.ANTECEDENTES] INFO: Iniciando trámite para CURP GALJ****
2026-07-06 06:14:13,267 [tramites.CitaINE] INFO: Iniciando cita INE...
2026-07-06 06:14:13,268 [tramites.CitaINE] INFO: Cita INE completada en 0.0s
2026-07-06 06:14:13,294 [tramites.CitaSAT] INFO: Iniciando cita SAT...
2026-07-06 06:14:13,294 [tramites.CitaSAT] INFO: Cita SAT completada en 0.0s
2026-07-06 06:14:13,334 [tramites.ControlConfianza] INFO: Iniciando Control de Confianza...
2026-07-06 06:14:13,335 [tramites.ControlConfianza] INFO: Control de Confianza completado en 0.0s
2026-07-06 06:14:13,365 [tramites.Semanas] INFO: Iniciando consulta de semanas cotizadas...
2026-07-06 06:14:13,365 [tramites.Semanas] INFO: Semanas completadas en 0.0s
2026-07-06 06:14:13,393 [tramites.Semanas] INFO: Iniciando consulta de semanas cotizadas...
2026-07-06 06:14:13,394 [tramites.Semanas] ERROR: Error en 0.0s: boom
2026-07-06 06:14:13,411 [tramites.RFC] INFO: Iniciando consulta RFC...
2026-07-06 06:14:13,412 [tramites.RFC] INFO: RFC completado en 0.0s
2026-07-06 06:14:13,441 [tramites.ActaNacimiento] INFO: Iniciando consulta de Acta de Nacimiento...
2026-07-06 06:14:13,442 [tramites.ActaNacimiento] INFO: Acta completada en 0.0s
2026-07-06 06:14:13,470 [tramites.Pasaporte] INFO: Iniciando cita de pasaporte...
2026-07-06 06:14:13,471 [tramites.Pasaporte] INFO: Cita pasaporte completada en 0.0s
2026-07-06 06:16:04,869 [tramites.API] ERROR: Error en consulta CURP
Traceback (most recent call last):
  File "D:\automatizacion\src\api.py", line 222, in consultar_curp
    resultado = await modulo.consultar(curp=req.curp.upper())
                ^^^^^^^^^^^^^^^^^^^^^^^^^^^^^^^^^^^^^^^^^^^^^
  File "C:\Users\MK\AppData\Local\Programs\Python\Python314\Lib\unittest\mock.py", line 2333, in _execute_mock_call
    raise effect
Exception: Mocked module
2026-07-06 06:16:04,935 [tramites.API] ERROR: Error en consulta NSS
Traceback (most recent call last):
  File "D:\automatizacion\src\api.py", line 236, in consultar_nss
    resultado = await modulo.consultar(
                ^^^^^^^^^^^^^^^^^^^^^^^
        curp=req.curp.upper(), correo=req.correo
        ^^^^^^^^^^^^^^^^^^^^^^^^^^^^^^^^^^^^^^^^
    )
    ^
  File "C:\Users\MK\AppData\Local\Programs\Python\Python314\Lib\unittest\mock.py", line 2333, in _execute_mock_call
    raise effect
Exception: Mocked module
2026-07-06 06:16:19,331 [tramites.test_mod] INFO: hello
2026-07-06 06:16:19,336 [tramites.test_mod] ERROR: error!
2026-07-06 06:16:22,190 [tramites.Buro] INFO: Iniciando consulta Buró de Crédito...
2026-07-06 06:16:22,191 [tramites.Buro] INFO: Buró completado en 0.0s
2026-07-06 06:16:22,207 [tramites.Circulo] INFO: Iniciando consulta Círculo de Crédito...
2026-07-06 06:16:22,208 [tramites.Circulo] INFO: Círculo completado en 0.0s
2026-07-06 06:16:22,258 [tramites.Buro] INFO: Iniciando consulta Buró de Crédito...
2026-07-06 06:16:22,259 [tramites.Buro] ERROR: Error en 0.0s: boom
2026-07-06 06:16:22,300 [tramites.CURP] INFO: Iniciando consulta...
2026-07-06 06:16:22,300 [tramites.CURP] INFO: Completado en 0.0s
2026-07-06 06:16:22,325 [tramites.CURP] INFO: Iniciando consulta...
2026-07-06 06:16:22,343 [tramites.CURP] INFO: Iniciando consulta...
2026-07-06 06:16:22,361 [tramites.NSS] INFO: Iniciando consulta para CURP GALJ****
2026-07-06 06:16:22,361 [tramites.NSS] INFO: Completado en 0.0s
2026-07-06 06:16:22,389 [tramites.TENENCIA] INFO: Consultando tenencia para placa ABC123
2026-07-06 06:16:22,390 [tramites.TENENCIA] INFO: Completado en 0.0s
2026-07-06 06:16:22,417 [tramites.ANTECEDENTES] INFO: Iniciando trámite para CURP GALJ****
2026-07-06 06:16:22,418 [tramites.ANTECEDENTES] INFO: Completado en 0.0s
2026-07-06 06:16:22,449 [tramites.ANTECEDENTES] INFO: Iniciando trámite para CURP GALJ****
2026-07-06 06:16:22,464 [tramites.CitaINE] INFO: Iniciando cita INE...
2026-07-06 06:16:22,465 [tramites.CitaINE] INFO: Cita INE completada en 0.0s
2026-07-06 06:16:22,492 [tramites.CitaSAT] INFO: Iniciando cita SAT...
2026-07-06 06:16:22,492 [tramites.CitaSAT] INFO: Cita SAT completada en 0.0s
2026-07-06 06:16:22,524 [tramites.ControlConfianza] INFO: Iniciando Control de Confianza...
2026-07-06 06:16:22,524 [tramites.ControlConfianza] INFO: Control de Confianza completado en 0.0s
2026-07-06 06:16:22,556 [tramites.Semanas] INFO: Iniciando consulta de semanas cotizadas...
2026-07-06 06:16:22,557 [tramites.Semanas] INFO: Semanas completadas en 0.0s
2026-07-06 06:16:22,584 [tramites.Semanas] INFO: Iniciando consulta de semanas cotizadas...
2026-07-06 06:16:22,585 [tramites.Semanas] ERROR: Error en 0.0s: boom
2026-07-06 06:16:22,600 [tramites.RFC] INFO: Iniciando consulta RFC...
2026-07-06 06:16:22,600 [tramites.RFC] INFO: RFC completado en 0.0s
2026-07-06 06:16:22,632 [tramites.ActaNacimiento] INFO: Iniciando consulta de Acta de Nacimiento...
2026-07-06 06:16:22,633 [tramites.ActaNacimiento] INFO: Acta completada en 0.0s
2026-07-06 06:16:22,665 [tramites.Pasaporte] INFO: Iniciando cita de pasaporte...
2026-07-06 06:16:22,666 [tramites.Pasaporte] INFO: Cita pasaporte completada en 0.0s
2026-07-06 06:17:37,967 [tramites.API] ERROR: Error en consulta CURP
Traceback (most recent call last):
  File "D:\automatizacion\src\api.py", line 222, in consultar_curp
    resultado = await modulo.consultar(curp=req.curp.upper())
                ^^^^^^^^^^^^^^^^^^^^^^^^^^^^^^^^^^^^^^^^^^^^^
  File "C:\Users\MK\AppData\Local\Programs\Python\Python314\Lib\unittest\mock.py", line 2333, in _execute_mock_call
    raise effect
Exception: Mocked module
2026-07-06 06:17:38,034 [tramites.API] ERROR: Error en consulta NSS
Traceback (most recent call last):
  File "D:\automatizacion\src\api.py", line 236, in consultar_nss
    resultado = await modulo.consultar(
                ^^^^^^^^^^^^^^^^^^^^^^^
        curp=req.curp.upper(), correo=req.correo
        ^^^^^^^^^^^^^^^^^^^^^^^^^^^^^^^^^^^^^^^^
    )
    ^
  File "C:\Users\MK\AppData\Local\Programs\Python\Python314\Lib\unittest\mock.py", line 2333, in _execute_mock_call
    raise effect
Exception: Mocked module
2026-07-06 06:17:51,784 [tramites.test_mod] INFO: hello
2026-07-06 06:17:51,790 [tramites.test_mod] ERROR: error!
2026-07-06 06:17:54,744 [tramites.Buro] INFO: Iniciando consulta Buró de Crédito...
2026-07-06 06:17:54,745 [tramites.Buro] INFO: Buró completado en 0.0s
2026-07-06 06:17:54,764 [tramites.Circulo] INFO: Iniciando consulta Círculo de Crédito...
2026-07-06 06:17:54,766 [tramites.Circulo] INFO: Círculo completado en 0.0s
2026-07-06 06:17:54,825 [tramites.Buro] INFO: Iniciando consulta Buró de Crédito...
2026-07-06 06:17:54,826 [tramites.Buro] ERROR: Error en 0.0s: boom
2026-07-06 06:17:54,889 [tramites.CURP] INFO: Iniciando consulta...
2026-07-06 06:17:54,890 [tramites.CURP] INFO: Completado en 0.0s
2026-07-06 06:17:54,927 [tramites.CURP] INFO: Iniciando consulta...
2026-07-06 06:17:54,945 [tramites.CURP] INFO: Iniciando consulta...
2026-07-06 06:17:54,963 [tramites.NSS] INFO: Iniciando consulta para CURP GALJ****
2026-07-06 06:17:54,964 [tramites.NSS] INFO: Completado en 0.0s
2026-07-06 06:17:55,009 [tramites.TENENCIA] INFO: Consultando tenencia para placa ABC123
2026-07-06 06:17:55,010 [tramites.TENENCIA] INFO: Completado en 0.0s
2026-07-06 06:17:55,047 [tramites.ANTECEDENTES] INFO: Iniciando trámite para CURP GALJ****
2026-07-06 06:17:55,048 [tramites.ANTECEDENTES] INFO: Completado en 0.0s
2026-07-06 06:17:55,082 [tramites.ANTECEDENTES] INFO: Iniciando trámite para CURP GALJ****
2026-07-06 06:17:55,099 [tramites.CitaINE] INFO: Iniciando cita INE...
2026-07-06 06:17:55,099 [tramites.CitaINE] INFO: Cita INE completada en 0.0s
2026-07-06 06:17:55,128 [tramites.CitaSAT] INFO: Iniciando cita SAT...
2026-07-06 06:17:55,129 [tramites.CitaSAT] INFO: Cita SAT completada en 0.0s
2026-07-06 06:17:55,168 [tramites.ControlConfianza] INFO: Iniciando Control de Confianza...
2026-07-06 06:17:55,168 [tramites.ControlConfianza] INFO: Control de Confianza completado en 0.0s
2026-07-06 06:17:55,205 [tramites.Semanas] INFO: Iniciando consulta de semanas cotizadas...
2026-07-06 06:17:55,206 [tramites.Semanas] INFO: Semanas completadas en 0.0s
2026-07-06 06:17:55,244 [tramites.Semanas] INFO: Iniciando consulta de semanas cotizadas...
2026-07-06 06:17:55,244 [tramites.Semanas] ERROR: Error en 0.0s: boom
2026-07-06 06:17:55,261 [tramites.RFC] INFO: Iniciando consulta RFC...
2026-07-06 06:17:55,262 [tramites.RFC] INFO: RFC completado en 0.0s
2026-07-06 06:17:55,300 [tramites.ActaNacimiento] INFO: Iniciando consulta de Acta de Nacimiento...
2026-07-06 06:17:55,300 [tramites.ActaNacimiento] INFO: Acta completada en 0.0s
2026-07-06 06:17:55,334 [tramites.Pasaporte] INFO: Iniciando cita de pasaporte...
2026-07-06 06:17:55,335 [tramites.Pasaporte] INFO: Cita pasaporte completada en 0.0s
2026-07-06 06:19:16,509 [tramites.API] ERROR: Error en consulta CURP
Traceback (most recent call last):
  File "D:\automatizacion\src\api.py", line 222, in consultar_curp
    resultado = await modulo.consultar(curp=req.curp.upper())
                ^^^^^^^^^^^^^^^^^^^^^^^^^^^^^^^^^^^^^^^^^^^^^
  File "C:\Users\MK\AppData\Local\Programs\Python\Python314\Lib\unittest\mock.py", line 2333, in _execute_mock_call
    raise effect
Exception: Mocked module
2026-07-06 06:19:16,571 [tramites.API] ERROR: Error en consulta NSS
Traceback (most recent call last):
  File "D:\automatizacion\src\api.py", line 236, in consultar_nss
    resultado = await modulo.consultar(
                ^^^^^^^^^^^^^^^^^^^^^^^
        curp=req.curp.upper(), correo=req.correo
        ^^^^^^^^^^^^^^^^^^^^^^^^^^^^^^^^^^^^^^^^
    )
    ^
  File "C:\Users\MK\AppData\Local\Programs\Python\Python314\Lib\unittest\mock.py", line 2333, in _execute_mock_call
    raise effect
Exception: Mocked module
2026-07-06 06:19:32,390 [tramites.test_mod] INFO: hello
2026-07-06 06:19:32,396 [tramites.test_mod] ERROR: error!
2026-07-06 06:19:35,173 [tramites.Buro] INFO: Iniciando consulta Buró de Crédito...
2026-07-06 06:19:35,173 [tramites.Buro] INFO: Buró completado en 0.0s
2026-07-06 06:19:35,188 [tramites.Circulo] INFO: Iniciando consulta Círculo de Crédito...
2026-07-06 06:19:35,188 [tramites.Circulo] INFO: Círculo completado en 0.0s
2026-07-06 06:19:35,250 [tramites.Buro] INFO: Iniciando consulta Buró de Crédito...
2026-07-06 06:19:35,251 [tramites.Buro] ERROR: Error en 0.0s: boom
2026-07-06 06:19:35,307 [tramites.CURP] INFO: Iniciando consulta...
2026-07-06 06:19:35,308 [tramites.CURP] INFO: Completado en 0.0s
2026-07-06 06:19:35,346 [tramites.CURP] INFO: Iniciando consulta...
2026-07-06 06:19:35,364 [tramites.CURP] INFO: Iniciando consulta...
2026-07-06 06:19:35,385 [tramites.NSS] INFO: Iniciando consulta para CURP GALJ****
2026-07-06 06:19:35,386 [tramites.NSS] INFO: Completado en 0.0s
2026-07-06 06:19:35,423 [tramites.TENENCIA] INFO: Consultando tenencia para placa ABC123
2026-07-06 06:19:35,424 [tramites.TENENCIA] INFO: Completado en 0.0s
2026-07-06 06:19:35,452 [tramites.ANTECEDENTES] INFO: Iniciando trámite para CURP GALJ****
2026-07-06 06:19:35,452 [tramites.ANTECEDENTES] INFO: Completado en 0.0s
2026-07-06 06:19:35,478 [tramites.ANTECEDENTES] INFO: Iniciando trámite para CURP GALJ****
2026-07-06 06:19:35,490 [tramites.CitaINE] INFO: Iniciando cita INE...
2026-07-06 06:19:35,491 [tramites.CitaINE] INFO: Cita INE completada en 0.0s
2026-07-06 06:19:35,520 [tramites.CitaSAT] INFO: Iniciando cita SAT...
2026-07-06 06:19:35,520 [tramites.CitaSAT] INFO: Cita SAT completada en 0.0s
2026-07-06 06:19:35,553 [tramites.ControlConfianza] INFO: Iniciando Control de Confianza...
2026-07-06 06:19:35,554 [tramites.ControlConfianza] INFO: Control de Confianza completado en 0.0s
2026-07-06 06:19:35,578 [tramites.Semanas] INFO: Iniciando consulta de semanas cotizadas...
2026-07-06 06:19:35,579 [tramites.Semanas] INFO: Semanas completadas en 0.0s
2026-07-06 06:19:35,607 [tramites.Semanas] INFO: Iniciando consulta de semanas cotizadas...
2026-07-06 06:19:35,608 [tramites.Semanas] ERROR: Error en 0.0s: boom
2026-07-06 06:19:35,622 [tramites.RFC] INFO: Iniciando consulta RFC...
2026-07-06 06:19:35,623 [tramites.RFC] INFO: RFC completado en 0.0s
2026-07-06 06:19:35,651 [tramites.ActaNacimiento] INFO: Iniciando consulta de Acta de Nacimiento...
2026-07-06 06:19:35,651 [tramites.ActaNacimiento] INFO: Acta completada en 0.0s
2026-07-06 06:19:35,684 [tramites.Pasaporte] INFO: Iniciando cita de pasaporte...
2026-07-06 06:19:35,685 [tramites.Pasaporte] INFO: Cita pasaporte completada en 0.0s
2026-07-06 06:21:54,441 [tramites.Buro] INFO: Iniciando consulta Buró de Crédito...
2026-07-06 06:21:54,442 [tramites.Buro] INFO: Buró completado en 0.0s
2026-07-06 06:21:54,459 [tramites.Circulo] INFO: Iniciando consulta Círculo de Crédito...
2026-07-06 06:21:54,459 [tramites.Circulo] INFO: Círculo completado en 0.0s
2026-07-06 06:21:54,511 [tramites.Buro] INFO: Iniciando consulta Buró de Crédito...
2026-07-06 06:21:54,512 [tramites.Buro] ERROR: Error en 0.0s: boom
2026-07-06 06:21:54,558 [tramites.CURP] INFO: Iniciando consulta...
2026-07-06 06:21:54,558 [tramites.CURP] INFO: Completado en 0.0s
2026-07-06 06:21:54,584 [tramites.CURP] INFO: Iniciando consulta...
2026-07-06 06:21:54,601 [tramites.CURP] INFO: Iniciando consulta...
2026-07-06 06:21:54,617 [tramites.NSS] INFO: Iniciando consulta para CURP GALJ****
2026-07-06 06:21:54,617 [tramites.NSS] INFO: Completado en 0.0s
2026-07-06 06:21:54,652 [tramites.TENENCIA] INFO: Consultando tenencia para placa ABC123
2026-07-06 06:21:54,653 [tramites.TENENCIA] INFO: Completado en 0.0s
2026-07-06 06:21:54,688 [tramites.ANTECEDENTES] INFO: Iniciando trámite para CURP GALJ****
2026-07-06 06:21:54,689 [tramites.ANTECEDENTES] INFO: Completado en 0.0s
2026-07-06 06:21:54,725 [tramites.ANTECEDENTES] INFO: Iniciando trámite para CURP GALJ****
2026-07-06 06:21:54,747 [tramites.CitaINE] INFO: Iniciando cita INE...
2026-07-06 06:21:54,748 [tramites.CitaINE] INFO: Cita INE completada en 0.0s
2026-07-06 06:21:54,779 [tramites.CitaSAT] INFO: Iniciando cita SAT...
2026-07-06 06:21:54,779 [tramites.CitaSAT] INFO: Cita SAT completada en 0.0s
2026-07-06 06:21:54,813 [tramites.ControlConfianza] INFO: Iniciando Control de Confianza...
2026-07-06 06:21:54,813 [tramites.ControlConfianza] INFO: Control de Confianza completado en 0.0s
2026-07-06 06:21:54,851 [tramites.Semanas] INFO: Iniciando consulta de semanas cotizadas...
2026-07-06 06:21:54,851 [tramites.Semanas] INFO: Semanas completadas en 0.0s
2026-07-06 06:21:54,882 [tramites.Semanas] INFO: Iniciando consulta de semanas cotizadas...
2026-07-06 06:21:54,883 [tramites.Semanas] ERROR: Error en 0.0s: boom
2026-07-06 06:21:54,902 [tramites.RFC] INFO: Iniciando consulta RFC...
2026-07-06 06:21:54,903 [tramites.RFC] INFO: RFC completado en 0.0s
2026-07-06 06:21:54,942 [tramites.ActaNacimiento] INFO: Iniciando consulta de Acta de Nacimiento...
2026-07-06 06:21:54,943 [tramites.ActaNacimiento] INFO: Acta completada en 0.0s
2026-07-06 06:21:54,978 [tramites.Pasaporte] INFO: Iniciando cita de pasaporte...
2026-07-06 06:21:54,979 [tramites.Pasaporte] INFO: Cita pasaporte completada en 0.0s
2026-07-06 06:22:06,080 [tramites.API] ERROR: Error en consulta CURP
Traceback (most recent call last):
  File "D:\automatizacion\src\api.py", line 222, in consultar_curp
    resultado = await modulo.consultar(curp=req.curp.upper())
                ^^^^^^^^^^^^^^^^^^^^^^^^^^^^^^^^^^^^^^^^^^^^^
  File "C:\Users\MK\AppData\Local\Programs\Python\Python314\Lib\unittest\mock.py", line 2333, in _execute_mock_call
    raise effect
Exception: Mocked module
2026-07-06 06:22:06,143 [tramites.API] ERROR: Error en consulta NSS
Traceback (most recent call last):
  File "D:\automatizacion\src\api.py", line 236, in consultar_nss
    resultado = await modulo.consultar(
                ^^^^^^^^^^^^^^^^^^^^^^^
        curp=req.curp.upper(), correo=req.correo
        ^^^^^^^^^^^^^^^^^^^^^^^^^^^^^^^^^^^^^^^^
    )
    ^
  File "C:\Users\MK\AppData\Local\Programs\Python\Python314\Lib\unittest\mock.py", line 2333, in _execute_mock_call
    raise effect
Exception: Mocked module
2026-07-06 06:23:36,920 [tramites.API] ERROR: Error en consulta CURP
Traceback (most recent call last):
  File "D:\automatizacion\src\api.py", line 222, in consultar_curp
    resultado = await modulo.consultar(curp=req.curp.upper())
                ^^^^^^^^^^^^^^^^^^^^^^^^^^^^^^^^^^^^^^^^^^^^^
  File "C:\Users\MK\AppData\Local\Programs\Python\Python314\Lib\unittest\mock.py", line 2333, in _execute_mock_call
    raise effect
Exception: Mocked module
2026-07-06 06:23:36,979 [tramites.API] ERROR: Error en consulta NSS
Traceback (most recent call last):
  File "D:\automatizacion\src\api.py", line 236, in consultar_nss
    resultado = await modulo.consultar(
                ^^^^^^^^^^^^^^^^^^^^^^^
        curp=req.curp.upper(), correo=req.correo
        ^^^^^^^^^^^^^^^^^^^^^^^^^^^^^^^^^^^^^^^^
    )
    ^
  File "C:\Users\MK\AppData\Local\Programs\Python\Python314\Lib\unittest\mock.py", line 2333, in _execute_mock_call
    raise effect
Exception: Mocked module
2026-07-06 06:23:50,800 [tramites.test_mod] INFO: hello
2026-07-06 06:23:50,804 [tramites.test_mod] ERROR: error!
2026-07-06 06:23:54,600 [tramites.Buro] INFO: Iniciando consulta Buró de Crédito...
2026-07-06 06:23:54,601 [tramites.Buro] INFO: Buró completado en 0.0s
2026-07-06 06:23:54,618 [tramites.Circulo] INFO: Iniciando consulta Círculo de Crédito...
2026-07-06 06:23:54,619 [tramites.Circulo] INFO: Círculo completado en 0.0s
2026-07-06 06:23:54,670 [tramites.Buro] INFO: Iniciando consulta Buró de Crédito...
2026-07-06 06:23:54,671 [tramites.Buro] ERROR: Error en 0.0s: boom
2026-07-06 06:23:54,713 [tramites.CURP] INFO: Iniciando consulta...
2026-07-06 06:23:54,713 [tramites.CURP] INFO: Completado en 0.0s
2026-07-06 06:23:54,742 [tramites.CURP] INFO: Iniciando consulta...
2026-07-06 06:23:54,759 [tramites.CURP] INFO: Iniciando consulta...
2026-07-06 06:23:54,777 [tramites.NSS] INFO: Iniciando consulta para CURP GALJ****
2026-07-06 06:23:54,778 [tramites.NSS] INFO: Completado en 0.0s
2026-07-06 06:23:54,815 [tramites.TENENCIA] INFO: Consultando tenencia para placa ABC123
2026-07-06 06:23:54,815 [tramites.TENENCIA] INFO: Completado en 0.0s
2026-07-06 06:23:54,845 [tramites.ANTECEDENTES] INFO: Iniciando trámite para CURP GALJ****
2026-07-06 06:23:54,846 [tramites.ANTECEDENTES] INFO: Completado en 0.0s
2026-07-06 06:23:54,892 [tramites.ANTECEDENTES] INFO: Iniciando trámite para CURP GALJ****
2026-07-06 06:23:54,918 [tramites.CitaINE] INFO: Iniciando cita INE...
2026-07-06 06:23:54,919 [tramites.CitaINE] INFO: Cita INE completada en 0.0s
2026-07-06 06:23:54,957 [tramites.CitaSAT] INFO: Iniciando cita SAT...
2026-07-06 06:23:54,957 [tramites.CitaSAT] INFO: Cita SAT completada en 0.0s
2026-07-06 06:23:54,998 [tramites.ControlConfianza] INFO: Iniciando Control de Confianza...
2026-07-06 06:23:54,999 [tramites.ControlConfianza] INFO: Control de Confianza completado en 0.0s
2026-07-06 06:23:55,033 [tramites.Semanas] INFO: Iniciando consulta de semanas cotizadas...
2026-07-06 06:23:55,034 [tramites.Semanas] INFO: Semanas completadas en 0.0s
2026-07-06 06:23:55,063 [tramites.Semanas] INFO: Iniciando consulta de semanas cotizadas...
2026-07-06 06:23:55,063 [tramites.Semanas] ERROR: Error en 0.0s: boom
2026-07-06 06:23:55,083 [tramites.RFC] INFO: Iniciando consulta RFC...
2026-07-06 06:23:55,084 [tramites.RFC] INFO: RFC completado en 0.0s
2026-07-06 06:23:55,120 [tramites.ActaNacimiento] INFO: Iniciando consulta de Acta de Nacimiento...
2026-07-06 06:23:55,121 [tramites.ActaNacimiento] INFO: Acta completada en 0.0s
2026-07-06 06:23:55,155 [tramites.Pasaporte] INFO: Iniciando cita de pasaporte...
2026-07-06 06:23:55,156 [tramites.Pasaporte] INFO: Cita pasaporte completada en 0.0s
2026-07-06 06:25:09,529 [tramites.test_mod] INFO: hello
2026-07-06 06:25:09,534 [tramites.test_mod] ERROR: error!
2026-07-06 06:25:41,482 [tramites.API] ERROR: Error en consulta CURP
Traceback (most recent call last):
  File "D:\automatizacion\src\api.py", line 222, in consultar_curp
    resultado = await modulo.consultar(curp=req.curp.upper())
                ^^^^^^^^^^^^^^^^^^^^^^^^^^^^^^^^^^^^^^^^^^^^^
  File "C:\Users\MK\AppData\Local\Programs\Python\Python314\Lib\unittest\mock.py", line 2333, in _execute_mock_call
    raise effect
Exception: Mocked module
2026-07-06 06:25:41,543 [tramites.API] ERROR: Error en consulta NSS
Traceback (most recent call last):
  File "D:\automatizacion\src\api.py", line 236, in consultar_nss
    resultado = await modulo.consultar(
                ^^^^^^^^^^^^^^^^^^^^^^^
        curp=req.curp.upper(), correo=req.correo
        ^^^^^^^^^^^^^^^^^^^^^^^^^^^^^^^^^^^^^^^^
    )
    ^
  File "C:\Users\MK\AppData\Local\Programs\Python\Python314\Lib\unittest\mock.py", line 2333, in _execute_mock_call
    raise effect
Exception: Mocked module
2026-07-06 06:25:57,137 [tramites.CURP] INFO: Iniciando consulta...
2026-07-06 06:25:57,138 [tramites.CURP] INFO: Completado en 0.0s
2026-07-06 06:25:57,169 [tramites.CURP] INFO: Iniciando consulta...
2026-07-06 06:25:57,186 [tramites.CURP] INFO: Iniciando consulta...
2026-07-06 06:25:57,204 [tramites.NSS] INFO: Iniciando consulta para CURP GALJ****
2026-07-06 06:25:57,205 [tramites.NSS] INFO: Completado en 0.0s
2026-07-06 06:25:57,235 [tramites.TENENCIA] INFO: Consultando tenencia para placa ABC123
2026-07-06 06:25:57,235 [tramites.TENENCIA] INFO: Completado en 0.0s
2026-07-06 06:25:57,267 [tramites.ANTECEDENTES] INFO: Iniciando trámite para CURP GALJ****
2026-07-06 06:25:57,267 [tramites.ANTECEDENTES] INFO: Completado en 0.0s
2026-07-06 06:25:57,294 [tramites.ANTECEDENTES] INFO: Iniciando trámite para CURP GALJ****
2026-07-06 06:25:57,309 [tramites.CitaINE] INFO: Iniciando cita INE...
2026-07-06 06:25:57,309 [tramites.CitaINE] INFO: Cita INE completada en 0.0s
2026-07-06 06:25:57,336 [tramites.CitaSAT] INFO: Iniciando cita SAT...
2026-07-06 06:25:57,337 [tramites.CitaSAT] INFO: Cita SAT completada en 0.0s
2026-07-06 06:25:57,373 [tramites.ControlConfianza] INFO: Iniciando Control de Confianza...
2026-07-06 06:25:57,373 [tramites.ControlConfianza] INFO: Control de Confianza completado en 0.0s
2026-07-06 06:25:57,403 [tramites.Buro] INFO: Iniciando consulta Buró de Crédito...
2026-07-06 06:25:57,403 [tramites.Buro] INFO: Buró completado en 0.0s
2026-07-06 06:25:57,422 [tramites.Circulo] INFO: Iniciando consulta Círculo de Crédito...
2026-07-06 06:25:57,422 [tramites.Circulo] INFO: Círculo completado en 0.0s
2026-07-06 06:25:57,470 [tramites.Buro] INFO: Iniciando consulta Buró de Crédito...
2026-07-06 06:25:57,470 [tramites.Buro] ERROR: Error en 0.0s: boom
2026-07-06 06:25:57,509 [tramites.Semanas] INFO: Iniciando consulta de semanas cotizadas...
2026-07-06 06:25:57,510 [tramites.Semanas] INFO: Semanas completadas en 0.0s
2026-07-06 06:25:57,537 [tramites.Semanas] INFO: Iniciando consulta de semanas cotizadas...
2026-07-06 06:25:57,537 [tramites.Semanas] ERROR: Error en 0.0s: boom
2026-07-06 06:25:57,552 [tramites.RFC] INFO: Iniciando consulta RFC...
2026-07-06 06:25:57,553 [tramites.RFC] INFO: RFC completado en 0.0s
2026-07-06 06:25:57,581 [tramites.ActaNacimiento] INFO: Iniciando consulta de Acta de Nacimiento...
2026-07-06 06:25:57,582 [tramites.ActaNacimiento] INFO: Acta completada en 0.0s
2026-07-06 06:25:57,609 [tramites.Pasaporte] INFO: Iniciando cita de pasaporte...
2026-07-06 06:25:57,609 [tramites.Pasaporte] INFO: Cita pasaporte completada en 0.0s
2026-07-06 06:26:42,475 [tramites.test_mod] INFO: hello
2026-07-06 06:26:42,479 [tramites.test_mod] ERROR: error!
2026-07-06 06:30:10,252 [tramites.API] ERROR: Error en consulta CURP
Traceback (most recent call last):
  File "D:\automatizacion\src\api.py", line 222, in consultar_curp
    resultado = await modulo.consultar(curp=req.curp.upper())
                ^^^^^^^^^^^^^^^^^^^^^^^^^^^^^^^^^^^^^^^^^^^^^
  File "C:\Users\MK\AppData\Local\Programs\Python\Python314\Lib\unittest\mock.py", line 2333, in _execute_mock_call
    raise effect
Exception: Mocked module
2026-07-06 06:30:10,312 [tramites.API] ERROR: Error en consulta NSS
Traceback (most recent call last):
  File "D:\automatizacion\src\api.py", line 236, in consultar_nss
    resultado = await modulo.consultar(
                ^^^^^^^^^^^^^^^^^^^^^^^
        curp=req.curp.upper(), correo=req.correo
        ^^^^^^^^^^^^^^^^^^^^^^^^^^^^^^^^^^^^^^^^
    )
    ^
  File "C:\Users\MK\AppData\Local\Programs\Python\Python314\Lib\unittest\mock.py", line 2333, in _execute_mock_call
    raise effect
Exception: Mocked module
2026-07-06 06:30:25,212 [tramites.CURP] INFO: Iniciando consulta...
2026-07-06 06:30:25,213 [tramites.CURP] INFO: Completado en 0.0s
2026-07-06 06:30:25,248 [tramites.CURP] INFO: Iniciando consulta...
2026-07-06 06:30:25,269 [tramites.CURP] INFO: Iniciando consulta...
2026-07-06 06:30:25,292 [tramites.NSS] INFO: Iniciando consulta para CURP GALJ****
2026-07-06 06:30:25,293 [tramites.NSS] INFO: Completado en 0.0s
2026-07-06 06:30:25,325 [tramites.TENENCIA] INFO: Consultando tenencia para placa ABC123
2026-07-06 06:30:25,326 [tramites.TENENCIA] INFO: Completado en 0.0s
2026-07-06 06:30:25,360 [tramites.ANTECEDENTES] INFO: Iniciando trámite para CURP GALJ****
2026-07-06 06:30:25,361 [tramites.ANTECEDENTES] INFO: Completado en 0.0s
2026-07-06 06:30:25,395 [tramites.ANTECEDENTES] INFO: Iniciando trámite para CURP GALJ****
2026-07-06 06:30:25,411 [tramites.CitaINE] INFO: Iniciando cita INE...
2026-07-06 06:30:25,412 [tramites.CitaINE] INFO: Cita INE completada en 0.0s
2026-07-06 06:30:25,442 [tramites.CitaSAT] INFO: Iniciando cita SAT...
2026-07-06 06:30:25,443 [tramites.CitaSAT] INFO: Cita SAT completada en 0.0s
2026-07-06 06:30:25,476 [tramites.ControlConfianza] INFO: Iniciando Control de Confianza...
2026-07-06 06:30:25,476 [tramites.ControlConfianza] INFO: Control de Confianza completado en 0.0s
2026-07-06 06:30:25,504 [tramites.Buro] INFO: Iniciando consulta Buró de Crédito...
2026-07-06 06:30:25,505 [tramites.Buro] INFO: Buró completado en 0.0s
2026-07-06 06:30:25,521 [tramites.Circulo] INFO: Iniciando consulta Círculo de Crédito...
2026-07-06 06:30:25,522 [tramites.Circulo] INFO: Círculo completado en 0.0s
2026-07-06 06:30:25,572 [tramites.Buro] INFO: Iniciando consulta Buró de Crédito...
2026-07-06 06:30:25,573 [tramites.Buro] ERROR: Error en 0.0s: boom
2026-07-06 06:30:25,614 [tramites.Semanas] INFO: Iniciando consulta de semanas cotizadas...
2026-07-06 06:30:25,616 [tramites.Semanas] INFO: Semanas completadas en 0.0s
2026-07-06 06:30:25,646 [tramites.Semanas] INFO: Iniciando consulta de semanas cotizadas...
2026-07-06 06:30:25,646 [tramites.Semanas] ERROR: Error en 0.0s: boom
2026-07-06 06:30:25,666 [tramites.RFC] INFO: Iniciando consulta RFC...
2026-07-06 06:30:25,666 [tramites.RFC] INFO: RFC completado en 0.0s
2026-07-06 06:30:25,693 [tramites.ActaNacimiento] INFO: Iniciando consulta de Acta de Nacimiento...
2026-07-06 06:30:25,693 [tramites.ActaNacimiento] INFO: Acta completada en 0.0s
2026-07-06 06:30:25,724 [tramites.Pasaporte] INFO: Iniciando cita de pasaporte...
2026-07-06 06:30:25,724 [tramites.Pasaporte] INFO: Cita pasaporte completada en 0.0s
2026-07-06 06:31:09,936 [tramites.test_mod] INFO: hello
2026-07-06 06:31:09,940 [tramites.test_mod] ERROR: error!
2026-07-08 12:44:54,493 [tramites.API] ERROR: Error en consulta CURP
Traceback (most recent call last):
  File "D:\automatizacion\src\api.py", line 247, in consultar_curp
    resultado = await modulo.consultar(curp=req.curp.upper())
                ^^^^^^^^^^^^^^^^^^^^^^^^^^^^^^^^^^^^^^^^^^^^^
  File "C:\Users\MK\AppData\Local\Programs\Python\Python314\Lib\unittest\mock.py", line 2333, in _execute_mock_call
    raise effect
Exception: Mocked module
2026-07-08 12:44:54,561 [tramites.API] ERROR: Error en consulta NSS
Traceback (most recent call last):
  File "D:\automatizacion\src\api.py", line 261, in consultar_nss
    resultado = await modulo.consultar(
                ^^^^^^^^^^^^^^^^^^^^^^^
        curp=req.curp.upper(), correo=req.correo
        ^^^^^^^^^^^^^^^^^^^^^^^^^^^^^^^^^^^^^^^^
    )
    ^
  File "C:\Users\MK\AppData\Local\Programs\Python\Python314\Lib\unittest\mock.py", line 2333, in _execute_mock_call
    raise effect
Exception: Mocked module
2026-07-08 12:45:52,298 [tramites.API] ERROR: Error en consulta CURP
Traceback (most recent call last):
  File "D:\automatizacion\src\api.py", line 247, in consultar_curp
    resultado = await modulo.consultar(curp=req.curp.upper())
                ^^^^^^^^^^^^^^^^^^^^^^^^^^^^^^^^^^^^^^^^^^^^^
  File "C:\Users\MK\AppData\Local\Programs\Python\Python314\Lib\unittest\mock.py", line 2333, in _execute_mock_call
    raise effect
Exception: Mocked module
2026-07-08 12:45:52,337 [tramites.API] ERROR: Error en consulta NSS
Traceback (most recent call last):
  File "D:\automatizacion\src\api.py", line 261, in consultar_nss
    resultado = await modulo.consultar(
                ^^^^^^^^^^^^^^^^^^^^^^^
        curp=req.curp.upper(), correo=req.correo
        ^^^^^^^^^^^^^^^^^^^^^^^^^^^^^^^^^^^^^^^^
    )
    ^
  File "C:\Users\MK\AppData\Local\Programs\Python\Python314\Lib\unittest\mock.py", line 2333, in _execute_mock_call
    raise effect
Exception: Mocked module
2026-07-08 12:46:42,812 [tramites.API] ERROR: Error en consulta CURP
Traceback (most recent call last):
  File "D:\automatizacion\src\api.py", line 247, in consultar_curp
    resultado = await modulo.consultar(curp=req.curp.upper())
                ^^^^^^^^^^^^^^^^^^^^^^^^^^^^^^^^^^^^^^^^^^^^^
  File "C:\Users\MK\AppData\Local\Programs\Python\Python314\Lib\unittest\mock.py", line 2333, in _execute_mock_call
    raise effect
Exception: Mocked module
2026-07-08 12:46:42,851 [tramites.API] ERROR: Error en consulta NSS
Traceback (most recent call last):
  File "D:\automatizacion\src\api.py", line 261, in consultar_nss
    resultado = await modulo.consultar(
                ^^^^^^^^^^^^^^^^^^^^^^^
        curp=req.curp.upper(), correo=req.correo
        ^^^^^^^^^^^^^^^^^^^^^^^^^^^^^^^^^^^^^^^^
    )
    ^
  File "C:\Users\MK\AppData\Local\Programs\Python\Python314\Lib\unittest\mock.py", line 2333, in _execute_mock_call
    raise effect
Exception: Mocked module
2026-07-08 12:47:54,402 [tramites.API] ERROR: Error en consulta CURP
Traceback (most recent call last):
  File "D:\automatizacion\src\api.py", line 247, in consultar_curp
    resultado = await modulo.consultar(curp=req.curp.upper())
                ^^^^^^^^^^^^^^^^^^^^^^^^^^^^^^^^^^^^^^^^^^^^^
  File "C:\Users\MK\AppData\Local\Programs\Python\Python314\Lib\unittest\mock.py", line 2333, in _execute_mock_call
    raise effect
Exception: Mocked module
2026-07-08 12:47:54,434 [tramites.API] ERROR: Error en consulta NSS
Traceback (most recent call last):
  File "D:\automatizacion\src\api.py", line 261, in consultar_nss
    resultado = await modulo.consultar(
                ^^^^^^^^^^^^^^^^^^^^^^^
        curp=req.curp.upper(), correo=req.correo
        ^^^^^^^^^^^^^^^^^^^^^^^^^^^^^^^^^^^^^^^^
    )
    ^
  File "C:\Users\MK\AppData\Local\Programs\Python\Python314\Lib\unittest\mock.py", line 2333, in _execute_mock_call
    raise effect
Exception: Mocked module
2026-07-08 12:47:58,939 [tramites.test_mod] INFO: hello
2026-07-08 12:47:58,943 [tramites.test_mod] ERROR: error!
2026-07-08 12:48:00,249 [tramites.Buro] INFO: Iniciando consulta Buró de Crédito...
2026-07-08 12:48:09,661 [tramites.Buro] INFO: Iniciando consulta Buró de Crédito...
2026-07-08 12:48:50,858 [tramites.API] ERROR: Error en consulta CURP
Traceback (most recent call last):
  File "D:\automatizacion\src\api.py", line 247, in consultar_curp
    resultado = await modulo.consultar(curp=req.curp.upper())
                ^^^^^^^^^^^^^^^^^^^^^^^^^^^^^^^^^^^^^^^^^^^^^
  File "C:\Users\MK\AppData\Local\Programs\Python\Python314\Lib\unittest\mock.py", line 2333, in _execute_mock_call
    raise effect
Exception: Mocked module
2026-07-08 12:48:50,897 [tramites.API] ERROR: Error en consulta NSS
Traceback (most recent call last):
  File "D:\automatizacion\src\api.py", line 261, in consultar_nss
    resultado = await modulo.consultar(
                ^^^^^^^^^^^^^^^^^^^^^^^
        curp=req.curp.upper(), correo=req.correo
        ^^^^^^^^^^^^^^^^^^^^^^^^^^^^^^^^^^^^^^^^
    )
    ^
  File "C:\Users\MK\AppData\Local\Programs\Python\Python314\Lib\unittest\mock.py", line 2333, in _execute_mock_call
    raise effect
Exception: Mocked module
2026-07-08 12:48:55,332 [tramites.test_mod] INFO: hello
2026-07-08 12:48:55,334 [tramites.test_mod] ERROR: error!
2026-07-08 12:48:56,431 [tramites.Buro] INFO: Iniciando consulta Buró de Crédito...
2026-07-08 12:48:56,431 [tramites.Buro] INFO: Buró completado en 0.0s
2026-07-08 12:48:56,441 [tramites.Circulo] INFO: Iniciando consulta Círculo de Crédito...
2026-07-08 12:48:56,442 [tramites.Circulo] INFO: Círculo completado en 0.0s
2026-07-08 12:48:56,466 [tramites.Buro] INFO: Iniciando consulta Buró de Crédito...
2026-07-08 12:48:56,467 [tramites.Buro] ERROR: Error en 0.0s: boom
2026-07-08 12:48:56,490 [tramites.CURP] INFO: Iniciando consulta...
2026-07-08 12:49:11,263 [tramites.CURP] INFO: Iniciando consulta...
2026-07-08 12:50:09,635 [tramites.API] ERROR: Error en consulta CURP
Traceback (most recent call last):
  File "D:\automatizacion\src\api.py", line 247, in consultar_curp
    resultado = await modulo.consultar(curp=req.curp.upper())
                ^^^^^^^^^^^^^^^^^^^^^^^^^^^^^^^^^^^^^^^^^^^^^
  File "C:\Users\MK\AppData\Local\Programs\Python\Python314\Lib\unittest\mock.py", line 2333, in _execute_mock_call
    raise effect
Exception: Mocked module
2026-07-08 12:50:09,669 [tramites.API] ERROR: Error en consulta NSS
Traceback (most recent call last):
  File "D:\automatizacion\src\api.py", line 261, in consultar_nss
    resultado = await modulo.consultar(
                ^^^^^^^^^^^^^^^^^^^^^^^
        curp=req.curp.upper(), correo=req.correo
        ^^^^^^^^^^^^^^^^^^^^^^^^^^^^^^^^^^^^^^^^
    )
    ^
  File "C:\Users\MK\AppData\Local\Programs\Python\Python314\Lib\unittest\mock.py", line 2333, in _execute_mock_call
    raise effect
Exception: Mocked module
2026-07-08 12:50:14,036 [tramites.test_mod] INFO: hello
2026-07-08 12:50:14,038 [tramites.test_mod] ERROR: error!
2026-07-08 12:50:15,070 [tramites.Buro] INFO: Iniciando consulta Buró de Crédito...
2026-07-08 12:50:15,070 [tramites.Buro] INFO: Buró completado en 0.0s
2026-07-08 12:50:15,082 [tramites.Circulo] INFO: Iniciando consulta Círculo de Crédito...
2026-07-08 12:50:15,083 [tramites.Circulo] INFO: Círculo completado en 0.0s
2026-07-08 12:50:15,110 [tramites.Buro] INFO: Iniciando consulta Buró de Crédito...
2026-07-08 12:50:15,111 [tramites.Buro] ERROR: Error en 0.0s: boom
2026-07-08 12:50:15,136 [tramites.CURP] INFO: Iniciando consulta...
2026-07-08 12:50:15,137 [tramites.CURP] INFO: Completado en 0.0s
2026-07-08 12:50:15,150 [tramites.CURP] INFO: Iniciando consulta...
2026-07-08 12:50:15,157 [tramites.CURP] INFO: Iniciando consulta...
2026-07-08 12:50:15,166 [tramites.NSS] INFO: Iniciando consulta para CURP GALJ****
2026-07-08 12:50:15,166 [tramites.NSS] INFO: Completado en 0.0s
2026-07-08 12:50:15,186 [tramites.TENENCIA] INFO: Consultando tenencia para placa ABC123
2026-07-08 12:50:15,187 [tramites.TENENCIA] INFO: Completado en 0.0s
2026-07-08 12:50:15,209 [tramites.ANTECEDENTES] INFO: Iniciando trámite para CURP GALJ****
2026-07-08 12:50:15,209 [tramites.ANTECEDENTES] INFO: Completado en 0.0s
2026-07-08 12:50:15,228 [tramites.ANTECEDENTES] INFO: Iniciando trámite para CURP GALJ****
2026-07-08 12:50:15,236 [tramites.CitaINE] INFO: Iniciando cita INE...
2026-07-08 12:50:15,236 [tramites.CitaINE] INFO: Cita INE completada en 0.0s
2026-07-08 12:50:15,258 [tramites.CitaSAT] INFO: Iniciando cita SAT...
2026-07-08 12:50:15,259 [tramites.CitaSAT] INFO: Cita SAT completada en 0.0s
2026-07-08 12:50:15,275 [tramites.ControlConfianza] INFO: Iniciando Control de Confianza...
2026-07-08 12:50:15,275 [tramites.ControlConfianza] INFO: Control de Confianza completado en 0.0s
2026-07-08 12:50:15,289 [tramites.Semanas] INFO: Iniciando consulta de semanas cotizadas...
2026-07-08 12:50:15,290 [tramites.Semanas] INFO: Semanas completadas en 0.0s
2026-07-08 12:50:15,304 [tramites.Semanas] INFO: Iniciando consulta de semanas cotizadas...
2026-07-08 12:50:15,304 [tramites.Semanas] ERROR: Error en 0.0s: boom
2026-07-08 12:50:15,316 [tramites.RFC] INFO: Iniciando consulta RFC...
2026-07-08 12:50:15,316 [tramites.RFC] INFO: RFC completado en 0.0s
2026-07-08 12:50:15,330 [tramites.ActaNacimiento] INFO: Iniciando consulta de Acta de Nacimiento...
2026-07-08 12:50:15,330 [tramites.ActaNacimiento] INFO: Acta completada en 0.0s
2026-07-08 12:50:15,345 [tramites.Pasaporte] INFO: Iniciando cita de pasaporte...
2026-07-08 12:50:15,345 [tramites.Pasaporte] INFO: Cita pasaporte completada en 0.0s
2026-07-08 12:51:04,025 [tramites.API] ERROR: Error en consulta CURP
Traceback (most recent call last):
  File "D:\automatizacion\src\api.py", line 247, in consultar_curp
    resultado = await modulo.consultar(curp=req.curp.upper())
                ^^^^^^^^^^^^^^^^^^^^^^^^^^^^^^^^^^^^^^^^^^^^^
  File "C:\Users\MK\AppData\Local\Programs\Python\Python314\Lib\unittest\mock.py", line 2333, in _execute_mock_call
    raise effect
Exception: Mocked module
2026-07-08 12:51:04,060 [tramites.API] ERROR: Error en consulta NSS
Traceback (most recent call last):
  File "D:\automatizacion\src\api.py", line 261, in consultar_nss
    resultado = await modulo.consultar(
                ^^^^^^^^^^^^^^^^^^^^^^^
        curp=req.curp.upper(), correo=req.correo
        ^^^^^^^^^^^^^^^^^^^^^^^^^^^^^^^^^^^^^^^^
    )
    ^
  File "C:\Users\MK\AppData\Local\Programs\Python\Python314\Lib\unittest\mock.py", line 2333, in _execute_mock_call
    raise effect
Exception: Mocked module
2026-07-08 12:51:08,472 [tramites.test_mod] INFO: hello
2026-07-08 12:51:08,473 [tramites.test_mod] ERROR: error!
2026-07-08 12:51:09,583 [tramites.Buro] INFO: Iniciando consulta Buró de Crédito...
2026-07-08 12:51:09,583 [tramites.Buro] INFO: Buró completado en 0.0s
2026-07-08 12:51:09,594 [tramites.Circulo] INFO: Iniciando consulta Círculo de Crédito...
2026-07-08 12:51:09,594 [tramites.Circulo] INFO: Círculo completado en 0.0s
2026-07-08 12:51:09,624 [tramites.Buro] INFO: Iniciando consulta Buró de Crédito...
2026-07-08 12:51:09,624 [tramites.Buro] ERROR: Error en 0.0s: boom
2026-07-08 12:51:09,648 [tramites.CURP] INFO: Iniciando consulta...
2026-07-08 12:51:09,649 [tramites.CURP] INFO: Completado en 0.0s
2026-07-08 12:51:09,666 [tramites.CURP] INFO: Iniciando consulta...
2026-07-08 12:51:09,677 [tramites.CURP] INFO: Iniciando consulta...
2026-07-08 12:51:09,687 [tramites.NSS] INFO: Iniciando consulta para CURP GALJ****
2026-07-08 12:51:09,688 [tramites.NSS] INFO: Completado en 0.0s
2026-07-08 12:51:09,706 [tramites.TENENCIA] INFO: Consultando tenencia para placa ABC123
2026-07-08 12:51:09,707 [tramites.TENENCIA] INFO: Completado en 0.0s
2026-07-08 12:51:09,724 [tramites.ANTECEDENTES] INFO: Iniciando trámite para CURP GALJ****
2026-07-08 12:51:09,725 [tramites.ANTECEDENTES] INFO: Completado en 0.0s
2026-07-08 12:51:09,742 [tramites.ANTECEDENTES] INFO: Iniciando trámite para CURP GALJ****
2026-07-08 12:51:09,752 [tramites.CitaINE] INFO: Iniciando cita INE...
2026-07-08 12:51:09,753 [tramites.CitaINE] INFO: Cita INE completada en 0.0s
2026-07-08 12:51:09,768 [tramites.CitaSAT] INFO: Iniciando cita SAT...
2026-07-08 12:51:09,769 [tramites.CitaSAT] INFO: Cita SAT completada en 0.0s
2026-07-08 12:51:09,783 [tramites.ControlConfianza] INFO: Iniciando Control de Confianza...
2026-07-08 12:51:09,783 [tramites.ControlConfianza] INFO: Control de Confianza completado en 0.0s
2026-07-08 12:51:09,797 [tramites.Semanas] INFO: Iniciando consulta de semanas cotizadas...
2026-07-08 12:51:09,798 [tramites.Semanas] INFO: Semanas completadas en 0.0s
2026-07-08 12:51:09,815 [tramites.Semanas] INFO: Iniciando consulta de semanas cotizadas...
2026-07-08 12:51:09,816 [tramites.Semanas] ERROR: Error en 0.0s: boom
2026-07-08 12:51:09,823 [tramites.RFC] INFO: Iniciando consulta RFC...
2026-07-08 12:51:09,824 [tramites.RFC] INFO: RFC completado en 0.0s
2026-07-08 12:51:09,837 [tramites.ActaNacimiento] INFO: Iniciando consulta de Acta de Nacimiento...
2026-07-08 12:51:09,837 [tramites.ActaNacimiento] INFO: Acta completada en 0.0s
2026-07-08 12:51:09,853 [tramites.Pasaporte] INFO: Iniciando cita de pasaporte...
2026-07-08 12:51:09,854 [tramites.Pasaporte] INFO: Cita pasaporte completada en 0.0s
2026-07-08 12:51:57,754 [tramites.API] ERROR: Error en consulta CURP
Traceback (most recent call last):
  File "D:\automatizacion\src\api.py", line 247, in consultar_curp
    resultado = await modulo.consultar(curp=req.curp.upper())
                ^^^^^^^^^^^^^^^^^^^^^^^^^^^^^^^^^^^^^^^^^^^^^
  File "C:\Users\MK\AppData\Local\Programs\Python\Python314\Lib\unittest\mock.py", line 2333, in _execute_mock_call
    raise effect
Exception: Mocked module
2026-07-08 12:51:57,789 [tramites.API] ERROR: Error en consulta NSS
Traceback (most recent call last):
  File "D:\automatizacion\src\api.py", line 261, in consultar_nss
    resultado = await modulo.consultar(
                ^^^^^^^^^^^^^^^^^^^^^^^
        curp=req.curp.upper(), correo=req.correo
        ^^^^^^^^^^^^^^^^^^^^^^^^^^^^^^^^^^^^^^^^
    )
    ^
  File "C:\Users\MK\AppData\Local\Programs\Python\Python314\Lib\unittest\mock.py", line 2333, in _execute_mock_call
    raise effect
Exception: Mocked module
2026-07-08 12:52:02,201 [tramites.test_mod] INFO: hello
2026-07-08 12:52:02,203 [tramites.test_mod] ERROR: error!
2026-07-08 12:52:03,234 [tramites.Buro] INFO: Iniciando consulta Buró de Crédito...
2026-07-08 12:52:03,235 [tramites.Buro] INFO: Buró completado en 0.0s
2026-07-08 12:52:03,244 [tramites.Circulo] INFO: Iniciando consulta Círculo de Crédito...
2026-07-08 12:52:03,244 [tramites.Circulo] INFO: Círculo completado en 0.0s
2026-07-08 12:52:03,274 [tramites.Buro] INFO: Iniciando consulta Buró de Crédito...
2026-07-08 12:52:03,275 [tramites.Buro] ERROR: Error en 0.0s: boom
2026-07-08 12:52:03,300 [tramites.CURP] INFO: Iniciando consulta...
2026-07-08 12:52:03,300 [tramites.CURP] INFO: Completado en 0.0s
2026-07-08 12:52:03,316 [tramites.CURP] INFO: Iniciando consulta...
2026-07-08 12:52:03,326 [tramites.CURP] INFO: Iniciando consulta...
2026-07-08 12:52:03,336 [tramites.NSS] INFO: Iniciando consulta para CURP GALJ****
2026-07-08 12:52:03,336 [tramites.NSS] INFO: Completado en 0.0s
2026-07-08 12:52:03,351 [tramites.TENENCIA] INFO: Consultando tenencia para placa ABC123
2026-07-08 12:52:03,352 [tramites.TENENCIA] INFO: Completado en 0.0s
2026-07-08 12:52:03,369 [tramites.ANTECEDENTES] INFO: Iniciando trámite para CURP GALJ****
2026-07-08 12:52:03,370 [tramites.ANTECEDENTES] INFO: Completado en 0.0s
2026-07-08 12:52:03,385 [tramites.ANTECEDENTES] INFO: Iniciando trámite para CURP GALJ****
2026-07-08 12:52:03,393 [tramites.CitaINE] INFO: Iniciando cita INE...
2026-07-08 12:52:03,393 [tramites.CitaINE] INFO: Cita INE completada en 0.0s
2026-07-08 12:52:03,408 [tramites.CitaSAT] INFO: Iniciando cita SAT...
2026-07-08 12:52:03,408 [tramites.CitaSAT] INFO: Cita SAT completada en 0.0s
2026-07-08 12:52:03,428 [tramites.ControlConfianza] INFO: Iniciando Control de Confianza...
2026-07-08 12:52:03,429 [tramites.ControlConfianza] INFO: Control de Confianza completado en 0.0s
2026-07-08 12:52:03,447 [tramites.Semanas] INFO: Iniciando consulta de semanas cotizadas...
2026-07-08 12:52:03,447 [tramites.Semanas] INFO: Semanas completadas en 0.0s
2026-07-08 12:52:03,461 [tramites.Semanas] INFO: Iniciando consulta de semanas cotizadas...
2026-07-08 12:52:03,461 [tramites.Semanas] ERROR: Error en 0.0s: boom
2026-07-08 12:52:03,469 [tramites.RFC] INFO: Iniciando consulta RFC...
2026-07-08 12:52:03,469 [tramites.RFC] INFO: RFC completado en 0.0s
2026-07-08 12:52:03,483 [tramites.ActaNacimiento] INFO: Iniciando consulta de Acta de Nacimiento...
2026-07-08 12:52:03,484 [tramites.ActaNacimiento] INFO: Acta completada en 0.0s
2026-07-08 12:52:03,502 [tramites.Pasaporte] INFO: Iniciando cita de pasaporte...
2026-07-08 12:52:03,502 [tramites.Pasaporte] INFO: Cita pasaporte completada en 0.0s
2026-07-08 12:52:53,326 [tramites.API] ERROR: Error en consulta CURP
Traceback (most recent call last):
  File "D:\automatizacion\src\api.py", line 247, in consultar_curp
    resultado = await modulo.consultar(curp=req.curp.upper())
                ^^^^^^^^^^^^^^^^^^^^^^^^^^^^^^^^^^^^^^^^^^^^^
  File "C:\Users\MK\AppData\Local\Programs\Python\Python314\Lib\unittest\mock.py", line 2333, in _execute_mock_call
    raise effect
Exception: Mocked module
2026-07-08 12:52:53,359 [tramites.API] ERROR: Error en consulta NSS
Traceback (most recent call last):
  File "D:\automatizacion\src\api.py", line 261, in consultar_nss
    resultado = await modulo.consultar(
                ^^^^^^^^^^^^^^^^^^^^^^^
        curp=req.curp.upper(), correo=req.correo
        ^^^^^^^^^^^^^^^^^^^^^^^^^^^^^^^^^^^^^^^^
    )
    ^
  File "C:\Users\MK\AppData\Local\Programs\Python\Python314\Lib\unittest\mock.py", line 2333, in _execute_mock_call
    raise effect
Exception: Mocked module
2026-07-08 12:52:57,765 [tramites.test_mod] INFO: hello
2026-07-08 12:52:57,767 [tramites.test_mod] ERROR: error!
2026-07-08 12:52:58,795 [tramites.Buro] INFO: Iniciando consulta Buró de Crédito...
2026-07-08 12:52:58,795 [tramites.Buro] INFO: Buró completado en 0.0s
2026-07-08 12:52:58,803 [tramites.Circulo] INFO: Iniciando consulta Círculo de Crédito...
2026-07-08 12:52:58,804 [tramites.Circulo] INFO: Círculo completado en 0.0s
2026-07-08 12:52:58,827 [tramites.Buro] INFO: Iniciando consulta Buró de Crédito...
2026-07-08 12:52:58,827 [tramites.Buro] ERROR: Error en 0.0s: boom
2026-07-08 12:52:58,847 [tramites.CURP] INFO: Iniciando consulta...
2026-07-08 12:52:58,847 [tramites.CURP] INFO: Completado en 0.0s
2026-07-08 12:52:58,860 [tramites.CURP] INFO: Iniciando consulta...
2026-07-08 12:52:58,870 [tramites.CURP] INFO: Iniciando consulta...
2026-07-08 12:52:58,880 [tramites.NSS] INFO: Iniciando consulta para CURP GALJ****
2026-07-08 12:52:58,881 [tramites.NSS] INFO: Completado en 0.0s
2026-07-08 12:52:58,896 [tramites.TENENCIA] INFO: Consultando tenencia para placa ABC123
2026-07-08 12:52:58,897 [tramites.TENENCIA] INFO: Completado en 0.0s
2026-07-08 12:52:58,911 [tramites.ANTECEDENTES] INFO: Iniciando trámite para CURP GALJ****
2026-07-08 12:52:58,911 [tramites.ANTECEDENTES] INFO: Completado en 0.0s
2026-07-08 12:52:58,927 [tramites.ANTECEDENTES] INFO: Iniciando trámite para CURP GALJ****
2026-07-08 12:52:58,935 [tramites.CitaINE] INFO: Iniciando cita INE...
2026-07-08 12:52:58,936 [tramites.CitaINE] INFO: Cita INE completada en 0.0s
2026-07-08 12:52:58,949 [tramites.CitaSAT] INFO: Iniciando cita SAT...
2026-07-08 12:52:58,950 [tramites.CitaSAT] INFO: Cita SAT completada en 0.0s
2026-07-08 12:52:58,965 [tramites.ControlConfianza] INFO: Iniciando Control de Confianza...
2026-07-08 12:52:58,965 [tramites.ControlConfianza] INFO: Control de Confianza completado en 0.0s
2026-07-08 12:52:58,981 [tramites.Semanas] INFO: Iniciando consulta de semanas cotizadas...
2026-07-08 12:52:58,981 [tramites.Semanas] INFO: Semanas completadas en 0.0s
2026-07-08 12:52:58,994 [tramites.Semanas] INFO: Iniciando consulta de semanas cotizadas...
2026-07-08 12:52:58,995 [tramites.Semanas] ERROR: Error en 0.0s: boom
2026-07-08 12:52:59,002 [tramites.RFC] INFO: Iniciando consulta RFC...
2026-07-08 12:52:59,002 [tramites.RFC] INFO: RFC completado en 0.0s
2026-07-08 12:52:59,021 [tramites.ActaNacimiento] INFO: Iniciando consulta de Acta de Nacimiento...
2026-07-08 12:52:59,021 [tramites.ActaNacimiento] INFO: Acta completada en 0.0s
2026-07-08 12:52:59,041 [tramites.Pasaporte] INFO: Iniciando cita de pasaporte...
2026-07-08 12:52:59,042 [tramites.Pasaporte] INFO: Cita pasaporte completada en 0.0s
2026-07-08 13:23:04,814 [tramites.API] ERROR: Error en consulta CURP
Traceback (most recent call last):
  File "D:\automatizacion\src\api.py", line 246, in consultar_curp
    resultado = await modulo.consultar(curp=req.curp.upper())
                ^^^^^^^^^^^^^^^^^^^^^^^^^^^^^^^^^^^^^^^^^^^^^
  File "C:\Users\MK\AppData\Local\Programs\Python\Python314\Lib\unittest\mock.py", line 2333, in _execute_mock_call
    raise effect
Exception: Mocked module
2026-07-08 13:23:04,855 [tramites.API] ERROR: Error en consulta NSS
Traceback (most recent call last):
  File "D:\automatizacion\src\api.py", line 260, in consultar_nss
    resultado = await modulo.consultar(
                ^^^^^^^^^^^^^^^^^^^^^^^
        curp=req.curp.upper(), correo=req.correo
        ^^^^^^^^^^^^^^^^^^^^^^^^^^^^^^^^^^^^^^^^
    )
    ^
  File "C:\Users\MK\AppData\Local\Programs\Python\Python314\Lib\unittest\mock.py", line 2333, in _execute_mock_call
    raise effect
Exception: Mocked module
2026-07-08 13:23:16,491 [tramites.test_mod] INFO: hello
2026-07-08 13:23:16,497 [tramites.test_mod] ERROR: error!
2026-07-08 13:23:18,802 [tramites.Buro] INFO: Iniciando consulta Buró de Crédito...
2026-07-08 13:23:18,802 [tramites.Buro] INFO: Buró completado en 0.0s
2026-07-08 13:23:18,817 [tramites.Circulo] INFO: Iniciando consulta Círculo de Crédito...
2026-07-08 13:23:18,817 [tramites.Circulo] INFO: Círculo completado en 0.0s
2026-07-08 13:23:18,862 [tramites.Buro] INFO: Iniciando consulta Buró de Crédito...
2026-07-08 13:23:18,862 [tramites.Buro] ERROR: Error en 0.0s: boom
2026-07-08 13:23:18,902 [tramites.CURP] INFO: Iniciando consulta...
2026-07-08 13:23:18,903 [tramites.CURP] INFO: Completado en 0.0s
2026-07-08 13:23:18,930 [tramites.CURP] INFO: Iniciando consulta...
2026-07-08 13:23:18,945 [tramites.CURP] INFO: Iniciando consulta...
2026-07-08 13:23:18,960 [tramites.NSS] INFO: Iniciando consulta para CURP GALJ****
2026-07-08 13:23:18,961 [tramites.NSS] INFO: Completado en 0.0s
2026-07-08 13:23:18,992 [tramites.TENENCIA] INFO: Consultando tenencia para placa ABC123
2026-07-08 13:23:18,993 [tramites.TENENCIA] INFO: Completado en 0.0s
2026-07-08 13:23:19,022 [tramites.ANTECEDENTES] INFO: Iniciando trámite para CURP GALJ****
2026-07-08 13:23:19,023 [tramites.ANTECEDENTES] INFO: Completado en 0.0s
2026-07-08 13:23:19,047 [tramites.ANTECEDENTES] INFO: Iniciando trámite para CURP GALJ****
2026-07-08 13:23:19,061 [tramites.CitaINE] INFO: Iniciando cita INE...
2026-07-08 13:23:19,061 [tramites.CitaINE] INFO: Cita INE completada en 0.0s
2026-07-08 13:23:19,089 [tramites.CitaSAT] INFO: Iniciando cita SAT...
2026-07-08 13:23:19,090 [tramites.CitaSAT] INFO: Cita SAT completada en 0.0s
2026-07-08 13:23:19,115 [tramites.ControlConfianza] INFO: Iniciando Control de Confianza...
2026-07-08 13:23:19,116 [tramites.ControlConfianza] INFO: Control de Confianza completado en 0.0s
2026-07-08 13:23:19,147 [tramites.Semanas] INFO: Iniciando consulta de semanas cotizadas...
2026-07-08 13:23:19,148 [tramites.Semanas] INFO: Semanas completadas en 0.0s
2026-07-08 13:23:19,178 [tramites.Semanas] INFO: Iniciando consulta de semanas cotizadas...
2026-07-08 13:23:19,179 [tramites.Semanas] ERROR: Error en 0.0s: boom
2026-07-08 13:23:19,199 [tramites.RFC] INFO: Iniciando consulta RFC...
2026-07-08 13:23:19,199 [tramites.RFC] INFO: RFC completado en 0.0s
2026-07-08 13:23:19,229 [tramites.ActaNacimiento] INFO: Iniciando consulta de Acta de Nacimiento...
2026-07-08 13:23:19,230 [tramites.ActaNacimiento] INFO: Acta completada en 0.0s
2026-07-08 13:23:19,266 [tramites.Pasaporte] INFO: Iniciando cita de pasaporte...
2026-07-08 13:23:19,267 [tramites.Pasaporte] INFO: Cita pasaporte completada en 0.0s
2026-07-08 13:24:32,938 [tramites.API] ERROR: Error en consulta CURP
Traceback (most recent call last):
  File "D:\automatizacion\src\api.py", line 246, in consultar_curp
    resultado = await modulo.consultar(curp=req.curp.upper())
                ^^^^^^^^^^^^^^^^^^^^^^^^^^^^^^^^^^^^^^^^^^^^^
  File "C:\Users\MK\AppData\Local\Programs\Python\Python314\Lib\unittest\mock.py", line 2333, in _execute_mock_call
    raise effect
Exception: Mocked module
2026-07-08 13:24:32,993 [tramites.API] ERROR: Error en consulta NSS
Traceback (most recent call last):
  File "D:\automatizacion\src\api.py", line 260, in consultar_nss
    resultado = await modulo.consultar(
                ^^^^^^^^^^^^^^^^^^^^^^^
        curp=req.curp.upper(), correo=req.correo
        ^^^^^^^^^^^^^^^^^^^^^^^^^^^^^^^^^^^^^^^^
    )
    ^
  File "C:\Users\MK\AppData\Local\Programs\Python\Python314\Lib\unittest\mock.py", line 2333, in _execute_mock_call
    raise effect
Exception: Mocked module
2026-07-08 13:24:45,165 [tramites.test_mod] INFO: hello
2026-07-08 13:24:45,171 [tramites.test_mod] ERROR: error!
2026-07-08 13:24:46,951 [tramites.Buro] INFO: Iniciando consulta Buró de Crédito...
2026-07-08 13:24:46,951 [tramites.Buro] INFO: Buró completado en 0.0s
2026-07-08 13:24:46,964 [tramites.Circulo] INFO: Iniciando consulta Círculo de Crédito...
2026-07-08 13:24:46,965 [tramites.Circulo] INFO: Círculo completado en 0.0s
2026-07-08 13:24:47,007 [tramites.Buro] INFO: Iniciando consulta Buró de Crédito...
2026-07-08 13:24:47,008 [tramites.Buro] ERROR: Error en 0.0s: boom
2026-07-08 13:24:47,046 [tramites.CURP] INFO: Iniciando consulta...
2026-07-08 13:24:47,047 [tramites.CURP] INFO: Completado en 0.0s
2026-07-08 13:24:47,069 [tramites.CURP] INFO: Iniciando consulta...
2026-07-08 13:24:47,083 [tramites.CURP] INFO: Iniciando consulta...
2026-07-08 13:24:47,098 [tramites.NSS] INFO: Iniciando consulta para CURP GALJ****
2026-07-08 13:24:47,099 [tramites.NSS] INFO: Completado en 0.0s
2026-07-08 13:24:47,130 [tramites.TENENCIA] INFO: Consultando tenencia para placa ABC123
2026-07-08 13:24:47,131 [tramites.TENENCIA] INFO: Completado en 0.0s
2026-07-08 13:24:47,157 [tramites.ANTECEDENTES] INFO: Iniciando trámite para CURP GALJ****
2026-07-08 13:24:47,158 [tramites.ANTECEDENTES] INFO: Completado en 0.0s
2026-07-08 13:24:47,185 [tramites.ANTECEDENTES] INFO: Iniciando trámite para CURP GALJ****
2026-07-08 13:24:47,198 [tramites.CitaINE] INFO: Iniciando cita INE...
2026-07-08 13:24:47,198 [tramites.CitaINE] INFO: Cita INE completada en 0.0s
2026-07-08 13:24:47,233 [tramites.CitaSAT] INFO: Iniciando cita SAT...
2026-07-08 13:24:47,234 [tramites.CitaSAT] INFO: Cita SAT completada en 0.0s
2026-07-08 13:24:47,264 [tramites.ControlConfianza] INFO: Iniciando Control de Confianza...
2026-07-08 13:24:47,265 [tramites.ControlConfianza] INFO: Control de Confianza completado en 0.0s
2026-07-08 13:24:47,294 [tramites.Semanas] INFO: Iniciando consulta de semanas cotizadas...
2026-07-08 13:24:47,295 [tramites.Semanas] INFO: Semanas completadas en 0.0s
2026-07-08 13:24:47,320 [tramites.Semanas] INFO: Iniciando consulta de semanas cotizadas...
2026-07-08 13:24:47,321 [tramites.Semanas] ERROR: Error en 0.0s: boom
2026-07-08 13:24:47,336 [tramites.RFC] INFO: Iniciando consulta RFC...
2026-07-08 13:24:47,337 [tramites.RFC] INFO: RFC completado en 0.0s
2026-07-08 13:24:47,364 [tramites.ActaNacimiento] INFO: Iniciando consulta de Acta de Nacimiento...
2026-07-08 13:24:47,364 [tramites.ActaNacimiento] INFO: Acta completada en 0.0s
2026-07-08 13:24:47,390 [tramites.Pasaporte] INFO: Iniciando cita de pasaporte...
2026-07-08 13:24:47,390 [tramites.Pasaporte] INFO: Cita pasaporte completada en 0.0s
2026-07-08 13:26:03,878 [tramites.API] ERROR: Error en consulta CURP
Traceback (most recent call last):
  File "D:\automatizacion\src\api.py", line 246, in consultar_curp
    resultado = await modulo.consultar(curp=req.curp.upper())
                ^^^^^^^^^^^^^^^^^^^^^^^^^^^^^^^^^^^^^^^^^^^^^
  File "C:\Users\MK\AppData\Local\Programs\Python\Python314\Lib\unittest\mock.py", line 2333, in _execute_mock_call
    raise effect
Exception: Mocked module
2026-07-08 13:26:03,925 [tramites.API] ERROR: Error en consulta NSS
Traceback (most recent call last):
  File "D:\automatizacion\src\api.py", line 260, in consultar_nss
    resultado = await modulo.consultar(
                ^^^^^^^^^^^^^^^^^^^^^^^
        curp=req.curp.upper(), correo=req.correo
        ^^^^^^^^^^^^^^^^^^^^^^^^^^^^^^^^^^^^^^^^
    )
    ^
  File "C:\Users\MK\AppData\Local\Programs\Python\Python314\Lib\unittest\mock.py", line 2333, in _execute_mock_call
    raise effect
Exception: Mocked module
2026-07-08 13:26:16,410 [tramites.test_mod] INFO: hello
2026-07-08 13:26:16,415 [tramites.test_mod] ERROR: error!
2026-07-08 13:26:17,920 [tramites.Buro] INFO: Iniciando consulta Buró de Crédito...
2026-07-08 13:26:17,920 [tramites.Buro] INFO: Buró completado en 0.0s
2026-07-08 13:26:17,931 [tramites.Circulo] INFO: Iniciando consulta Círculo de Crédito...
2026-07-08 13:26:17,932 [tramites.Circulo] INFO: Círculo completado en 0.0s
2026-07-08 13:26:17,962 [tramites.Buro] INFO: Iniciando consulta Buró de Crédito...
2026-07-08 13:26:17,963 [tramites.Buro] ERROR: Error en 0.0s: boom
2026-07-08 13:26:17,986 [tramites.CURP] INFO: Iniciando consulta...
2026-07-08 13:26:17,987 [tramites.CURP] INFO: Completado en 0.0s
2026-07-08 13:26:18,006 [tramites.CURP] INFO: Iniciando consulta...
2026-07-08 13:26:18,016 [tramites.CURP] INFO: Iniciando consulta...
2026-07-08 13:26:18,025 [tramites.NSS] INFO: Iniciando consulta para CURP GALJ****
2026-07-08 13:26:18,026 [tramites.NSS] INFO: Completado en 0.0s
2026-07-08 13:26:18,044 [tramites.TENENCIA] INFO: Consultando tenencia para placa ABC123
2026-07-08 13:26:18,044 [tramites.TENENCIA] INFO: Completado en 0.0s
2026-07-08 13:26:18,063 [tramites.ANTECEDENTES] INFO: Iniciando trámite para CURP GALJ****
2026-07-08 13:26:18,063 [tramites.ANTECEDENTES] INFO: Completado en 0.0s
2026-07-08 13:26:18,078 [tramites.ANTECEDENTES] INFO: Iniciando trámite para CURP GALJ****
2026-07-08 13:26:18,087 [tramites.CitaINE] INFO: Iniciando cita INE...
2026-07-08 13:26:18,087 [tramites.CitaINE] INFO: Cita INE completada en 0.0s
2026-07-08 13:26:18,106 [tramites.CitaSAT] INFO: Iniciando cita SAT...
2026-07-08 13:26:18,107 [tramites.CitaSAT] INFO: Cita SAT completada en 0.0s
2026-07-08 13:26:18,126 [tramites.ControlConfianza] INFO: Iniciando Control de Confianza...
2026-07-08 13:26:18,127 [tramites.ControlConfianza] INFO: Control de Confianza completado en 0.0s
2026-07-08 13:26:18,146 [tramites.Semanas] INFO: Iniciando consulta de semanas cotizadas...
2026-07-08 13:26:18,146 [tramites.Semanas] INFO: Semanas completadas en 0.0s
2026-07-08 13:26:18,161 [tramites.Semanas] INFO: Iniciando consulta de semanas cotizadas...
2026-07-08 13:26:18,161 [tramites.Semanas] ERROR: Error en 0.0s: boom
2026-07-08 13:26:18,172 [tramites.RFC] INFO: Iniciando consulta RFC...
2026-07-08 13:26:18,172 [tramites.RFC] INFO: RFC completado en 0.0s
2026-07-08 13:26:18,192 [tramites.ActaNacimiento] INFO: Iniciando consulta de Acta de Nacimiento...
2026-07-08 13:26:18,193 [tramites.ActaNacimiento] INFO: Acta completada en 0.0s
2026-07-08 13:26:18,210 [tramites.Pasaporte] INFO: Iniciando cita de pasaporte...
2026-07-08 13:26:18,210 [tramites.Pasaporte] INFO: Cita pasaporte completada en 0.0s
2026-07-08 13:27:20,059 [tramites.API] ERROR: Error en consulta CURP
Traceback (most recent call last):
  File "D:\automatizacion\src\api.py", line 246, in consultar_curp
    resultado = await modulo.consultar(curp=req.curp.upper())
                ^^^^^^^^^^^^^^^^^^^^^^^^^^^^^^^^^^^^^^^^^^^^^
  File "C:\Users\MK\AppData\Local\Programs\Python\Python314\Lib\unittest\mock.py", line 2333, in _execute_mock_call
    raise effect
Exception: Mocked module
2026-07-08 13:27:20,121 [tramites.API] ERROR: Error en consulta NSS
Traceback (most recent call last):
  File "D:\automatizacion\src\api.py", line 260, in consultar_nss
    resultado = await modulo.consultar(
                ^^^^^^^^^^^^^^^^^^^^^^^
        curp=req.curp.upper(), correo=req.correo
        ^^^^^^^^^^^^^^^^^^^^^^^^^^^^^^^^^^^^^^^^
    )
    ^
  File "C:\Users\MK\AppData\Local\Programs\Python\Python314\Lib\unittest\mock.py", line 2333, in _execute_mock_call
    raise effect
Exception: Mocked module
2026-07-08 13:27:31,953 [tramites.test_mod] INFO: hello
2026-07-08 13:27:31,956 [tramites.test_mod] ERROR: error!
2026-07-08 13:27:34,093 [tramites.Buro] INFO: Iniciando consulta Buró de Crédito...
2026-07-08 13:27:34,094 [tramites.Buro] INFO: Buró completado en 0.0s
2026-07-08 13:27:34,112 [tramites.Circulo] INFO: Iniciando consulta Círculo de Crédito...
2026-07-08 13:27:34,113 [tramites.Circulo] INFO: Círculo completado en 0.0s
2026-07-08 13:27:34,155 [tramites.Buro] INFO: Iniciando consulta Buró de Crédito...
2026-07-08 13:27:34,156 [tramites.Buro] ERROR: Error en 0.0s: boom
2026-07-08 13:27:34,199 [tramites.CURP] INFO: Iniciando consulta...
2026-07-08 13:27:34,199 [tramites.CURP] INFO: Completado en 0.0s
2026-07-08 13:27:34,230 [tramites.CURP] INFO: Iniciando consulta...
2026-07-08 13:27:34,250 [tramites.CURP] INFO: Iniciando consulta...
2026-07-08 13:27:34,269 [tramites.NSS] INFO: Iniciando consulta para CURP GALJ****
2026-07-08 13:27:34,269 [tramites.NSS] INFO: Completado en 0.0s
2026-07-08 13:27:34,302 [tramites.TENENCIA] INFO: Consultando tenencia para placa ABC123
2026-07-08 13:27:34,303 [tramites.TENENCIA] INFO: Completado en 0.0s
2026-07-08 13:27:34,337 [tramites.ANTECEDENTES] INFO: Iniciando trámite para CURP GALJ****
2026-07-08 13:27:34,338 [tramites.ANTECEDENTES] INFO: Completado en 0.0s
2026-07-08 13:27:34,372 [tramites.ANTECEDENTES] INFO: Iniciando trámite para CURP GALJ****
2026-07-08 13:27:34,391 [tramites.CitaINE] INFO: Iniciando cita INE...
2026-07-08 13:27:34,392 [tramites.CitaINE] INFO: Cita INE completada en 0.0s
2026-07-08 13:27:34,425 [tramites.CitaSAT] INFO: Iniciando cita SAT...
2026-07-08 13:27:34,426 [tramites.CitaSAT] INFO: Cita SAT completada en 0.0s
2026-07-08 13:27:34,462 [tramites.ControlConfianza] INFO: Iniciando Control de Confianza...
2026-07-08 13:27:34,462 [tramites.ControlConfianza] INFO: Control de Confianza completado en 0.0s
2026-07-08 13:27:34,494 [tramites.Semanas] INFO: Iniciando consulta de semanas cotizadas...
2026-07-08 13:27:34,495 [tramites.Semanas] INFO: Semanas completadas en 0.0s
2026-07-08 13:27:34,522 [tramites.Semanas] INFO: Iniciando consulta de semanas cotizadas...
2026-07-08 13:27:34,523 [tramites.Semanas] ERROR: Error en 0.0s: boom
2026-07-08 13:27:34,539 [tramites.RFC] INFO: Iniciando consulta RFC...
2026-07-08 13:27:34,539 [tramites.RFC] INFO: RFC completado en 0.0s
2026-07-08 13:27:34,572 [tramites.ActaNacimiento] INFO: Iniciando consulta de Acta de Nacimiento...
2026-07-08 13:27:34,573 [tramites.ActaNacimiento] INFO: Acta completada en 0.0s
2026-07-08 13:27:34,607 [tramites.Pasaporte] INFO: Iniciando cita de pasaporte...
2026-07-08 13:27:34,608 [tramites.Pasaporte] INFO: Cita pasaporte completada en 0.0s
2026-07-08 13:29:01,816 [tramites.API] ERROR: Error en consulta CURP
Traceback (most recent call last):
  File "D:\automatizacion\src\api.py", line 246, in consultar_curp
    resultado = await modulo.consultar(curp=req.curp.upper())
                ^^^^^^^^^^^^^^^^^^^^^^^^^^^^^^^^^^^^^^^^^^^^^
  File "C:\Users\MK\AppData\Local\Programs\Python\Python314\Lib\unittest\mock.py", line 2333, in _execute_mock_call
    raise effect
Exception: Mocked module
2026-07-08 13:29:01,860 [tramites.API] ERROR: Error en consulta NSS
Traceback (most recent call last):
  File "D:\automatizacion\src\api.py", line 260, in consultar_nss
    resultado = await modulo.consultar(
                ^^^^^^^^^^^^^^^^^^^^^^^
        curp=req.curp.upper(), correo=req.correo
        ^^^^^^^^^^^^^^^^^^^^^^^^^^^^^^^^^^^^^^^^
    )
    ^
  File "C:\Users\MK\AppData\Local\Programs\Python\Python314\Lib\unittest\mock.py", line 2333, in _execute_mock_call
    raise effect
Exception: Mocked module
2026-07-08 13:29:20,370 [tramites.test_mod] INFO: hello
2026-07-08 13:29:20,376 [tramites.test_mod] ERROR: error!
2026-07-08 13:29:28,361 [tramites.Buro] INFO: Iniciando consulta Buró de Crédito...
2026-07-08 13:29:28,362 [tramites.Buro] INFO: Buró completado en 0.0s
2026-07-08 13:29:28,387 [tramites.Circulo] INFO: Iniciando consulta Círculo de Crédito...
2026-07-08 13:29:28,388 [tramites.Circulo] INFO: Círculo completado en 0.0s
2026-07-08 13:29:28,463 [tramites.Buro] INFO: Iniciando consulta Buró de Crédito...
2026-07-08 13:29:28,464 [tramites.Buro] ERROR: Error en 0.0s: boom
2026-07-08 13:29:28,537 [tramites.CURP] INFO: Iniciando consulta...
2026-07-08 13:29:28,539 [tramites.CURP] INFO: Completado en 0.0s
2026-07-08 13:29:28,596 [tramites.CURP] INFO: Iniciando consulta...
2026-07-08 13:29:28,622 [tramites.CURP] INFO: Iniciando consulta...
2026-07-08 13:29:28,675 [tramites.NSS] INFO: Iniciando consulta para CURP GALJ****
2026-07-08 13:29:28,676 [tramites.NSS] INFO: Completado en 0.0s
2026-07-08 13:29:28,755 [tramites.TENENCIA] INFO: Consultando tenencia para placa ABC123
2026-07-08 13:29:28,756 [tramites.TENENCIA] INFO: Completado en 0.0s
2026-07-08 13:29:28,805 [tramites.ANTECEDENTES] INFO: Iniciando trámite para CURP GALJ****
2026-07-08 13:29:28,806 [tramites.ANTECEDENTES] INFO: Completado en 0.0s
2026-07-08 13:29:28,866 [tramites.ANTECEDENTES] INFO: Iniciando trámite para CURP GALJ****
2026-07-08 13:29:28,896 [tramites.CitaINE] INFO: Iniciando cita INE...
2026-07-08 13:29:28,896 [tramites.CitaINE] INFO: Cita INE completada en 0.0s
2026-07-08 13:29:28,950 [tramites.CitaSAT] INFO: Iniciando cita SAT...
2026-07-08 13:29:28,951 [tramites.CitaSAT] INFO: Cita SAT completada en 0.0s
2026-07-08 13:29:28,996 [tramites.ControlConfianza] INFO: Iniciando Control de Confianza...
2026-07-08 13:29:28,997 [tramites.ControlConfianza] INFO: Control de Confianza completado en 0.0s
2026-07-08 13:29:29,039 [tramites.Semanas] INFO: Iniciando consulta de semanas cotizadas...
2026-07-08 13:29:29,039 [tramites.Semanas] INFO: Semanas completadas en 0.0s
2026-07-08 13:29:29,107 [tramites.Semanas] INFO: Iniciando consulta de semanas cotizadas...
2026-07-08 13:29:29,109 [tramites.Semanas] ERROR: Error en 0.0s: boom
2026-07-08 13:29:29,130 [tramites.RFC] INFO: Iniciando consulta RFC...
2026-07-08 13:29:29,131 [tramites.RFC] INFO: RFC completado en 0.0s
2026-07-08 13:29:29,174 [tramites.ActaNacimiento] INFO: Iniciando consulta de Acta de Nacimiento...
2026-07-08 13:29:29,174 [tramites.ActaNacimiento] INFO: Acta completada en 0.0s
2026-07-08 13:29:29,245 [tramites.Pasaporte] INFO: Iniciando cita de pasaporte...
2026-07-08 13:29:29,248 [tramites.Pasaporte] INFO: Cita pasaporte completada en 0.0s
2026-07-08 13:31:14,315 [tramites.API] ERROR: Error en consulta CURP
Traceback (most recent call last):
  File "D:\automatizacion\src\api.py", line 246, in consultar_curp
    resultado = await modulo.consultar(curp=req.curp.upper())
                ^^^^^^^^^^^^^^^^^^^^^^^^^^^^^^^^^^^^^^^^^^^^^
  File "C:\Users\MK\AppData\Local\Programs\Python\Python314\Lib\unittest\mock.py", line 2333, in _execute_mock_call
    raise effect
Exception: Mocked module
2026-07-08 13:31:14,359 [tramites.API] ERROR: Error en consulta NSS
Traceback (most recent call last):
  File "D:\automatizacion\src\api.py", line 260, in consultar_nss
    resultado = await modulo.consultar(
                ^^^^^^^^^^^^^^^^^^^^^^^
        curp=req.curp.upper(), correo=req.correo
        ^^^^^^^^^^^^^^^^^^^^^^^^^^^^^^^^^^^^^^^^
    )
    ^
  File "C:\Users\MK\AppData\Local\Programs\Python\Python314\Lib\unittest\mock.py", line 2333, in _execute_mock_call
    raise effect
Exception: Mocked module
2026-07-08 13:31:26,137 [tramites.test_mod] INFO: hello
2026-07-08 13:31:26,140 [tramites.test_mod] ERROR: error!
2026-07-08 13:31:27,941 [tramites.Buro] INFO: Iniciando consulta Buró de Crédito...
2026-07-08 13:31:27,942 [tramites.Buro] INFO: Buró completado en 0.0s
2026-07-08 13:31:27,954 [tramites.Circulo] INFO: Iniciando consulta Círculo de Crédito...
2026-07-08 13:31:27,955 [tramites.Circulo] INFO: Círculo completado en 0.0s
2026-07-08 13:31:27,989 [tramites.Buro] INFO: Iniciando consulta Buró de Crédito...
2026-07-08 13:31:27,990 [tramites.Buro] ERROR: Error en 0.0s: boom
2026-07-08 13:31:28,022 [tramites.CURP] INFO: Iniciando consulta...
2026-07-08 13:31:28,023 [tramites.CURP] INFO: Completado en 0.0s
2026-07-08 13:31:28,048 [tramites.CURP] INFO: Iniciando consulta...
2026-07-08 13:31:28,063 [tramites.CURP] INFO: Iniciando consulta...
2026-07-08 13:31:28,079 [tramites.NSS] INFO: Iniciando consulta para CURP GALJ****
2026-07-08 13:31:28,079 [tramites.NSS] INFO: Completado en 0.0s
2026-07-08 13:31:28,107 [tramites.TENENCIA] INFO: Consultando tenencia para placa ABC123
2026-07-08 13:31:28,108 [tramites.TENENCIA] INFO: Completado en 0.0s
2026-07-08 13:31:28,134 [tramites.ANTECEDENTES] INFO: Iniciando trámite para CURP GALJ****
2026-07-08 13:31:28,135 [tramites.ANTECEDENTES] INFO: Completado en 0.0s
2026-07-08 13:31:28,158 [tramites.ANTECEDENTES] INFO: Iniciando trámite para CURP GALJ****
2026-07-08 13:31:28,172 [tramites.CitaINE] INFO: Iniciando cita INE...
2026-07-08 13:31:28,173 [tramites.CitaINE] INFO: Cita INE completada en 0.0s
2026-07-08 13:31:28,197 [tramites.CitaSAT] INFO: Iniciando cita SAT...
2026-07-08 13:31:28,198 [tramites.CitaSAT] INFO: Cita SAT completada en 0.0s
2026-07-08 13:31:28,221 [tramites.ControlConfianza] INFO: Iniciando Control de Confianza...
2026-07-08 13:31:28,221 [tramites.ControlConfianza] INFO: Control de Confianza completado en 0.0s
2026-07-08 13:31:28,247 [tramites.Semanas] INFO: Iniciando consulta de semanas cotizadas...
2026-07-08 13:31:28,248 [tramites.Semanas] INFO: Semanas completadas en 0.0s
2026-07-08 13:31:28,269 [tramites.Semanas] INFO: Iniciando consulta de semanas cotizadas...
2026-07-08 13:31:28,270 [tramites.Semanas] ERROR: Error en 0.0s: boom
2026-07-08 13:31:28,284 [tramites.RFC] INFO: Iniciando consulta RFC...
2026-07-08 13:31:28,284 [tramites.RFC] INFO: RFC completado en 0.0s
2026-07-08 13:31:28,308 [tramites.ActaNacimiento] INFO: Iniciando consulta de Acta de Nacimiento...
2026-07-08 13:31:28,309 [tramites.ActaNacimiento] INFO: Acta completada en 0.0s
2026-07-08 13:31:28,334 [tramites.Pasaporte] INFO: Iniciando cita de pasaporte...
2026-07-08 13:31:28,334 [tramites.Pasaporte] INFO: Cita pasaporte completada en 0.0s
2026-07-08 13:32:59,455 [tramites.API] ERROR: Error en consulta CURP
Traceback (most recent call last):
  File "D:\automatizacion\src\api.py", line 246, in consultar_curp
    resultado = await modulo.consultar(curp=req.curp.upper())
                ^^^^^^^^^^^^^^^^^^^^^^^^^^^^^^^^^^^^^^^^^^^^^
  File "C:\Users\MK\AppData\Local\Programs\Python\Python314\Lib\unittest\mock.py", line 2333, in _execute_mock_call
    raise effect
Exception: Mocked module
2026-07-08 13:32:59,525 [tramites.API] ERROR: Error en consulta NSS
Traceback (most recent call last):
  File "D:\automatizacion\src\api.py", line 260, in consultar_nss
    resultado = await modulo.consultar(
                ^^^^^^^^^^^^^^^^^^^^^^^
        curp=req.curp.upper(), correo=req.correo
        ^^^^^^^^^^^^^^^^^^^^^^^^^^^^^^^^^^^^^^^^
    )
    ^
  File "C:\Users\MK\AppData\Local\Programs\Python\Python314\Lib\unittest\mock.py", line 2333, in _execute_mock_call
    raise effect
Exception: Mocked module
2026-07-08 13:33:11,265 [tramites.test_mod] INFO: hello
2026-07-08 13:33:11,267 [tramites.test_mod] ERROR: error!
2026-07-08 13:33:12,392 [tramites.Buro] INFO: Iniciando consulta Buró de Crédito...
2026-07-08 13:33:12,392 [tramites.Buro] INFO: Buró completado en 0.0s
2026-07-08 13:33:12,402 [tramites.Circulo] INFO: Iniciando consulta Círculo de Crédito...
2026-07-08 13:33:12,402 [tramites.Circulo] INFO: Círculo completado en 0.0s
2026-07-08 13:33:12,431 [tramites.Buro] INFO: Iniciando consulta Buró de Crédito...
2026-07-08 13:33:12,431 [tramites.Buro] ERROR: Error en 0.0s: boom
2026-07-08 13:33:12,457 [tramites.CURP] INFO: Iniciando consulta...
2026-07-08 13:33:12,457 [tramites.CURP] INFO: Completado en 0.0s
2026-07-08 13:33:12,474 [tramites.CURP] INFO: Iniciando consulta...
2026-07-08 13:33:12,483 [tramites.CURP] INFO: Iniciando consulta...
2026-07-08 13:33:12,494 [tramites.NSS] INFO: Iniciando consulta para CURP GALJ****
2026-07-08 13:33:12,494 [tramites.NSS] INFO: Completado en 0.0s
2026-07-08 13:33:12,516 [tramites.TENENCIA] INFO: Consultando tenencia para placa ABC123
2026-07-08 13:33:12,516 [tramites.TENENCIA] INFO: Completado en 0.0s
2026-07-08 13:33:12,532 [tramites.ANTECEDENTES] INFO: Iniciando trámite para CURP GALJ****
2026-07-08 13:33:12,532 [tramites.ANTECEDENTES] INFO: Completado en 0.0s
2026-07-08 13:33:12,546 [tramites.ANTECEDENTES] INFO: Iniciando trámite para CURP GALJ****
2026-07-08 13:33:12,553 [tramites.CitaINE] INFO: Iniciando cita INE...
2026-07-08 13:33:12,553 [tramites.CitaINE] INFO: Cita INE completada en 0.0s
2026-07-08 13:33:12,567 [tramites.CitaSAT] INFO: Iniciando cita SAT...
2026-07-08 13:33:12,567 [tramites.CitaSAT] INFO: Cita SAT completada en 0.0s
2026-07-08 13:33:12,581 [tramites.ControlConfianza] INFO: Iniciando Control de Confianza...
2026-07-08 13:33:12,581 [tramites.ControlConfianza] INFO: Control de Confianza completado en 0.0s
2026-07-08 13:33:12,598 [tramites.Semanas] INFO: Iniciando consulta de semanas cotizadas...
2026-07-08 13:33:12,598 [tramites.Semanas] INFO: Semanas completadas en 0.0s
2026-07-08 13:33:12,616 [tramites.Semanas] INFO: Iniciando consulta de semanas cotizadas...
2026-07-08 13:33:12,617 [tramites.Semanas] ERROR: Error en 0.0s: boom
2026-07-08 13:33:12,626 [tramites.RFC] INFO: Iniciando consulta RFC...
2026-07-08 13:33:12,626 [tramites.RFC] INFO: RFC completado en 0.0s
2026-07-08 13:33:12,644 [tramites.ActaNacimiento] INFO: Iniciando consulta de Acta de Nacimiento...
2026-07-08 13:33:12,644 [tramites.ActaNacimiento] INFO: Acta completada en 0.0s
2026-07-08 13:33:12,663 [tramites.Pasaporte] INFO: Iniciando cita de pasaporte...
2026-07-08 13:33:12,663 [tramites.Pasaporte] INFO: Cita pasaporte completada en 0.0s
2026-07-08 13:34:01,162 [tramites.API] ERROR: Error en consulta CURP
Traceback (most recent call last):
  File "D:\automatizacion\src\api.py", line 246, in consultar_curp
    resultado = await modulo.consultar(curp=req.curp.upper())
                ^^^^^^^^^^^^^^^^^^^^^^^^^^^^^^^^^^^^^^^^^^^^^
  File "C:\Users\MK\AppData\Local\Programs\Python\Python314\Lib\unittest\mock.py", line 2333, in _execute_mock_call
    raise effect
Exception: Mocked module
2026-07-08 13:34:01,199 [tramites.API] ERROR: Error en consulta NSS
Traceback (most recent call last):
  File "D:\automatizacion\src\api.py", line 260, in consultar_nss
    resultado = await modulo.consultar(
                ^^^^^^^^^^^^^^^^^^^^^^^
        curp=req.curp.upper(), correo=req.correo
        ^^^^^^^^^^^^^^^^^^^^^^^^^^^^^^^^^^^^^^^^
    )
    ^
  File "C:\Users\MK\AppData\Local\Programs\Python\Python314\Lib\unittest\mock.py", line 2333, in _execute_mock_call
    raise effect
Exception: Mocked module
2026-07-08 13:34:10,441 [tramites.test_mod] INFO: hello
2026-07-08 13:34:10,443 [tramites.test_mod] ERROR: error!
2026-07-08 13:34:11,525 [tramites.Buro] INFO: Iniciando consulta Buró de Crédito...
2026-07-08 13:34:11,525 [tramites.Buro] INFO: Buró completado en 0.0s
2026-07-08 13:34:11,536 [tramites.Circulo] INFO: Iniciando consulta Círculo de Crédito...
2026-07-08 13:34:11,537 [tramites.Circulo] INFO: Círculo completado en 0.0s
2026-07-08 13:34:11,564 [tramites.Buro] INFO: Iniciando consulta Buró de Crédito...
2026-07-08 13:34:11,564 [tramites.Buro] ERROR: Error en 0.0s: boom
2026-07-08 13:34:11,590 [tramites.CURP] INFO: Iniciando consulta...
2026-07-08 13:34:11,591 [tramites.CURP] INFO: Completado en 0.0s
2026-07-08 13:34:11,604 [tramites.CURP] INFO: Iniciando consulta...
2026-07-08 13:34:11,617 [tramites.CURP] INFO: Iniciando consulta...
2026-07-08 13:34:11,630 [tramites.NSS] INFO: Iniciando consulta para CURP GALJ****
2026-07-08 13:34:11,631 [tramites.NSS] INFO: Completado en 0.0s
2026-07-08 13:34:11,648 [tramites.TENENCIA] INFO: Consultando tenencia para placa ABC123
2026-07-08 13:34:11,648 [tramites.TENENCIA] INFO: Completado en 0.0s
2026-07-08 13:34:11,670 [tramites.ANTECEDENTES] INFO: Iniciando trámite para CURP GALJ****
2026-07-08 13:34:11,671 [tramites.ANTECEDENTES] INFO: Completado en 0.0s
2026-07-08 13:34:11,688 [tramites.ANTECEDENTES] INFO: Iniciando trámite para CURP GALJ****
2026-07-08 13:34:11,698 [tramites.CitaINE] INFO: Iniciando cita INE...
2026-07-08 13:34:11,698 [tramites.CitaINE] INFO: Cita INE completada en 0.0s
2026-07-08 13:34:11,713 [tramites.CitaSAT] INFO: Iniciando cita SAT...
2026-07-08 13:34:11,714 [tramites.CitaSAT] INFO: Cita SAT completada en 0.0s
2026-07-08 13:34:11,732 [tramites.ControlConfianza] INFO: Iniciando Control de Confianza...
2026-07-08 13:34:11,732 [tramites.ControlConfianza] INFO: Control de Confianza completado en 0.0s
2026-07-08 13:34:11,747 [tramites.Semanas] INFO: Iniciando consulta de semanas cotizadas...
2026-07-08 13:34:11,748 [tramites.Semanas] INFO: Semanas completadas en 0.0s
2026-07-08 13:34:11,762 [tramites.Semanas] INFO: Iniciando consulta de semanas cotizadas...
2026-07-08 13:34:11,762 [tramites.Semanas] ERROR: Error en 0.0s: boom
2026-07-08 13:34:11,771 [tramites.RFC] INFO: Iniciando consulta RFC...
2026-07-08 13:34:11,771 [tramites.RFC] INFO: RFC completado en 0.0s
2026-07-08 13:34:11,785 [tramites.ActaNacimiento] INFO: Iniciando consulta de Acta de Nacimiento...
2026-07-08 13:34:11,786 [tramites.ActaNacimiento] INFO: Acta completada en 0.0s
2026-07-08 13:34:11,800 [tramites.Pasaporte] INFO: Iniciando cita de pasaporte...
2026-07-08 13:34:11,800 [tramites.Pasaporte] INFO: Cita pasaporte completada en 0.0s
2026-07-08 13:34:59,582 [tramites.API] ERROR: Error en consulta CURP
Traceback (most recent call last):
  File "D:\automatizacion\src\api.py", line 246, in consultar_curp
    resultado = await modulo.consultar(curp=req.curp.upper())
                ^^^^^^^^^^^^^^^^^^^^^^^^^^^^^^^^^^^^^^^^^^^^^
  File "C:\Users\MK\AppData\Local\Programs\Python\Python314\Lib\unittest\mock.py", line 2333, in _execute_mock_call
    raise effect
Exception: Mocked module
2026-07-08 13:34:59,618 [tramites.API] ERROR: Error en consulta NSS
Traceback (most recent call last):
  File "D:\automatizacion\src\api.py", line 260, in consultar_nss
    resultado = await modulo.consultar(
                ^^^^^^^^^^^^^^^^^^^^^^^
        curp=req.curp.upper(), correo=req.correo
        ^^^^^^^^^^^^^^^^^^^^^^^^^^^^^^^^^^^^^^^^
    )
    ^
  File "C:\Users\MK\AppData\Local\Programs\Python\Python314\Lib\unittest\mock.py", line 2333, in _execute_mock_call
    raise effect
Exception: Mocked module
2026-07-08 13:35:08,460 [tramites.test_mod] INFO: hello
2026-07-08 13:35:08,462 [tramites.test_mod] ERROR: error!
2026-07-08 13:35:09,508 [tramites.Buro] INFO: Iniciando consulta Buró de Crédito...
2026-07-08 13:35:09,508 [tramites.Buro] INFO: Buró completado en 0.0s
2026-07-08 13:35:09,520 [tramites.Circulo] INFO: Iniciando consulta Círculo de Crédito...
2026-07-08 13:35:09,520 [tramites.Circulo] INFO: Círculo completado en 0.0s
2026-07-08 13:35:09,547 [tramites.Buro] INFO: Iniciando consulta Buró de Crédito...
2026-07-08 13:35:09,548 [tramites.Buro] ERROR: Error en 0.0s: boom
2026-07-08 13:35:09,570 [tramites.CURP] INFO: Iniciando consulta...
2026-07-08 13:35:09,571 [tramites.CURP] INFO: Completado en 0.0s
2026-07-08 13:35:09,584 [tramites.CURP] INFO: Iniciando consulta...
2026-07-08 13:35:09,593 [tramites.CURP] INFO: Iniciando consulta...
2026-07-08 13:35:09,602 [tramites.NSS] INFO: Iniciando consulta para CURP GALJ****
2026-07-08 13:35:09,602 [tramites.NSS] INFO: Completado en 0.0s
2026-07-08 13:35:09,619 [tramites.TENENCIA] INFO: Consultando tenencia para placa ABC123
2026-07-08 13:35:09,619 [tramites.TENENCIA] INFO: Completado en 0.0s
2026-07-08 13:35:09,635 [tramites.ANTECEDENTES] INFO: Iniciando trámite para CURP GALJ****
2026-07-08 13:35:09,635 [tramites.ANTECEDENTES] INFO: Completado en 0.0s
2026-07-08 13:35:09,649 [tramites.ANTECEDENTES] INFO: Iniciando trámite para CURP GALJ****
2026-07-08 13:35:09,658 [tramites.CitaINE] INFO: Iniciando cita INE...
2026-07-08 13:35:09,659 [tramites.CitaINE] INFO: Cita INE completada en 0.0s
2026-07-08 13:35:09,673 [tramites.CitaSAT] INFO: Iniciando cita SAT...
2026-07-08 13:35:09,674 [tramites.CitaSAT] INFO: Cita SAT completada en 0.0s
2026-07-08 13:35:09,688 [tramites.ControlConfianza] INFO: Iniciando Control de Confianza...
2026-07-08 13:35:09,689 [tramites.ControlConfianza] INFO: Control de Confianza completado en 0.0s
2026-07-08 13:35:09,706 [tramites.Semanas] INFO: Iniciando consulta de semanas cotizadas...
2026-07-08 13:35:09,706 [tramites.Semanas] INFO: Semanas completadas en 0.0s
2026-07-08 13:35:09,723 [tramites.Semanas] INFO: Iniciando consulta de semanas cotizadas...
2026-07-08 13:35:09,724 [tramites.Semanas] ERROR: Error en 0.0s: boom
2026-07-08 13:35:09,735 [tramites.RFC] INFO: Iniciando consulta RFC...
2026-07-08 13:35:09,736 [tramites.RFC] INFO: RFC completado en 0.0s
2026-07-08 13:35:09,751 [tramites.ActaNacimiento] INFO: Iniciando consulta de Acta de Nacimiento...
2026-07-08 13:35:09,752 [tramites.ActaNacimiento] INFO: Acta completada en 0.0s
2026-07-08 13:35:09,766 [tramites.Pasaporte] INFO: Iniciando cita de pasaporte...
2026-07-08 13:35:09,766 [tramites.Pasaporte] INFO: Cita pasaporte completada en 0.0s
2026-07-08 13:36:20,938 [tramites.API] ERROR: Error en consulta CURP
Traceback (most recent call last):
  File "D:\automatizacion\src\api.py", line 246, in consultar_curp
    resultado = await modulo.consultar(curp=req.curp.upper())
                ^^^^^^^^^^^^^^^^^^^^^^^^^^^^^^^^^^^^^^^^^^^^^
  File "C:\Users\MK\AppData\Local\Programs\Python\Python314\Lib\unittest\mock.py", line 2333, in _execute_mock_call
    raise effect
Exception: Mocked module
2026-07-08 13:36:20,975 [tramites.API] ERROR: Error en consulta NSS
Traceback (most recent call last):
  File "D:\automatizacion\src\api.py", line 260, in consultar_nss
    resultado = await modulo.consultar(
                ^^^^^^^^^^^^^^^^^^^^^^^
        curp=req.curp.upper(), correo=req.correo
        ^^^^^^^^^^^^^^^^^^^^^^^^^^^^^^^^^^^^^^^^
    )
    ^
  File "C:\Users\MK\AppData\Local\Programs\Python\Python314\Lib\unittest\mock.py", line 2333, in _execute_mock_call
    raise effect
Exception: Mocked module
2026-07-08 13:36:30,753 [tramites.test_mod] INFO: hello
2026-07-08 13:36:30,756 [tramites.test_mod] ERROR: error!
2026-07-08 13:36:31,948 [tramites.Buro] INFO: Iniciando consulta Buró de Crédito...
2026-07-08 13:36:31,948 [tramites.Buro] INFO: Buró completado en 0.0s
2026-07-08 13:36:31,960 [tramites.Circulo] INFO: Iniciando consulta Círculo de Crédito...
2026-07-08 13:36:31,961 [tramites.Circulo] INFO: Círculo completado en 0.0s
2026-07-08 13:36:31,991 [tramites.Buro] INFO: Iniciando consulta Buró de Crédito...
2026-07-08 13:36:31,991 [tramites.Buro] ERROR: Error en 0.0s: boom
2026-07-08 13:36:32,021 [tramites.CURP] INFO: Iniciando consulta...
2026-07-08 13:36:32,021 [tramites.CURP] INFO: Completado en 0.0s
2026-07-08 13:36:32,038 [tramites.CURP] INFO: Iniciando consulta...
2026-07-08 13:36:32,049 [tramites.CURP] INFO: Iniciando consulta...
2026-07-08 13:36:32,060 [tramites.NSS] INFO: Iniciando consulta para CURP GALJ****
2026-07-08 13:36:32,060 [tramites.NSS] INFO: Completado en 0.0s
2026-07-08 13:36:32,086 [tramites.TENENCIA] INFO: Consultando tenencia para placa ABC123
2026-07-08 13:36:32,086 [tramites.TENENCIA] INFO: Completado en 0.0s
2026-07-08 13:36:32,107 [tramites.ANTECEDENTES] INFO: Iniciando trámite para CURP GALJ****
2026-07-08 13:36:32,107 [tramites.ANTECEDENTES] INFO: Completado en 0.0s
2026-07-08 13:36:32,131 [tramites.ANTECEDENTES] INFO: Iniciando trámite para CURP GALJ****
2026-07-08 13:36:32,145 [tramites.CitaINE] INFO: Iniciando cita INE...
2026-07-08 13:36:32,145 [tramites.CitaINE] INFO: Cita INE completada en 0.0s
2026-07-08 13:36:32,172 [tramites.CitaSAT] INFO: Iniciando cita SAT...
2026-07-08 13:36:32,172 [tramites.CitaSAT] INFO: Cita SAT completada en 0.0s
2026-07-08 13:36:32,192 [tramites.ControlConfianza] INFO: Iniciando Control de Confianza...
2026-07-08 13:36:32,193 [tramites.ControlConfianza] INFO: Control de Confianza completado en 0.0s
2026-07-08 13:36:32,216 [tramites.Semanas] INFO: Iniciando consulta de semanas cotizadas...
2026-07-08 13:36:32,216 [tramites.Semanas] INFO: Semanas completadas en 0.0s
2026-07-08 13:36:32,241 [tramites.Semanas] INFO: Iniciando consulta de semanas cotizadas...
2026-07-08 13:36:32,241 [tramites.Semanas] ERROR: Error en 0.0s: boom
2026-07-08 13:36:32,257 [tramites.RFC] INFO: Iniciando consulta RFC...
2026-07-08 13:36:32,258 [tramites.RFC] INFO: RFC completado en 0.0s
2026-07-08 13:36:32,284 [tramites.ActaNacimiento] INFO: Iniciando consulta de Acta de Nacimiento...
2026-07-08 13:36:32,285 [tramites.ActaNacimiento] INFO: Acta completada en 0.0s
2026-07-08 13:36:32,307 [tramites.Pasaporte] INFO: Iniciando cita de pasaporte...
2026-07-08 13:36:32,308 [tramites.Pasaporte] INFO: Cita pasaporte completada en 0.0s
2026-07-08 13:37:34,524 [tramites.API] ERROR: Error en consulta CURP
Traceback (most recent call last):
  File "D:\automatizacion\src\api.py", line 246, in consultar_curp
    resultado = await modulo.consultar(curp=req.curp.upper())
                ^^^^^^^^^^^^^^^^^^^^^^^^^^^^^^^^^^^^^^^^^^^^^
  File "C:\Users\MK\AppData\Local\Programs\Python\Python314\Lib\unittest\mock.py", line 2333, in _execute_mock_call
    raise effect
Exception: Mocked module
2026-07-08 13:37:34,573 [tramites.API] ERROR: Error en consulta NSS
Traceback (most recent call last):
  File "D:\automatizacion\src\api.py", line 260, in consultar_nss
    resultado = await modulo.consultar(
                ^^^^^^^^^^^^^^^^^^^^^^^
        curp=req.curp.upper(), correo=req.correo
        ^^^^^^^^^^^^^^^^^^^^^^^^^^^^^^^^^^^^^^^^
    )
    ^
  File "C:\Users\MK\AppData\Local\Programs\Python\Python314\Lib\unittest\mock.py", line 2333, in _execute_mock_call
    raise effect
Exception: Mocked module
2026-07-08 13:37:46,764 [tramites.test_mod] INFO: hello
2026-07-08 13:37:46,769 [tramites.test_mod] ERROR: error!
2026-07-08 13:37:48,443 [tramites.Buro] INFO: Iniciando consulta Buró de Crédito...
2026-07-08 13:37:48,443 [tramites.Buro] INFO: Buró completado en 0.0s
2026-07-08 13:37:48,455 [tramites.Circulo] INFO: Iniciando consulta Círculo de Crédito...
2026-07-08 13:37:48,456 [tramites.Circulo] INFO: Círculo completado en 0.0s
2026-07-08 13:37:48,496 [tramites.Buro] INFO: Iniciando consulta Buró de Crédito...
2026-07-08 13:37:48,497 [tramites.Buro] ERROR: Error en 0.0s: boom
2026-07-08 13:37:48,527 [tramites.CURP] INFO: Iniciando consulta...
2026-07-08 13:37:48,527 [tramites.CURP] INFO: Completado en 0.0s
2026-07-08 13:37:48,549 [tramites.CURP] INFO: Iniciando consulta...
2026-07-08 13:37:48,560 [tramites.CURP] INFO: Iniciando consulta...
2026-07-08 13:37:48,573 [tramites.NSS] INFO: Iniciando consulta para CURP GALJ****
2026-07-08 13:37:48,574 [tramites.NSS] INFO: Completado en 0.0s
2026-07-08 13:37:48,600 [tramites.TENENCIA] INFO: Consultando tenencia para placa ABC123
2026-07-08 13:37:48,601 [tramites.TENENCIA] INFO: Completado en 0.0s
2026-07-08 13:37:48,627 [tramites.ANTECEDENTES] INFO: Iniciando trámite para CURP GALJ****
2026-07-08 13:37:48,628 [tramites.ANTECEDENTES] INFO: Completado en 0.0s
2026-07-08 13:37:48,648 [tramites.ANTECEDENTES] INFO: Iniciando trámite para CURP GALJ****
2026-07-08 13:37:48,657 [tramites.CitaINE] INFO: Iniciando cita INE...
2026-07-08 13:37:48,658 [tramites.CitaINE] INFO: Cita INE completada en 0.0s
2026-07-08 13:37:48,680 [tramites.CitaSAT] INFO: Iniciando cita SAT...
2026-07-08 13:37:48,681 [tramites.CitaSAT] INFO: Cita SAT completada en 0.0s
2026-07-08 13:37:48,699 [tramites.ControlConfianza] INFO: Iniciando Control de Confianza...
2026-07-08 13:37:48,700 [tramites.ControlConfianza] INFO: Control de Confianza completado en 0.0s
2026-07-08 13:37:48,716 [tramites.Semanas] INFO: Iniciando consulta de semanas cotizadas...
2026-07-08 13:37:48,716 [tramites.Semanas] INFO: Semanas completadas en 0.0s
2026-07-08 13:37:48,736 [tramites.Semanas] INFO: Iniciando consulta de semanas cotizadas...
2026-07-08 13:37:48,736 [tramites.Semanas] ERROR: Error en 0.0s: boom
2026-07-08 13:37:48,750 [tramites.RFC] INFO: Iniciando consulta RFC...
2026-07-08 13:37:48,750 [tramites.RFC] INFO: RFC completado en 0.0s
2026-07-08 13:37:48,766 [tramites.ActaNacimiento] INFO: Iniciando consulta de Acta de Nacimiento...
2026-07-08 13:37:48,767 [tramites.ActaNacimiento] INFO: Acta completada en 0.0s
2026-07-08 13:37:48,786 [tramites.Pasaporte] INFO: Iniciando cita de pasaporte...
2026-07-08 13:37:48,787 [tramites.Pasaporte] INFO: Cita pasaporte completada en 0.0s
2026-07-08 13:38:53,447 [tramites.API] ERROR: Error en consulta CURP
Traceback (most recent call last):
  File "D:\automatizacion\src\api.py", line 246, in consultar_curp
    resultado = await modulo.consultar(curp=req.curp.upper())
                ^^^^^^^^^^^^^^^^^^^^^^^^^^^^^^^^^^^^^^^^^^^^^
  File "C:\Users\MK\AppData\Local\Programs\Python\Python314\Lib\unittest\mock.py", line 2333, in _execute_mock_call
    raise effect
Exception: Mocked module
2026-07-08 13:38:53,494 [tramites.API] ERROR: Error en consulta NSS
Traceback (most recent call last):
  File "D:\automatizacion\src\api.py", line 260, in consultar_nss
    resultado = await modulo.consultar(
                ^^^^^^^^^^^^^^^^^^^^^^^
        curp=req.curp.upper(), correo=req.correo
        ^^^^^^^^^^^^^^^^^^^^^^^^^^^^^^^^^^^^^^^^
    )
    ^
  File "C:\Users\MK\AppData\Local\Programs\Python\Python314\Lib\unittest\mock.py", line 2333, in _execute_mock_call
    raise effect
Exception: Mocked module
2026-07-08 13:39:05,354 [tramites.test_mod] INFO: hello
2026-07-08 13:39:05,356 [tramites.test_mod] ERROR: error!
2026-07-08 13:39:06,830 [tramites.Buro] INFO: Iniciando consulta Buró de Crédito...
2026-07-08 13:39:06,831 [tramites.Buro] INFO: Buró completado en 0.0s
2026-07-08 13:39:06,841 [tramites.Circulo] INFO: Iniciando consulta Círculo de Crédito...
2026-07-08 13:39:06,841 [tramites.Circulo] INFO: Círculo completado en 0.0s
2026-07-08 13:39:06,871 [tramites.Buro] INFO: Iniciando consulta Buró de Crédito...
2026-07-08 13:39:06,871 [tramites.Buro] ERROR: Error en 0.0s: boom
2026-07-08 13:39:06,899 [tramites.CURP] INFO: Iniciando consulta...
2026-07-08 13:39:06,900 [tramites.CURP] INFO: Completado en 0.0s
2026-07-08 13:39:06,927 [tramites.CURP] INFO: Iniciando consulta...
2026-07-08 13:39:06,944 [tramites.CURP] INFO: Iniciando consulta...
2026-07-08 13:39:06,956 [tramites.NSS] INFO: Iniciando consulta para CURP GALJ****
2026-07-08 13:39:06,957 [tramites.NSS] INFO: Completado en 0.0s
2026-07-08 13:39:06,982 [tramites.TENENCIA] INFO: Consultando tenencia para placa ABC123
2026-07-08 13:39:06,983 [tramites.TENENCIA] INFO: Completado en 0.0s
2026-07-08 13:39:07,017 [tramites.ANTECEDENTES] INFO: Iniciando trámite para CURP GALJ****
2026-07-08 13:39:07,018 [tramites.ANTECEDENTES] INFO: Completado en 0.0s
2026-07-08 13:39:07,048 [tramites.ANTECEDENTES] INFO: Iniciando trámite para CURP GALJ****
2026-07-08 13:39:07,065 [tramites.CitaINE] INFO: Iniciando cita INE...
2026-07-08 13:39:07,065 [tramites.CitaINE] INFO: Cita INE completada en 0.0s
2026-07-08 13:39:07,088 [tramites.CitaSAT] INFO: Iniciando cita SAT...
2026-07-08 13:39:07,089 [tramites.CitaSAT] INFO: Cita SAT completada en 0.0s
2026-07-08 13:39:07,112 [tramites.ControlConfianza] INFO: Iniciando Control de Confianza...
2026-07-08 13:39:07,112 [tramites.ControlConfianza] INFO: Control de Confianza completado en 0.0s
2026-07-08 13:39:07,130 [tramites.Semanas] INFO: Iniciando consulta de semanas cotizadas...
2026-07-08 13:39:07,131 [tramites.Semanas] INFO: Semanas completadas en 0.0s
2026-07-08 13:39:07,154 [tramites.Semanas] INFO: Iniciando consulta de semanas cotizadas...
2026-07-08 13:39:07,154 [tramites.Semanas] ERROR: Error en 0.0s: boom
2026-07-08 13:39:07,167 [tramites.RFC] INFO: Iniciando consulta RFC...
2026-07-08 13:39:07,168 [tramites.RFC] INFO: RFC completado en 0.0s
2026-07-08 13:39:07,192 [tramites.ActaNacimiento] INFO: Iniciando consulta de Acta de Nacimiento...
2026-07-08 13:39:07,192 [tramites.ActaNacimiento] INFO: Acta completada en 0.0s
2026-07-08 13:39:07,218 [tramites.Pasaporte] INFO: Iniciando cita de pasaporte...
2026-07-08 13:39:07,218 [tramites.Pasaporte] INFO: Cita pasaporte completada en 0.0s
2026-07-08 13:40:11,344 [tramites.API] ERROR: Error en consulta CURP
Traceback (most recent call last):
  File "D:\automatizacion\src\api.py", line 246, in consultar_curp
    resultado = await modulo.consultar(curp=req.curp.upper())
                ^^^^^^^^^^^^^^^^^^^^^^^^^^^^^^^^^^^^^^^^^^^^^
  File "C:\Users\MK\AppData\Local\Programs\Python\Python314\Lib\unittest\mock.py", line 2333, in _execute_mock_call
    raise effect
Exception: Mocked module
2026-07-08 13:40:11,388 [tramites.API] ERROR: Error en consulta NSS
Traceback (most recent call last):
  File "D:\automatizacion\src\api.py", line 260, in consultar_nss
    resultado = await modulo.consultar(
                ^^^^^^^^^^^^^^^^^^^^^^^
        curp=req.curp.upper(), correo=req.correo
        ^^^^^^^^^^^^^^^^^^^^^^^^^^^^^^^^^^^^^^^^
    )
    ^
  File "C:\Users\MK\AppData\Local\Programs\Python\Python314\Lib\unittest\mock.py", line 2333, in _execute_mock_call
    raise effect
Exception: Mocked module
2026-07-08 13:40:22,894 [tramites.test_mod] INFO: hello
2026-07-08 13:40:22,897 [tramites.test_mod] ERROR: error!
2026-07-08 13:40:24,826 [tramites.Buro] INFO: Iniciando consulta Buró de Crédito...
2026-07-08 13:40:24,827 [tramites.Buro] INFO: Buró completado en 0.0s
2026-07-08 13:40:24,847 [tramites.Circulo] INFO: Iniciando consulta Círculo de Crédito...
2026-07-08 13:40:24,847 [tramites.Circulo] INFO: Círculo completado en 0.0s
2026-07-08 13:40:24,916 [tramites.Buro] INFO: Iniciando consulta Buró de Crédito...
2026-07-08 13:40:24,917 [tramites.Buro] ERROR: Error en 0.0s: boom
2026-07-08 13:40:24,965 [tramites.CURP] INFO: Iniciando consulta...
2026-07-08 13:40:24,966 [tramites.CURP] INFO: Completado en 0.0s
2026-07-08 13:40:24,995 [tramites.CURP] INFO: Iniciando consulta...
2026-07-08 13:40:25,012 [tramites.CURP] INFO: Iniciando consulta...
2026-07-08 13:40:25,033 [tramites.NSS] INFO: Iniciando consulta para CURP GALJ****
2026-07-08 13:40:25,034 [tramites.NSS] INFO: Completado en 0.0s
2026-07-08 13:40:25,070 [tramites.TENENCIA] INFO: Consultando tenencia para placa ABC123
2026-07-08 13:40:25,071 [tramites.TENENCIA] INFO: Completado en 0.0s
2026-07-08 13:40:25,109 [tramites.ANTECEDENTES] INFO: Iniciando trámite para CURP GALJ****
2026-07-08 13:40:25,109 [tramites.ANTECEDENTES] INFO: Completado en 0.0s
2026-07-08 13:40:25,147 [tramites.ANTECEDENTES] INFO: Iniciando trámite para CURP GALJ****
2026-07-08 13:40:25,166 [tramites.CitaINE] INFO: Iniciando cita INE...
2026-07-08 13:40:25,166 [tramites.CitaINE] INFO: Cita INE completada en 0.0s
2026-07-08 13:40:25,204 [tramites.CitaSAT] INFO: Iniciando cita SAT...
2026-07-08 13:40:25,204 [tramites.CitaSAT] INFO: Cita SAT completada en 0.0s
2026-07-08 13:40:25,242 [tramites.ControlConfianza] INFO: Iniciando Control de Confianza...
2026-07-08 13:40:25,243 [tramites.ControlConfianza] INFO: Control de Confianza completado en 0.0s
2026-07-08 13:40:25,281 [tramites.Semanas] INFO: Iniciando consulta de semanas cotizadas...
2026-07-08 13:40:25,282 [tramites.Semanas] INFO: Semanas completadas en 0.0s
2026-07-08 13:40:25,312 [tramites.Semanas] INFO: Iniciando consulta de semanas cotizadas...
2026-07-08 13:40:25,313 [tramites.Semanas] ERROR: Error en 0.0s: boom
2026-07-08 13:40:25,330 [tramites.RFC] INFO: Iniciando consulta RFC...
2026-07-08 13:40:25,331 [tramites.RFC] INFO: RFC completado en 0.0s
2026-07-08 13:40:25,363 [tramites.ActaNacimiento] INFO: Iniciando consulta de Acta de Nacimiento...
2026-07-08 13:40:25,364 [tramites.ActaNacimiento] INFO: Acta completada en 0.0s
2026-07-08 13:40:25,397 [tramites.Pasaporte] INFO: Iniciando cita de pasaporte...
2026-07-08 13:40:25,397 [tramites.Pasaporte] INFO: Cita pasaporte completada en 0.0s
2026-07-08 13:50:01,307 [tramites.API] ERROR: Error en consulta CURP
Traceback (most recent call last):
  File "D:\automatizacion\src\api.py", line 246, in consultar_curp
    resultado = await modulo.consultar(curp=req.curp.upper())
                ^^^^^^^^^^^^^^^^^^^^^^^^^^^^^^^^^^^^^^^^^^^^^
  File "C:\Users\MK\AppData\Local\Programs\Python\Python314\Lib\unittest\mock.py", line 2333, in _execute_mock_call
    raise effect
Exception: Mocked module
2026-07-08 13:50:01,371 [tramites.API] ERROR: Error en consulta NSS
Traceback (most recent call last):
  File "D:\automatizacion\src\api.py", line 260, in consultar_nss
    resultado = await modulo.consultar(
                ^^^^^^^^^^^^^^^^^^^^^^^
        curp=req.curp.upper(), correo=req.correo
        ^^^^^^^^^^^^^^^^^^^^^^^^^^^^^^^^^^^^^^^^
    )
    ^
  File "C:\Users\MK\AppData\Local\Programs\Python\Python314\Lib\unittest\mock.py", line 2333, in _execute_mock_call
    raise effect
Exception: Mocked module
2026-07-08 13:50:13,764 [tramites.test_mod] INFO: hello
2026-07-08 13:50:13,766 [tramites.test_mod] ERROR: error!
2026-07-08 13:50:15,258 [tramites.Buro] INFO: Iniciando consulta Buró de Crédito...
2026-07-08 13:50:15,258 [tramites.Buro] INFO: Buró completado en 0.0s
2026-07-08 13:50:15,273 [tramites.Circulo] INFO: Iniciando consulta Círculo de Crédito...
2026-07-08 13:50:15,274 [tramites.Circulo] INFO: Círculo completado en 0.0s
2026-07-08 13:50:15,310 [tramites.Buro] INFO: Iniciando consulta Buró de Crédito...
2026-07-08 13:50:15,310 [tramites.Buro] ERROR: Error en 0.0s: boom
2026-07-08 13:50:15,342 [tramites.CURP] INFO: Iniciando consulta...
2026-07-08 13:50:15,342 [tramites.CURP] INFO: Completado en 0.0s
2026-07-08 13:50:15,364 [tramites.CURP] INFO: Iniciando consulta...
2026-07-08 13:50:15,377 [tramites.CURP] INFO: Iniciando consulta...
2026-07-08 13:50:15,388 [tramites.NSS] INFO: Iniciando consulta para CURP GALJ****
2026-07-08 13:50:15,388 [tramites.NSS] INFO: Completado en 0.0s
2026-07-08 13:50:15,416 [tramites.TENENCIA] INFO: Consultando tenencia para placa ABC123
2026-07-08 13:50:15,416 [tramites.TENENCIA] INFO: Completado en 0.0s
2026-07-08 13:50:15,447 [tramites.ANTECEDENTES] INFO: Iniciando trámite para CURP GALJ****
2026-07-08 13:50:15,447 [tramites.ANTECEDENTES] INFO: Completado en 0.0s
2026-07-08 13:50:15,470 [tramites.ANTECEDENTES] INFO: Iniciando trámite para CURP GALJ****
2026-07-08 13:50:15,485 [tramites.CitaINE] INFO: Iniciando cita INE...
2026-07-08 13:50:15,486 [tramites.CitaINE] INFO: Cita INE completada en 0.0s
2026-07-08 13:50:15,514 [tramites.CitaSAT] INFO: Iniciando cita SAT...
2026-07-08 13:50:15,515 [tramites.CitaSAT] INFO: Cita SAT completada en 0.0s
2026-07-08 13:50:15,540 [tramites.ControlConfianza] INFO: Iniciando Control de Confianza...
2026-07-08 13:50:15,540 [tramites.ControlConfianza] INFO: Control de Confianza completado en 0.0s
2026-07-08 13:50:15,564 [tramites.Semanas] INFO: Iniciando consulta de semanas cotizadas...
2026-07-08 13:50:15,564 [tramites.Semanas] INFO: Semanas completadas en 0.0s
2026-07-08 13:50:15,586 [tramites.Semanas] INFO: Iniciando consulta de semanas cotizadas...
2026-07-08 13:50:15,587 [tramites.Semanas] ERROR: Error en 0.0s: boom
2026-07-08 13:50:15,600 [tramites.RFC] INFO: Iniciando consulta RFC...
2026-07-08 13:50:15,601 [tramites.RFC] INFO: RFC completado en 0.0s
2026-07-08 13:50:15,623 [tramites.ActaNacimiento] INFO: Iniciando consulta de Acta de Nacimiento...
2026-07-08 13:50:15,624 [tramites.ActaNacimiento] INFO: Acta completada en 0.0s
2026-07-08 13:50:15,646 [tramites.Pasaporte] INFO: Iniciando cita de pasaporte...
2026-07-08 13:50:15,647 [tramites.Pasaporte] INFO: Cita pasaporte completada en 0.0s
2026-07-08 14:08:56,883 [tramites.API] ERROR: Error en consulta CURP
Traceback (most recent call last):
  File "D:\automatizacion\src\api.py", line 246, in consultar_curp
    resultado = await modulo.consultar(curp=req.curp.upper())
                ^^^^^^^^^^^^^^^^^^^^^^^^^^^^^^^^^^^^^^^^^^^^^
  File "C:\Users\MK\AppData\Local\Programs\Python\Python314\Lib\unittest\mock.py", line 2333, in _execute_mock_call
    raise effect
Exception: Mocked module
2026-07-08 14:08:56,940 [tramites.API] ERROR: Error en consulta NSS
Traceback (most recent call last):
  File "D:\automatizacion\src\api.py", line 260, in consultar_nss
    resultado = await modulo.consultar(
                ^^^^^^^^^^^^^^^^^^^^^^^
        curp=req.curp.upper(), correo=req.correo
        ^^^^^^^^^^^^^^^^^^^^^^^^^^^^^^^^^^^^^^^^
    )
    ^
  File "C:\Users\MK\AppData\Local\Programs\Python\Python314\Lib\unittest\mock.py", line 2333, in _execute_mock_call
    raise effect
Exception: Mocked module
2026-07-08 14:09:09,376 [tramites.test_mod] INFO: hello
2026-07-08 14:09:09,380 [tramites.test_mod] ERROR: error!
2026-07-08 14:09:11,462 [tramites.Buro] INFO: Iniciando consulta Buró de Crédito...
2026-07-08 14:09:11,462 [tramites.Buro] INFO: Buró completado en 0.0s
2026-07-08 14:09:11,478 [tramites.Circulo] INFO: Iniciando consulta Círculo de Crédito...
2026-07-08 14:09:11,479 [tramites.Circulo] INFO: Círculo completado en 0.0s
2026-07-08 14:09:11,528 [tramites.Buro] INFO: Iniciando consulta Buró de Crédito...
2026-07-08 14:09:11,528 [tramites.Buro] ERROR: Error en 0.0s: boom
2026-07-08 14:09:11,571 [tramites.CURP] INFO: Iniciando consulta...
2026-07-08 14:09:11,571 [tramites.CURP] INFO: Completado en 0.0s
2026-07-08 14:09:11,597 [tramites.CURP] INFO: Iniciando consulta...
2026-07-08 14:09:11,613 [tramites.CURP] INFO: Iniciando consulta...
2026-07-08 14:09:11,629 [tramites.NSS] INFO: Iniciando consulta para CURP GALJ****
2026-07-08 14:09:11,630 [tramites.NSS] INFO: Completado en 0.0s
2026-07-08 14:09:11,655 [tramites.TENENCIA] INFO: Consultando tenencia para placa ABC123
2026-07-08 14:09:11,656 [tramites.TENENCIA] INFO: Completado en 0.0s
2026-07-08 14:09:11,685 [tramites.ANTECEDENTES] INFO: Iniciando trámite para CURP GALJ****
2026-07-08 14:09:11,686 [tramites.ANTECEDENTES] INFO: Completado en 0.0s
2026-07-08 14:09:11,713 [tramites.ANTECEDENTES] INFO: Iniciando trámite para CURP GALJ****
2026-07-08 14:09:11,729 [tramites.CitaINE] INFO: Iniciando cita INE...
2026-07-08 14:09:11,729 [tramites.CitaINE] INFO: Cita INE completada en 0.0s
2026-07-08 14:09:11,758 [tramites.CitaSAT] INFO: Iniciando cita SAT...
2026-07-08 14:09:11,758 [tramites.CitaSAT] INFO: Cita SAT completada en 0.0s
2026-07-08 14:09:11,790 [tramites.ControlConfianza] INFO: Iniciando Control de Confianza...
2026-07-08 14:09:11,790 [tramites.ControlConfianza] INFO: Control de Confianza completado en 0.0s
2026-07-08 14:09:11,820 [tramites.Semanas] INFO: Iniciando consulta de semanas cotizadas...
2026-07-08 14:09:11,821 [tramites.Semanas] INFO: Semanas completadas en 0.0s
2026-07-08 14:09:11,853 [tramites.Semanas] INFO: Iniciando consulta de semanas cotizadas...
2026-07-08 14:09:11,853 [tramites.Semanas] ERROR: Error en 0.0s: boom
2026-07-08 14:09:11,871 [tramites.RFC] INFO: Iniciando consulta RFC...
2026-07-08 14:09:11,872 [tramites.RFC] INFO: RFC completado en 0.0s
2026-07-08 14:09:11,903 [tramites.ActaNacimiento] INFO: Iniciando consulta de Acta de Nacimiento...
2026-07-08 14:09:11,904 [tramites.ActaNacimiento] INFO: Acta completada en 0.0s
2026-07-08 14:09:11,933 [tramites.Pasaporte] INFO: Iniciando cita de pasaporte...
2026-07-08 14:09:11,934 [tramites.Pasaporte] INFO: Cita pasaporte completada en 0.0s
2026-07-08 14:15:12,576 [tramites.API] ERROR: Error en consulta CURP
Traceback (most recent call last):
  File "D:\automatizacion\src\api.py", line 237, in consultar_curp
    resultado = await modulo.consultar(curp=req.curp.upper())
                ^^^^^^^^^^^^^^^^^^^^^^^^^^^^^^^^^^^^^^^^^^^^^
  File "C:\Users\MK\AppData\Local\Programs\Python\Python314\Lib\unittest\mock.py", line 2333, in _execute_mock_call
    raise effect
Exception: Mocked module
2026-07-08 14:15:12,642 [tramites.API] ERROR: Error en consulta NSS
Traceback (most recent call last):
  File "D:\automatizacion\src\api.py", line 251, in consultar_nss
    resultado = await modulo.consultar(
                ^^^^^^^^^^^^^^^^^^^^^^^
        curp=req.curp.upper(), correo=req.correo
        ^^^^^^^^^^^^^^^^^^^^^^^^^^^^^^^^^^^^^^^^
    )
    ^
  File "C:\Users\MK\AppData\Local\Programs\Python\Python314\Lib\unittest\mock.py", line 2333, in _execute_mock_call
    raise effect
Exception: Mocked module
2026-07-08 14:15:25,759 [tramites.test_mod] INFO: hello
2026-07-08 14:15:25,764 [tramites.test_mod] ERROR: error!
2026-07-08 14:16:18,690 [tramites.API] ERROR: Error en consulta CURP
Traceback (most recent call last):
  File "D:\automatizacion\src\api.py", line 237, in consultar_curp
    resultado = await modulo.consultar(curp=req.curp.upper())
                ^^^^^^^^^^^^^^^^^^^^^^^^^^^^^^^^^^^^^^^^^^^^^
  File "C:\Users\MK\AppData\Local\Programs\Python\Python314\Lib\unittest\mock.py", line 2333, in _execute_mock_call
    raise effect
Exception: Mocked module
2026-07-08 14:16:18,750 [tramites.API] ERROR: Error en consulta NSS
Traceback (most recent call last):
  File "D:\automatizacion\src\api.py", line 251, in consultar_nss
    resultado = await modulo.consultar(
                ^^^^^^^^^^^^^^^^^^^^^^^
        curp=req.curp.upper(), correo=req.correo
        ^^^^^^^^^^^^^^^^^^^^^^^^^^^^^^^^^^^^^^^^
    )
    ^
  File "C:\Users\MK\AppData\Local\Programs\Python\Python314\Lib\unittest\mock.py", line 2333, in _execute_mock_call
    raise effect
Exception: Mocked module
2026-07-08 14:16:28,797 [tramites.test_mod] INFO: hello
2026-07-08 14:16:28,800 [tramites.test_mod] ERROR: error!
2026-07-08 14:16:30,570 [tramites.Buro] INFO: Iniciando consulta Buró de Crédito...
2026-07-08 14:16:30,571 [tramites.Buro] INFO: Buró completado en 0.0s
2026-07-08 14:16:30,585 [tramites.Circulo] INFO: Iniciando consulta Círculo de Crédito...
2026-07-08 14:16:30,587 [tramites.Circulo] INFO: Círculo completado en 0.0s
2026-07-08 14:16:30,632 [tramites.Buro] INFO: Iniciando consulta Buró de Crédito...
2026-07-08 14:16:30,633 [tramites.Buro] ERROR: Error en 0.0s: boom
2026-07-08 14:16:30,670 [tramites.CURP] INFO: Iniciando consulta...
2026-07-08 14:16:30,671 [tramites.CURP] INFO: Completado en 0.0s
2026-07-08 14:16:30,691 [tramites.CURP] INFO: Iniciando consulta...
2026-07-08 14:16:30,704 [tramites.CURP] INFO: Iniciando consulta...
2026-07-08 14:16:30,721 [tramites.NSS] INFO: Iniciando consulta para CURP GALJ****
2026-07-08 14:16:30,721 [tramites.NSS] INFO: Completado en 0.0s
2026-07-08 14:16:30,749 [tramites.TENENCIA] INFO: Consultando tenencia para placa ABC123
2026-07-08 14:16:30,749 [tramites.TENENCIA] INFO: Completado en 0.0s
2026-07-08 14:16:30,793 [tramites.ANTECEDENTES] INFO: Iniciando trámite para CURP GALJ****
2026-07-08 14:16:30,794 [tramites.ANTECEDENTES] INFO: Completado en 0.0s
2026-07-08 14:16:30,820 [tramites.ANTECEDENTES] INFO: Iniciando trámite para CURP GALJ****
2026-07-08 14:16:30,837 [tramites.CitaINE] INFO: Iniciando cita INE...
2026-07-08 14:16:30,837 [tramites.CitaINE] INFO: Cita INE completada en 0.0s
2026-07-08 14:16:30,872 [tramites.CitaSAT] INFO: Iniciando cita SAT...
2026-07-08 14:16:30,873 [tramites.CitaSAT] INFO: Cita SAT completada en 0.0s
2026-07-08 14:16:30,897 [tramites.ControlConfianza] INFO: Iniciando Control de Confianza...
2026-07-08 14:16:30,898 [tramites.ControlConfianza] INFO: Control de Confianza completado en 0.0s
2026-07-08 14:16:30,928 [tramites.Semanas] INFO: Iniciando consulta de semanas cotizadas...
2026-07-08 14:16:30,929 [tramites.Semanas] INFO: Semanas completadas en 0.0s
2026-07-08 14:16:30,949 [tramites.Semanas] INFO: Iniciando consulta de semanas cotizadas...
2026-07-08 14:16:30,949 [tramites.Semanas] ERROR: Error en 0.0s: boom
2026-07-08 14:16:30,962 [tramites.RFC] INFO: Iniciando consulta RFC...
2026-07-08 14:16:30,963 [tramites.RFC] INFO: RFC completado en 0.0s
2026-07-08 14:16:30,989 [tramites.ActaNacimiento] INFO: Iniciando consulta de Acta de Nacimiento...
2026-07-08 14:16:30,993 [tramites.ActaNacimiento] INFO: Acta completada en 0.0s
2026-07-08 14:16:31,018 [tramites.Pasaporte] INFO: Iniciando cita de pasaporte...
2026-07-08 14:16:31,019 [tramites.Pasaporte] INFO: Cita pasaporte completada en 0.0s
2026-07-08 14:18:44,452 [tramites.API] ERROR: Error en consulta CURP
Traceback (most recent call last):
  File "D:\automatizacion\src\api.py", line 237, in consultar_curp
    resultado = await modulo.consultar(curp=req.curp.upper())
                ^^^^^^^^^^^^^^^^^^^^^^^^^^^^^^^^^^^^^^^^^^^^^
  File "C:\Users\MK\AppData\Local\Programs\Python\Python314\Lib\unittest\mock.py", line 2333, in _execute_mock_call
    raise effect
Exception: Mocked module
2026-07-08 14:18:44,668 [tramites.API] ERROR: Error en consulta NSS
Traceback (most recent call last):
  File "D:\automatizacion\src\api.py", line 251, in consultar_nss
    resultado = await modulo.consultar(
                ^^^^^^^^^^^^^^^^^^^^^^^
        curp=req.curp.upper(), correo=req.correo
        ^^^^^^^^^^^^^^^^^^^^^^^^^^^^^^^^^^^^^^^^
    )
    ^
  File "C:\Users\MK\AppData\Local\Programs\Python\Python314\Lib\unittest\mock.py", line 2333, in _execute_mock_call
    raise effect
Exception: Mocked module
2026-07-08 14:19:13,273 [tramites.test_mod] INFO: hello
2026-07-08 14:19:13,279 [tramites.test_mod] ERROR: error!
2026-07-08 14:19:19,526 [tramites.Buro] INFO: Iniciando consulta Buró de Crédito...
2026-07-08 14:19:19,527 [tramites.Buro] INFO: Buró completado en 0.0s
2026-07-08 14:19:19,557 [tramites.Circulo] INFO: Iniciando consulta Círculo de Crédito...
2026-07-08 14:19:19,558 [tramites.Circulo] INFO: Círculo completado en 0.0s
2026-07-08 14:19:19,634 [tramites.Buro] INFO: Iniciando consulta Buró de Crédito...
2026-07-08 14:19:19,635 [tramites.Buro] ERROR: Error en 0.0s: boom
2026-07-08 14:19:19,710 [tramites.CURP] INFO: Iniciando consulta...
2026-07-08 14:19:19,711 [tramites.CURP] INFO: Completado en 0.0s
2026-07-08 14:19:19,748 [tramites.CURP] INFO: Iniciando consulta...
2026-07-08 14:19:19,767 [tramites.CURP] INFO: Iniciando consulta...
2026-07-08 14:19:19,784 [tramites.NSS] INFO: Iniciando consulta para CURP GALJ****
2026-07-08 14:19:19,785 [tramites.NSS] INFO: Completado en 0.0s
2026-07-08 14:19:19,823 [tramites.TENENCIA] INFO: Consultando tenencia para placa ABC123
2026-07-08 14:19:19,824 [tramites.TENENCIA] INFO: Completado en 0.0s
2026-07-08 14:19:19,867 [tramites.ANTECEDENTES] INFO: Iniciando trámite para CURP GALJ****
2026-07-08 14:19:19,867 [tramites.ANTECEDENTES] INFO: Completado en 0.0s
2026-07-08 14:19:19,905 [tramites.ANTECEDENTES] INFO: Iniciando trámite para CURP GALJ****
2026-07-08 14:19:19,927 [tramites.CitaINE] INFO: Iniciando cita INE...
2026-07-08 14:19:19,928 [tramites.CitaINE] INFO: Cita INE completada en 0.0s
2026-07-08 14:19:19,963 [tramites.CitaSAT] INFO: Iniciando cita SAT...
2026-07-08 14:19:19,963 [tramites.CitaSAT] INFO: Cita SAT completada en 0.0s
2026-07-08 14:19:20,026 [tramites.ControlConfianza] INFO: Iniciando Control de Confianza...
2026-07-08 14:19:20,041 [tramites.ControlConfianza] INFO: Control de Confianza completado en 0.0s
2026-07-08 14:19:20,080 [tramites.Semanas] INFO: Iniciando consulta de semanas cotizadas...
2026-07-08 14:19:20,081 [tramites.Semanas] INFO: Semanas completadas en 0.0s
2026-07-08 14:19:20,130 [tramites.Semanas] INFO: Iniciando consulta de semanas cotizadas...
2026-07-08 14:19:20,131 [tramites.Semanas] ERROR: Error en 0.0s: boom
2026-07-08 14:19:20,179 [tramites.RFC] INFO: Iniciando consulta RFC...
2026-07-08 14:19:20,180 [tramites.RFC] INFO: RFC completado en 0.0s
2026-07-08 14:19:20,266 [tramites.ActaNacimiento] INFO: Iniciando consulta de Acta de Nacimiento...
2026-07-08 14:19:20,266 [tramites.ActaNacimiento] INFO: Acta completada en 0.0s
2026-07-08 14:19:20,354 [tramites.Pasaporte] INFO: Iniciando cita de pasaporte...
2026-07-08 14:19:20,355 [tramites.Pasaporte] INFO: Cita pasaporte completada en 0.0s
2026-07-08 14:33:18,138 [tramites.API] ERROR: Error en consulta CURP
Traceback (most recent call last):
  File "D:\automatizacion\src\api.py", line 237, in consultar_curp
    resultado = await modulo.consultar(curp=req.curp.upper())
                ^^^^^^^^^^^^^^^^^^^^^^^^^^^^^^^^^^^^^^^^^^^^^
  File "C:\Users\MK\AppData\Local\Programs\Python\Python314\Lib\unittest\mock.py", line 2333, in _execute_mock_call
    raise effect
Exception: Mocked module
2026-07-08 14:33:18,183 [tramites.API] ERROR: Error en consulta NSS
Traceback (most recent call last):
  File "D:\automatizacion\src\api.py", line 251, in consultar_nss
    resultado = await modulo.consultar(
                ^^^^^^^^^^^^^^^^^^^^^^^
        curp=req.curp.upper(), correo=req.correo
        ^^^^^^^^^^^^^^^^^^^^^^^^^^^^^^^^^^^^^^^^
    )
    ^
  File "C:\Users\MK\AppData\Local\Programs\Python\Python314\Lib\unittest\mock.py", line 2333, in _execute_mock_call
    raise effect
Exception: Mocked module
2026-07-08 14:34:25,638 [tramites.API] ERROR: Error en consulta CURP
Traceback (most recent call last):
  File "D:\automatizacion\src\api.py", line 237, in consultar_curp
    resultado = await modulo.consultar(curp=req.curp.upper())
                ^^^^^^^^^^^^^^^^^^^^^^^^^^^^^^^^^^^^^^^^^^^^^
  File "C:\Users\MK\AppData\Local\Programs\Python\Python314\Lib\unittest\mock.py", line 2333, in _execute_mock_call
    raise effect
Exception: Mocked module
2026-07-08 14:34:25,684 [tramites.API] ERROR: Error en consulta NSS
Traceback (most recent call last):
  File "D:\automatizacion\src\api.py", line 251, in consultar_nss
    resultado = await modulo.consultar(
                ^^^^^^^^^^^^^^^^^^^^^^^
        curp=req.curp.upper(), correo=req.correo
        ^^^^^^^^^^^^^^^^^^^^^^^^^^^^^^^^^^^^^^^^
    )
    ^
  File "C:\Users\MK\AppData\Local\Programs\Python\Python314\Lib\unittest\mock.py", line 2333, in _execute_mock_call
    raise effect
Exception: Mocked module
2026-07-08 14:34:35,049 [tramites.test_mod] INFO: hello
2026-07-08 14:34:35,051 [tramites.test_mod] ERROR: error!
2026-07-08 14:34:36,747 [tramites.Buro] INFO: Iniciando consulta Buró de Crédito...
2026-07-08 14:34:36,748 [tramites.Buro] INFO: Buró completado en 0.0s
2026-07-08 14:34:36,760 [tramites.Circulo] INFO: Iniciando consulta Círculo de Crédito...
2026-07-08 14:34:36,761 [tramites.Circulo] INFO: Círculo completado en 0.0s
2026-07-08 14:34:36,794 [tramites.Buro] INFO: Iniciando consulta Buró de Crédito...
2026-07-08 14:34:36,794 [tramites.Buro] ERROR: Error en 0.0s: boom
2026-07-08 14:34:36,830 [tramites.CURP] INFO: Iniciando consulta...
2026-07-08 14:34:36,830 [tramites.CURP] INFO: Completado en 0.0s
2026-07-08 14:34:36,848 [tramites.CURP] INFO: Iniciando consulta...
2026-07-08 14:34:36,859 [tramites.CURP] INFO: Iniciando consulta...
2026-07-08 14:34:36,870 [tramites.NSS] INFO: Iniciando consulta para CURP GALJ****
2026-07-08 14:34:36,870 [tramites.NSS] INFO: Completado en 0.0s
2026-07-08 14:34:36,892 [tramites.TENENCIA] INFO: Consultando tenencia para placa ABC123
2026-07-08 14:34:36,892 [tramites.TENENCIA] INFO: Completado en 0.0s
2026-07-08 14:34:36,914 [tramites.ANTECEDENTES] INFO: Iniciando trámite para CURP GALJ****
2026-07-08 14:34:36,915 [tramites.ANTECEDENTES] INFO: Completado en 0.0s
2026-07-08 14:34:36,934 [tramites.ANTECEDENTES] INFO: Iniciando trámite para CURP GALJ****
2026-07-08 14:34:36,949 [tramites.CitaINE] INFO: Iniciando cita INE...
2026-07-08 14:34:36,950 [tramites.CitaINE] INFO: Cita INE completada en 0.0s
2026-07-08 14:34:36,972 [tramites.CitaSAT] INFO: Iniciando cita SAT...
2026-07-08 14:34:36,973 [tramites.CitaSAT] INFO: Cita SAT completada en 0.0s
2026-07-08 14:34:36,997 [tramites.ControlConfianza] INFO: Iniciando Control de Confianza...
2026-07-08 14:34:36,997 [tramites.ControlConfianza] INFO: Control de Confianza completado en 0.0s
2026-07-08 14:34:37,024 [tramites.Semanas] INFO: Iniciando consulta de semanas cotizadas...
2026-07-08 14:34:37,024 [tramites.Semanas] INFO: Semanas completadas en 0.0s
2026-07-08 14:34:37,045 [tramites.Semanas] INFO: Iniciando consulta de semanas cotizadas...
2026-07-08 14:34:37,045 [tramites.Semanas] ERROR: Error en 0.0s: boom
2026-07-08 14:34:37,059 [tramites.RFC] INFO: Iniciando consulta RFC...
2026-07-08 14:34:37,060 [tramites.RFC] INFO: RFC completado en 0.0s
2026-07-08 14:34:37,084 [tramites.ActaNacimiento] INFO: Iniciando consulta de Acta de Nacimiento...
2026-07-08 14:34:37,085 [tramites.ActaNacimiento] INFO: Acta completada en 0.0s
2026-07-08 14:34:37,108 [tramites.Pasaporte] INFO: Iniciando cita de pasaporte...
2026-07-08 14:34:37,109 [tramites.Pasaporte] INFO: Cita pasaporte completada en 0.0s
2026-07-08 14:36:17,334 [tramites.API] ERROR: Error en consulta CURP
Traceback (most recent call last):
  File "D:\automatizacion\src\api.py", line 237, in consultar_curp
    resultado = await modulo.consultar(curp=req.curp.upper())
                ^^^^^^^^^^^^^^^^^^^^^^^^^^^^^^^^^^^^^^^^^^^^^
  File "C:\Users\MK\AppData\Local\Programs\Python\Python314\Lib\unittest\mock.py", line 2333, in _execute_mock_call
    raise effect
Exception: Mocked module
2026-07-08 14:36:17,389 [tramites.API] ERROR: Error en consulta NSS
Traceback (most recent call last):
  File "D:\automatizacion\src\api.py", line 251, in consultar_nss
    resultado = await modulo.consultar(
                ^^^^^^^^^^^^^^^^^^^^^^^
        curp=req.curp.upper(), correo=req.correo
        ^^^^^^^^^^^^^^^^^^^^^^^^^^^^^^^^^^^^^^^^
    )
    ^
  File "C:\Users\MK\AppData\Local\Programs\Python\Python314\Lib\unittest\mock.py", line 2333, in _execute_mock_call
    raise effect
Exception: Mocked module
2026-07-08 14:36:28,942 [tramites.test_mod] INFO: hello
2026-07-08 14:36:28,945 [tramites.test_mod] ERROR: error!
2026-07-08 14:36:30,729 [tramites.Buro] INFO: Iniciando consulta Buró de Crédito...
2026-07-08 14:36:30,730 [tramites.Buro] INFO: Buró completado en 0.0s
2026-07-08 14:36:30,747 [tramites.Circulo] INFO: Iniciando consulta Círculo de Crédito...
2026-07-08 14:36:30,748 [tramites.Circulo] INFO: Círculo completado en 0.0s
2026-07-08 14:36:30,796 [tramites.Buro] INFO: Iniciando consulta Buró de Crédito...
2026-07-08 14:36:30,797 [tramites.Buro] ERROR: Error en 0.0s: boom
2026-07-08 14:36:30,839 [tramites.CURP] INFO: Iniciando consulta...
2026-07-08 14:36:30,839 [tramites.CURP] INFO: Completado en 0.0s
2026-07-08 14:36:30,864 [tramites.CURP] INFO: Iniciando consulta...
2026-07-08 14:36:30,884 [tramites.CURP] INFO: Iniciando consulta...
2026-07-08 14:36:30,900 [tramites.NSS] INFO: Iniciando consulta para CURP GALJ****
2026-07-08 14:36:30,902 [tramites.NSS] INFO: Completado en 0.0s
2026-07-08 14:36:30,934 [tramites.TENENCIA] INFO: Consultando tenencia para placa ABC123
2026-07-08 14:36:30,934 [tramites.TENENCIA] INFO: Completado en 0.0s
2026-07-08 14:36:30,966 [tramites.ANTECEDENTES] INFO: Iniciando trámite para CURP GALJ****
2026-07-08 14:36:30,966 [tramites.ANTECEDENTES] INFO: Completado en 0.0s
2026-07-08 14:36:30,995 [tramites.ANTECEDENTES] INFO: Iniciando trámite para CURP GALJ****
2026-07-08 14:36:31,010 [tramites.CitaINE] INFO: Iniciando cita INE...
2026-07-08 14:36:31,010 [tramites.CitaINE] INFO: Cita INE completada en 0.0s
2026-07-08 14:36:31,040 [tramites.CitaSAT] INFO: Iniciando cita SAT...
2026-07-08 14:36:31,040 [tramites.CitaSAT] INFO: Cita SAT completada en 0.0s
2026-07-08 14:36:31,070 [tramites.ControlConfianza] INFO: Iniciando Control de Confianza...
2026-07-08 14:36:31,071 [tramites.ControlConfianza] INFO: Control de Confianza completado en 0.0s
2026-07-08 14:36:31,104 [tramites.Semanas] INFO: Iniciando consulta de semanas cotizadas...
2026-07-08 14:36:31,105 [tramites.Semanas] INFO: Semanas completadas en 0.0s
2026-07-08 14:36:31,134 [tramites.Semanas] INFO: Iniciando consulta de semanas cotizadas...
2026-07-08 14:36:31,135 [tramites.Semanas] ERROR: Error en 0.0s: boom
2026-07-08 14:36:31,151 [tramites.RFC] INFO: Iniciando consulta RFC...
2026-07-08 14:36:31,151 [tramites.RFC] INFO: RFC completado en 0.0s
2026-07-08 14:36:31,181 [tramites.ActaNacimiento] INFO: Iniciando consulta de Acta de Nacimiento...
2026-07-08 14:36:31,182 [tramites.ActaNacimiento] INFO: Acta completada en 0.0s
2026-07-08 14:36:31,210 [tramites.Pasaporte] INFO: Iniciando cita de pasaporte...
2026-07-08 14:36:31,210 [tramites.Pasaporte] INFO: Cita pasaporte completada en 0.0s
2026-07-08 15:13:22,478 [tramites.API] ERROR: Error en consulta CURP
Traceback (most recent call last):
  File "D:\automatizacion\src\api.py", line 237, in consultar_curp
    resultado = await modulo.consultar(curp=req.curp.upper())
                ^^^^^^^^^^^^^^^^^^^^^^^^^^^^^^^^^^^^^^^^^^^^^
  File "C:\Users\MK\AppData\Local\Programs\Python\Python314\Lib\unittest\mock.py", line 2333, in _execute_mock_call
    raise effect
Exception: Mocked module
2026-07-08 15:13:22,560 [tramites.API] ERROR: Error en consulta NSS
Traceback (most recent call last):
  File "D:\automatizacion\src\api.py", line 251, in consultar_nss
    resultado = await modulo.consultar(
                ^^^^^^^^^^^^^^^^^^^^^^^
        curp=req.curp.upper(), correo=req.correo
        ^^^^^^^^^^^^^^^^^^^^^^^^^^^^^^^^^^^^^^^^
    )
    ^
  File "C:\Users\MK\AppData\Local\Programs\Python\Python314\Lib\unittest\mock.py", line 2333, in _execute_mock_call
    raise effect
Exception: Mocked module
2026-07-08 15:13:38,476 [tramites.test_mod] INFO: hello
2026-07-08 15:13:38,482 [tramites.test_mod] ERROR: error!
2026-07-08 15:13:41,629 [tramites.Buro] INFO: Iniciando consulta Buró de Crédito...
2026-07-08 15:13:41,631 [tramites.Buro] INFO: Buró completado en 0.0s
2026-07-08 15:13:41,656 [tramites.Circulo] INFO: Iniciando consulta Círculo de Crédito...
2026-07-08 15:13:41,657 [tramites.Circulo] INFO: Círculo completado en 0.0s
2026-07-08 15:13:41,726 [tramites.Buro] INFO: Iniciando consulta Buró de Crédito...
2026-07-08 15:13:41,727 [tramites.Buro] ERROR: Error en 0.0s: boom
2026-07-08 15:13:41,796 [tramites.CURP] INFO: Iniciando consulta...
2026-07-08 15:13:41,797 [tramites.CURP] INFO: Completado en 0.0s
2026-07-08 15:13:41,837 [tramites.CURP] INFO: Iniciando consulta...
2026-07-08 15:13:41,860 [tramites.CURP] INFO: Iniciando consulta...
2026-07-08 15:13:41,885 [tramites.NSS] INFO: Iniciando consulta para CURP GALJ****
2026-07-08 15:13:41,886 [tramites.NSS] INFO: Completado en 0.0s
2026-07-08 15:13:41,934 [tramites.TENENCIA] INFO: Consultando tenencia para placa ABC123
2026-07-08 15:13:41,935 [tramites.TENENCIA] INFO: Completado en 0.0s
2026-07-08 15:13:41,989 [tramites.ANTECEDENTES] INFO: Iniciando trámite para CURP GALJ****
2026-07-08 15:13:41,990 [tramites.ANTECEDENTES] INFO: Completado en 0.0s
2026-07-08 15:13:42,026 [tramites.ANTECEDENTES] INFO: Iniciando trámite para CURP GALJ****
2026-07-08 15:13:42,055 [tramites.CitaINE] INFO: Iniciando cita INE...
2026-07-08 15:13:42,056 [tramites.CitaINE] INFO: Cita INE completada en 0.0s
2026-07-08 15:13:42,093 [tramites.CitaSAT] INFO: Iniciando cita SAT...
2026-07-08 15:13:42,094 [tramites.CitaSAT] INFO: Cita SAT completada en 0.0s
2026-07-08 15:13:42,144 [tramites.ControlConfianza] INFO: Iniciando Control de Confianza...
2026-07-08 15:13:42,144 [tramites.ControlConfianza] INFO: Control de Confianza completado en 0.0s
2026-07-08 15:13:42,196 [tramites.Semanas] INFO: Iniciando consulta de semanas cotizadas...
2026-07-08 15:13:42,197 [tramites.Semanas] INFO: Semanas completadas en 0.0s
2026-07-08 15:13:42,234 [tramites.Semanas] INFO: Iniciando consulta de semanas cotizadas...
2026-07-08 15:13:42,235 [tramites.Semanas] ERROR: Error en 0.0s: boom
2026-07-08 15:13:42,263 [tramites.RFC] INFO: Iniciando consulta RFC...
2026-07-08 15:13:42,264 [tramites.RFC] INFO: RFC completado en 0.0s
2026-07-08 15:13:42,319 [tramites.ActaNacimiento] INFO: Iniciando consulta de Acta de Nacimiento...
2026-07-08 15:13:42,320 [tramites.ActaNacimiento] INFO: Acta completada en 0.0s
2026-07-08 15:13:42,370 [tramites.Pasaporte] INFO: Iniciando cita de pasaporte...
2026-07-08 15:13:42,372 [tramites.Pasaporte] INFO: Cita pasaporte completada en 0.0s
2026-07-08 15:20:24,888 [tramites.API] ERROR: Error en consulta CURP
Traceback (most recent call last):
  File "D:\automatizacion\src\api.py", line 237, in consultar_curp
    resultado = await modulo.consultar(curp=req.curp.upper())
                ^^^^^^^^^^^^^^^^^^^^^^^^^^^^^^^^^^^^^^^^^^^^^
  File "C:\Users\MK\AppData\Local\Programs\Python\Python314\Lib\unittest\mock.py", line 2333, in _execute_mock_call
    raise effect
Exception: Mocked module
2026-07-08 15:20:24,951 [tramites.API] ERROR: Error en consulta NSS
Traceback (most recent call last):
  File "D:\automatizacion\src\api.py", line 251, in consultar_nss
    resultado = await modulo.consultar(
                ^^^^^^^^^^^^^^^^^^^^^^^
        curp=req.curp.upper(), correo=req.correo
        ^^^^^^^^^^^^^^^^^^^^^^^^^^^^^^^^^^^^^^^^
    )
    ^
  File "C:\Users\MK\AppData\Local\Programs\Python\Python314\Lib\unittest\mock.py", line 2333, in _execute_mock_call
    raise effect
Exception: Mocked module
2026-07-08 15:20:37,454 [tramites.test_mod] INFO: hello
2026-07-08 15:20:37,458 [tramites.test_mod] ERROR: error!
2026-07-08 15:20:39,559 [tramites.Buro] INFO: Iniciando consulta Buró de Crédito...
2026-07-08 15:20:39,560 [tramites.Buro] INFO: Buró completado en 0.0s
2026-07-08 15:20:39,583 [tramites.Circulo] INFO: Iniciando consulta Círculo de Crédito...
2026-07-08 15:20:39,584 [tramites.Circulo] INFO: Círculo completado en 0.0s
2026-07-08 15:20:39,641 [tramites.Buro] INFO: Iniciando consulta Buró de Crédito...
2026-07-08 15:20:39,642 [tramites.Buro] ERROR: Error en 0.0s: boom
2026-07-08 15:20:39,689 [tramites.CURP] INFO: Iniciando consulta...
2026-07-08 15:20:39,690 [tramites.CURP] INFO: Completado en 0.0s
2026-07-08 15:20:39,725 [tramites.CURP] INFO: Iniciando consulta...
2026-07-08 15:20:39,746 [tramites.CURP] INFO: Iniciando consulta...
2026-07-08 15:20:39,766 [tramites.NSS] INFO: Iniciando consulta para CURP GALJ****
2026-07-08 15:20:39,767 [tramites.NSS] INFO: Completado en 0.0s
2026-07-08 15:20:39,808 [tramites.TENENCIA] INFO: Consultando tenencia para placa ABC123
2026-07-08 15:20:39,808 [tramites.TENENCIA] INFO: Completado en 0.0s
2026-07-08 15:20:39,855 [tramites.ANTECEDENTES] INFO: Iniciando trámite para CURP GALJ****
2026-07-08 15:20:39,856 [tramites.ANTECEDENTES] INFO: Completado en 0.0s
2026-07-08 15:20:39,888 [tramites.ANTECEDENTES] INFO: Iniciando trámite para CURP GALJ****
2026-07-08 15:20:39,907 [tramites.CitaINE] INFO: Iniciando cita INE...
2026-07-08 15:20:39,908 [tramites.CitaINE] INFO: Cita INE completada en 0.0s
2026-07-08 15:20:39,939 [tramites.CitaSAT] INFO: Iniciando cita SAT...
2026-07-08 15:20:39,939 [tramites.CitaSAT] INFO: Cita SAT completada en 0.0s
2026-07-08 15:20:39,978 [tramites.ControlConfianza] INFO: Iniciando Control de Confianza...
2026-07-08 15:20:39,979 [tramites.ControlConfianza] INFO: Control de Confianza completado en 0.0s
2026-07-08 15:20:40,013 [tramites.Semanas] INFO: Iniciando consulta de semanas cotizadas...
2026-07-08 15:20:40,013 [tramites.Semanas] INFO: Semanas completadas en 0.0s
2026-07-08 15:20:40,044 [tramites.Semanas] INFO: Iniciando consulta de semanas cotizadas...
2026-07-08 15:20:40,045 [tramites.Semanas] ERROR: Error en 0.0s: boom
2026-07-08 15:20:40,067 [tramites.RFC] INFO: Iniciando consulta RFC...
2026-07-08 15:20:40,068 [tramites.RFC] INFO: RFC completado en 0.0s
2026-07-08 15:20:40,103 [tramites.ActaNacimiento] INFO: Iniciando consulta de Acta de Nacimiento...
2026-07-08 15:20:40,104 [tramites.ActaNacimiento] INFO: Acta completada en 0.0s
2026-07-08 15:20:40,136 [tramites.Pasaporte] INFO: Iniciando cita de pasaporte...
2026-07-08 15:20:40,136 [tramites.Pasaporte] INFO: Cita pasaporte completada en 0.0s
2026-07-08 15:47:00,387 [tramites.API] ERROR: Error en consulta CURP
Traceback (most recent call last):
  File "D:\automatizacion\src\api.py", line 237, in consultar_curp
    resultado = await modulo.consultar(curp=req.curp.upper())
                ^^^^^^^^^^^^^^^^^^^^^^^^^^^^^^^^^^^^^^^^^^^^^
  File "C:\Users\MK\AppData\Local\Programs\Python\Python314\Lib\unittest\mock.py", line 2333, in _execute_mock_call
    raise effect
Exception: Mocked module
2026-07-08 15:47:00,444 [tramites.API] ERROR: Error en consulta NSS
Traceback (most recent call last):
  File "D:\automatizacion\src\api.py", line 251, in consultar_nss
    resultado = await modulo.consultar(
                ^^^^^^^^^^^^^^^^^^^^^^^
        curp=req.curp.upper(), correo=req.correo
        ^^^^^^^^^^^^^^^^^^^^^^^^^^^^^^^^^^^^^^^^
    )
    ^
  File "C:\Users\MK\AppData\Local\Programs\Python\Python314\Lib\unittest\mock.py", line 2333, in _execute_mock_call
    raise effect
Exception: Mocked module
2026-07-08 15:47:12,591 [tramites.test_mod] INFO: hello
2026-07-08 15:47:12,594 [tramites.test_mod] ERROR: error!
2026-07-08 15:47:14,266 [tramites.Buro] INFO: Iniciando consulta Buró de Crédito...
2026-07-08 15:47:14,267 [tramites.Buro] INFO: Buró completado en 0.0s
2026-07-08 15:47:14,286 [tramites.Circulo] INFO: Iniciando consulta Círculo de Crédito...
2026-07-08 15:47:14,286 [tramites.Circulo] INFO: Círculo completado en 0.0s
2026-07-08 15:47:14,329 [tramites.Buro] INFO: Iniciando consulta Buró de Crédito...
2026-07-08 15:47:14,330 [tramites.Buro] ERROR: Error en 0.0s: boom
2026-07-08 15:47:14,367 [tramites.CURP] INFO: Iniciando consulta...
2026-07-08 15:47:14,368 [tramites.CURP] INFO: Completado en 0.0s
2026-07-08 15:47:14,390 [tramites.CURP] INFO: Iniciando consulta...
2026-07-08 15:47:14,407 [tramites.CURP] INFO: Iniciando consulta...
2026-07-08 15:47:14,421 [tramites.NSS] INFO: Iniciando consulta para CURP GALJ****
2026-07-08 15:47:14,422 [tramites.NSS] INFO: Completado en 0.0s
2026-07-08 15:47:14,446 [tramites.TENENCIA] INFO: Consultando tenencia para placa ABC123
2026-07-08 15:47:14,447 [tramites.TENENCIA] INFO: Completado en 0.0s
2026-07-08 15:47:14,476 [tramites.ANTECEDENTES] INFO: Iniciando trámite para CURP GALJ****
2026-07-08 15:47:14,476 [tramites.ANTECEDENTES] INFO: Completado en 0.0s
2026-07-08 15:47:14,501 [tramites.ANTECEDENTES] INFO: Iniciando trámite para CURP GALJ****
2026-07-08 15:47:14,516 [tramites.CitaINE] INFO: Iniciando cita INE...
2026-07-08 15:47:14,517 [tramites.CitaINE] INFO: Cita INE completada en 0.0s
2026-07-08 15:47:14,539 [tramites.CitaSAT] INFO: Iniciando cita SAT...
2026-07-08 15:47:14,540 [tramites.CitaSAT] INFO: Cita SAT completada en 0.0s
2026-07-08 15:47:14,565 [tramites.ControlConfianza] INFO: Iniciando Control de Confianza...
2026-07-08 15:47:14,565 [tramites.ControlConfianza] INFO: Control de Confianza completado en 0.0s
2026-07-08 15:47:14,591 [tramites.Semanas] INFO: Iniciando consulta de semanas cotizadas...
2026-07-08 15:47:14,591 [tramites.Semanas] INFO: Semanas completadas en 0.0s
2026-07-08 15:47:14,614 [tramites.Semanas] INFO: Iniciando consulta de semanas cotizadas...
2026-07-08 15:47:14,615 [tramites.Semanas] ERROR: Error en 0.0s: boom
2026-07-08 15:47:14,646 [tramites.RFC] INFO: Iniciando consulta RFC...
2026-07-08 15:47:14,647 [tramites.RFC] INFO: RFC completado en 0.0s
2026-07-08 15:47:14,676 [tramites.ActaNacimiento] INFO: Iniciando consulta de Acta de Nacimiento...
2026-07-08 15:47:14,677 [tramites.ActaNacimiento] INFO: Acta completada en 0.0s
2026-07-08 15:47:14,701 [tramites.Pasaporte] INFO: Iniciando cita de pasaporte...
2026-07-08 15:47:14,701 [tramites.Pasaporte] INFO: Cita pasaporte completada en 0.0s
2026-07-08 15:48:15,066 [tramites.API] ERROR: Error en consulta CURP
Traceback (most recent call last):
  File "D:\automatizacion\src\api.py", line 237, in consultar_curp
    resultado = await modulo.consultar(curp=req.curp.upper())
                ^^^^^^^^^^^^^^^^^^^^^^^^^^^^^^^^^^^^^^^^^^^^^
  File "C:\Users\MK\AppData\Local\Programs\Python\Python314\Lib\unittest\mock.py", line 2333, in _execute_mock_call
    raise effect
Exception: Mocked module
2026-07-08 15:48:15,128 [tramites.API] ERROR: Error en consulta NSS
Traceback (most recent call last):
  File "D:\automatizacion\src\api.py", line 251, in consultar_nss
    resultado = await modulo.consultar(
                ^^^^^^^^^^^^^^^^^^^^^^^
        curp=req.curp.upper(), correo=req.correo
        ^^^^^^^^^^^^^^^^^^^^^^^^^^^^^^^^^^^^^^^^
    )
    ^
  File "C:\Users\MK\AppData\Local\Programs\Python\Python314\Lib\unittest\mock.py", line 2333, in _execute_mock_call
    raise effect
Exception: Mocked module
2026-07-08 15:48:29,733 [tramites.test_mod] INFO: hello
2026-07-08 15:48:29,737 [tramites.test_mod] ERROR: error!
2026-07-08 15:48:31,587 [tramites.Buro] INFO: Iniciando consulta Buró de Crédito...
2026-07-08 15:48:31,587 [tramites.Buro] INFO: Buró completado en 0.0s
2026-07-08 15:48:31,606 [tramites.Circulo] INFO: Iniciando consulta Círculo de Crédito...
2026-07-08 15:48:31,608 [tramites.Circulo] INFO: Círculo completado en 0.0s
2026-07-08 15:48:31,651 [tramites.Buro] INFO: Iniciando consulta Buró de Crédito...
2026-07-08 15:48:31,651 [tramites.Buro] ERROR: Error en 0.0s: boom
2026-07-08 15:48:31,688 [tramites.CURP] INFO: Iniciando consulta...
2026-07-08 15:48:31,689 [tramites.CURP] INFO: Completado en 0.0s
2026-07-08 15:48:31,725 [tramites.CURP] INFO: Iniciando consulta...
2026-07-08 15:48:31,737 [tramites.CURP] INFO: Iniciando consulta...
2026-07-08 15:48:31,755 [tramites.NSS] INFO: Iniciando consulta para CURP GALJ****
2026-07-08 15:48:31,756 [tramites.NSS] INFO: Completado en 0.0s
2026-07-08 15:48:31,782 [tramites.TENENCIA] INFO: Consultando tenencia para placa ABC123
2026-07-08 15:48:31,783 [tramites.TENENCIA] INFO: Completado en 0.0s
2026-07-08 15:48:31,818 [tramites.ANTECEDENTES] INFO: Iniciando trámite para CURP GALJ****
2026-07-08 15:48:31,818 [tramites.ANTECEDENTES] INFO: Completado en 0.0s
2026-07-08 15:48:31,854 [tramites.ANTECEDENTES] INFO: Iniciando trámite para CURP GALJ****
2026-07-08 15:48:31,873 [tramites.CitaINE] INFO: Iniciando cita INE...
2026-07-08 15:48:31,874 [tramites.CitaINE] INFO: Cita INE completada en 0.0s
2026-07-08 15:48:31,907 [tramites.CitaSAT] INFO: Iniciando cita SAT...
2026-07-08 15:48:31,908 [tramites.CitaSAT] INFO: Cita SAT completada en 0.0s
2026-07-08 15:48:31,939 [tramites.ControlConfianza] INFO: Iniciando Control de Confianza...
2026-07-08 15:48:31,940 [tramites.ControlConfianza] INFO: Control de Confianza completado en 0.0s
2026-07-08 15:48:31,974 [tramites.Semanas] INFO: Iniciando consulta de semanas cotizadas...
2026-07-08 15:48:31,975 [tramites.Semanas] INFO: Semanas completadas en 0.0s
2026-07-08 15:48:32,005 [tramites.Semanas] INFO: Iniciando consulta de semanas cotizadas...
2026-07-08 15:48:32,006 [tramites.Semanas] ERROR: Error en 0.0s: boom
2026-07-08 15:48:32,022 [tramites.RFC] INFO: Iniciando consulta RFC...
2026-07-08 15:48:32,023 [tramites.RFC] INFO: RFC completado en 0.0s
2026-07-08 15:48:32,052 [tramites.ActaNacimiento] INFO: Iniciando consulta de Acta de Nacimiento...
2026-07-08 15:48:32,053 [tramites.ActaNacimiento] INFO: Acta completada en 0.0s
2026-07-08 15:48:32,083 [tramites.Pasaporte] INFO: Iniciando cita de pasaporte...
2026-07-08 15:48:32,084 [tramites.Pasaporte] INFO: Cita pasaporte completada en 0.0s
2026-07-08 15:49:38,196 [tramites.API] ERROR: Error en consulta CURP
Traceback (most recent call last):
  File "D:\automatizacion\src\api.py", line 237, in consultar_curp
    resultado = await modulo.consultar(curp=req.curp.upper())
                ^^^^^^^^^^^^^^^^^^^^^^^^^^^^^^^^^^^^^^^^^^^^^
  File "C:\Users\MK\AppData\Local\Programs\Python\Python314\Lib\unittest\mock.py", line 2333, in _execute_mock_call
    raise effect
Exception: Mocked module
2026-07-08 15:49:38,255 [tramites.API] ERROR: Error en consulta NSS
Traceback (most recent call last):
  File "D:\automatizacion\src\api.py", line 251, in consultar_nss
    resultado = await modulo.consultar(
                ^^^^^^^^^^^^^^^^^^^^^^^
        curp=req.curp.upper(), correo=req.correo
        ^^^^^^^^^^^^^^^^^^^^^^^^^^^^^^^^^^^^^^^^
    )
    ^
  File "C:\Users\MK\AppData\Local\Programs\Python\Python314\Lib\unittest\mock.py", line 2333, in _execute_mock_call
    raise effect
Exception: Mocked module
2026-07-08 15:49:59,223 [tramites.test_mod] INFO: hello
2026-07-08 15:49:59,230 [tramites.test_mod] ERROR: error!
2026-07-08 15:50:04,620 [tramites.Buro] INFO: Iniciando consulta Buró de Crédito...
2026-07-08 15:50:04,620 [tramites.Buro] INFO: Buró completado en 0.0s
2026-07-08 15:50:04,639 [tramites.Circulo] INFO: Iniciando consulta Círculo de Crédito...
2026-07-08 15:50:04,640 [tramites.Circulo] INFO: Círculo completado en 0.0s
2026-07-08 15:50:04,751 [tramites.Buro] INFO: Iniciando consulta Buró de Crédito...
2026-07-08 15:50:04,752 [tramites.Buro] ERROR: Error en 0.0s: boom
2026-07-08 15:50:04,828 [tramites.CURP] INFO: Iniciando consulta...
2026-07-08 15:50:04,829 [tramites.CURP] INFO: Completado en 0.0s
2026-07-08 15:50:04,889 [tramites.CURP] INFO: Iniciando consulta...
2026-07-08 15:50:04,921 [tramites.CURP] INFO: Iniciando consulta...
2026-07-08 15:50:04,951 [tramites.NSS] INFO: Iniciando consulta para CURP GALJ****
2026-07-08 15:50:04,956 [tramites.NSS] INFO: Completado en 0.0s
2026-07-08 15:50:05,010 [tramites.TENENCIA] INFO: Consultando tenencia para placa ABC123
2026-07-08 15:50:05,012 [tramites.TENENCIA] INFO: Completado en 0.0s
2026-07-08 15:50:05,083 [tramites.ANTECEDENTES] INFO: Iniciando trámite para CURP GALJ****
2026-07-08 15:50:05,084 [tramites.ANTECEDENTES] INFO: Completado en 0.0s
2026-07-08 15:50:05,142 [tramites.ANTECEDENTES] INFO: Iniciando trámite para CURP GALJ****
2026-07-08 15:50:05,169 [tramites.CitaINE] INFO: Iniciando cita INE...
2026-07-08 15:50:05,171 [tramites.CitaINE] INFO: Cita INE completada en 0.0s
2026-07-08 15:50:05,224 [tramites.CitaSAT] INFO: Iniciando cita SAT...
2026-07-08 15:50:05,226 [tramites.CitaSAT] INFO: Cita SAT completada en 0.0s
2026-07-08 15:50:05,294 [tramites.ControlConfianza] INFO: Iniciando Control de Confianza...
2026-07-08 15:50:05,296 [tramites.ControlConfianza] INFO: Control de Confianza completado en 0.0s
2026-07-08 15:50:05,352 [tramites.Semanas] INFO: Iniciando consulta de semanas cotizadas...
2026-07-08 15:50:05,354 [tramites.Semanas] INFO: Semanas completadas en 0.0s
2026-07-08 15:50:05,436 [tramites.Semanas] INFO: Iniciando consulta de semanas cotizadas...
2026-07-08 15:50:05,438 [tramites.Semanas] ERROR: Error en 0.0s: boom
2026-07-08 15:50:05,467 [tramites.RFC] INFO: Iniciando consulta RFC...
2026-07-08 15:50:05,469 [tramites.RFC] INFO: RFC completado en 0.0s
2026-07-08 15:50:05,521 [tramites.ActaNacimiento] INFO: Iniciando consulta de Acta de Nacimiento...
2026-07-08 15:50:05,523 [tramites.ActaNacimiento] INFO: Acta completada en 0.0s
2026-07-08 15:50:05,590 [tramites.Pasaporte] INFO: Iniciando cita de pasaporte...
2026-07-08 15:50:05,592 [tramites.Pasaporte] INFO: Cita pasaporte completada en 0.0s
2026-07-08 15:51:11,936 [tramites.API] ERROR: Error en consulta CURP
Traceback (most recent call last):
  File "D:\automatizacion\src\api.py", line 237, in consultar_curp
    resultado = await modulo.consultar(curp=req.curp.upper())
                ^^^^^^^^^^^^^^^^^^^^^^^^^^^^^^^^^^^^^^^^^^^^^
  File "C:\Users\MK\AppData\Local\Programs\Python\Python314\Lib\unittest\mock.py", line 2333, in _execute_mock_call
    raise effect
Exception: Mocked module
2026-07-08 15:51:12,001 [tramites.API] ERROR: Error en consulta NSS
Traceback (most recent call last):
  File "D:\automatizacion\src\api.py", line 251, in consultar_nss
    resultado = await modulo.consultar(
                ^^^^^^^^^^^^^^^^^^^^^^^
        curp=req.curp.upper(), correo=req.correo
        ^^^^^^^^^^^^^^^^^^^^^^^^^^^^^^^^^^^^^^^^
    )
    ^
  File "C:\Users\MK\AppData\Local\Programs\Python\Python314\Lib\unittest\mock.py", line 2333, in _execute_mock_call
    raise effect
Exception: Mocked module
2026-07-08 15:51:25,665 [tramites.test_mod] INFO: hello
2026-07-08 15:51:25,668 [tramites.test_mod] ERROR: error!
2026-07-08 15:51:27,621 [tramites.Buro] INFO: Iniciando consulta Buró de Crédito...
2026-07-08 15:51:27,622 [tramites.Buro] INFO: Buró completado en 0.0s
2026-07-08 15:51:27,642 [tramites.Circulo] INFO: Iniciando consulta Círculo de Crédito...
2026-07-08 15:51:27,643 [tramites.Circulo] INFO: Círculo completado en 0.0s
2026-07-08 15:51:27,691 [tramites.Buro] INFO: Iniciando consulta Buró de Crédito...
2026-07-08 15:51:27,692 [tramites.Buro] ERROR: Error en 0.0s: boom
2026-07-08 15:51:27,738 [tramites.CURP] INFO: Iniciando consulta...
2026-07-08 15:51:27,739 [tramites.CURP] INFO: Completado en 0.0s
2026-07-08 15:51:27,762 [tramites.CURP] INFO: Iniciando consulta...
2026-07-08 15:51:27,777 [tramites.CURP] INFO: Iniciando consulta...
2026-07-08 15:51:27,797 [tramites.NSS] INFO: Iniciando consulta para CURP GALJ****
2026-07-08 15:51:27,798 [tramites.NSS] INFO: Completado en 0.0s
2026-07-08 15:51:27,827 [tramites.TENENCIA] INFO: Consultando tenencia para placa ABC123
2026-07-08 15:51:27,828 [tramites.TENENCIA] INFO: Completado en 0.0s
2026-07-08 15:51:27,854 [tramites.ANTECEDENTES] INFO: Iniciando trámite para CURP GALJ****
2026-07-08 15:51:27,855 [tramites.ANTECEDENTES] INFO: Completado en 0.0s
2026-07-08 15:51:27,884 [tramites.ANTECEDENTES] INFO: Iniciando trámite para CURP GALJ****
2026-07-08 15:51:27,903 [tramites.CitaINE] INFO: Iniciando cita INE...
2026-07-08 15:51:27,904 [tramites.CitaINE] INFO: Cita INE completada en 0.0s
2026-07-08 15:51:27,930 [tramites.CitaSAT] INFO: Iniciando cita SAT...
2026-07-08 15:51:27,931 [tramites.CitaSAT] INFO: Cita SAT completada en 0.0s
2026-07-08 15:51:27,955 [tramites.ControlConfianza] INFO: Iniciando Control de Confianza...
2026-07-08 15:51:27,956 [tramites.ControlConfianza] INFO: Control de Confianza completado en 0.0s
2026-07-08 15:51:27,991 [tramites.Semanas] INFO: Iniciando consulta de semanas cotizadas...
2026-07-08 15:51:27,991 [tramites.Semanas] INFO: Semanas completadas en 0.0s
2026-07-08 15:51:28,018 [tramites.Semanas] INFO: Iniciando consulta de semanas cotizadas...
2026-07-08 15:51:28,019 [tramites.Semanas] ERROR: Error en 0.0s: boom
2026-07-08 15:51:28,038 [tramites.RFC] INFO: Iniciando consulta RFC...
2026-07-08 15:51:28,039 [tramites.RFC] INFO: RFC completado en 0.0s
2026-07-08 15:51:28,069 [tramites.ActaNacimiento] INFO: Iniciando consulta de Acta de Nacimiento...
2026-07-08 15:51:28,069 [tramites.ActaNacimiento] INFO: Acta completada en 0.0s
2026-07-08 15:51:28,100 [tramites.Pasaporte] INFO: Iniciando cita de pasaporte...
2026-07-08 15:51:28,101 [tramites.Pasaporte] INFO: Cita pasaporte completada en 0.0s
2026-07-08 15:52:33,549 [tramites.API] ERROR: Error en consulta CURP
Traceback (most recent call last):
  File "D:\automatizacion\src\api.py", line 237, in consultar_curp
    resultado = await modulo.consultar(curp=req.curp.upper())
                ^^^^^^^^^^^^^^^^^^^^^^^^^^^^^^^^^^^^^^^^^^^^^
  File "C:\Users\MK\AppData\Local\Programs\Python\Python314\Lib\unittest\mock.py", line 2333, in _execute_mock_call
    raise effect
Exception: Mocked module
2026-07-08 15:52:33,610 [tramites.API] ERROR: Error en consulta NSS
Traceback (most recent call last):
  File "D:\automatizacion\src\api.py", line 251, in consultar_nss
    resultado = await modulo.consultar(
                ^^^^^^^^^^^^^^^^^^^^^^^
        curp=req.curp.upper(), correo=req.correo
        ^^^^^^^^^^^^^^^^^^^^^^^^^^^^^^^^^^^^^^^^
    )
    ^
  File "C:\Users\MK\AppData\Local\Programs\Python\Python314\Lib\unittest\mock.py", line 2333, in _execute_mock_call
    raise effect
Exception: Mocked module
2026-07-08 15:52:47,594 [tramites.test_mod] INFO: hello
2026-07-08 15:52:47,602 [tramites.test_mod] ERROR: error!
2026-07-08 15:52:49,628 [tramites.Buro] INFO: Iniciando consulta Buró de Crédito...
2026-07-08 15:52:49,628 [tramites.Buro] INFO: Buró completado en 0.0s
2026-07-08 15:52:49,647 [tramites.Circulo] INFO: Iniciando consulta Círculo de Crédito...
2026-07-08 15:52:49,648 [tramites.Circulo] INFO: Círculo completado en 0.0s
2026-07-08 15:52:49,701 [tramites.Buro] INFO: Iniciando consulta Buró de Crédito...
2026-07-08 15:52:49,702 [tramites.Buro] ERROR: Error en 0.0s: boom
2026-07-08 15:52:49,751 [tramites.CURP] INFO: Iniciando consulta...
2026-07-08 15:52:49,752 [tramites.CURP] INFO: Completado en 0.0s
2026-07-08 15:52:49,779 [tramites.CURP] INFO: Iniciando consulta...
2026-07-08 15:52:49,798 [tramites.CURP] INFO: Iniciando consulta...
2026-07-08 15:52:49,812 [tramites.NSS] INFO: Iniciando consulta para CURP GALJ****
2026-07-08 15:52:49,813 [tramites.NSS] INFO: Completado en 0.0s
2026-07-08 15:52:49,851 [tramites.TENENCIA] INFO: Consultando tenencia para placa ABC123
2026-07-08 15:52:49,852 [tramites.TENENCIA] INFO: Completado en 0.0s
2026-07-08 15:52:49,887 [tramites.ANTECEDENTES] INFO: Iniciando trámite para CURP GALJ****
2026-07-08 15:52:49,888 [tramites.ANTECEDENTES] INFO: Completado en 0.0s
2026-07-08 15:52:49,919 [tramites.ANTECEDENTES] INFO: Iniciando trámite para CURP GALJ****
2026-07-08 15:52:49,940 [tramites.CitaINE] INFO: Iniciando cita INE...
2026-07-08 15:52:49,941 [tramites.CitaINE] INFO: Cita INE completada en 0.0s
2026-07-08 15:52:49,967 [tramites.CitaSAT] INFO: Iniciando cita SAT...
2026-07-08 15:52:49,968 [tramites.CitaSAT] INFO: Cita SAT completada en 0.0s
2026-07-08 15:52:49,999 [tramites.ControlConfianza] INFO: Iniciando Control de Confianza...
2026-07-08 15:52:50,000 [tramites.ControlConfianza] INFO: Control de Confianza completado en 0.0s
2026-07-08 15:52:50,034 [tramites.Semanas] INFO: Iniciando consulta de semanas cotizadas...
2026-07-08 15:52:50,035 [tramites.Semanas] INFO: Semanas completadas en 0.0s
2026-07-08 15:52:50,061 [tramites.Semanas] INFO: Iniciando consulta de semanas cotizadas...
2026-07-08 15:52:50,062 [tramites.Semanas] ERROR: Error en 0.0s: boom
2026-07-08 15:52:50,083 [tramites.RFC] INFO: Iniciando consulta RFC...
2026-07-08 15:52:50,084 [tramites.RFC] INFO: RFC completado en 0.0s
2026-07-08 15:52:50,113 [tramites.ActaNacimiento] INFO: Iniciando consulta de Acta de Nacimiento...
2026-07-08 15:52:50,113 [tramites.ActaNacimiento] INFO: Acta completada en 0.0s
2026-07-08 15:52:50,141 [tramites.Pasaporte] INFO: Iniciando cita de pasaporte...
2026-07-08 15:52:50,142 [tramites.Pasaporte] INFO: Cita pasaporte completada en 0.0s
2026-07-08 15:53:57,333 [tramites.API] ERROR: Error en consulta CURP
Traceback (most recent call last):
  File "D:\automatizacion\src\api.py", line 237, in consultar_curp
    resultado = await modulo.consultar(curp=req.curp.upper())
                ^^^^^^^^^^^^^^^^^^^^^^^^^^^^^^^^^^^^^^^^^^^^^
  File "C:\Users\MK\AppData\Local\Programs\Python\Python314\Lib\unittest\mock.py", line 2333, in _execute_mock_call
    raise effect
Exception: Mocked module
2026-07-08 15:53:57,405 [tramites.API] ERROR: Error en consulta NSS
Traceback (most recent call last):
  File "D:\automatizacion\src\api.py", line 251, in consultar_nss
    resultado = await modulo.consultar(
                ^^^^^^^^^^^^^^^^^^^^^^^
        curp=req.curp.upper(), correo=req.correo
        ^^^^^^^^^^^^^^^^^^^^^^^^^^^^^^^^^^^^^^^^
    )
    ^
  File "C:\Users\MK\AppData\Local\Programs\Python\Python314\Lib\unittest\mock.py", line 2333, in _execute_mock_call
    raise effect
Exception: Mocked module
2026-07-08 15:54:11,845 [tramites.test_mod] INFO: hello
2026-07-08 15:54:11,851 [tramites.test_mod] ERROR: error!
2026-07-08 15:54:14,473 [tramites.Buro] INFO: Iniciando consulta Buró de Crédito...
2026-07-08 15:54:14,474 [tramites.Buro] INFO: Buró completado en 0.0s
2026-07-08 15:54:14,498 [tramites.Circulo] INFO: Iniciando consulta Círculo de Crédito...
2026-07-08 15:54:14,499 [tramites.Circulo] INFO: Círculo completado en 0.0s
2026-07-08 15:54:14,562 [tramites.Buro] INFO: Iniciando consulta Buró de Crédito...
2026-07-08 15:54:14,562 [tramites.Buro] ERROR: Error en 0.0s: boom
2026-07-08 15:54:14,617 [tramites.CURP] INFO: Iniciando consulta...
2026-07-08 15:54:14,618 [tramites.CURP] INFO: Completado en 0.0s
2026-07-08 15:54:14,653 [tramites.CURP] INFO: Iniciando consulta...
2026-07-08 15:54:14,676 [tramites.CURP] INFO: Iniciando consulta...
2026-07-08 15:54:14,700 [tramites.NSS] INFO: Iniciando consulta para CURP GALJ****
2026-07-08 15:54:14,701 [tramites.NSS] INFO: Completado en 0.0s
2026-07-08 15:54:14,745 [tramites.TENENCIA] INFO: Consultando tenencia para placa ABC123
2026-07-08 15:54:14,746 [tramites.TENENCIA] INFO: Completado en 0.0s
2026-07-08 15:54:14,789 [tramites.ANTECEDENTES] INFO: Iniciando trámite para CURP GALJ****
2026-07-08 15:54:14,790 [tramites.ANTECEDENTES] INFO: Completado en 0.0s
2026-07-08 15:54:14,827 [tramites.ANTECEDENTES] INFO: Iniciando trámite para CURP GALJ****
2026-07-08 15:54:14,850 [tramites.CitaINE] INFO: Iniciando cita INE...
2026-07-08 15:54:14,851 [tramites.CitaINE] INFO: Cita INE completada en 0.0s
2026-07-08 15:54:14,890 [tramites.CitaSAT] INFO: Iniciando cita SAT...
2026-07-08 15:54:14,891 [tramites.CitaSAT] INFO: Cita SAT completada en 0.0s
2026-07-08 15:54:14,932 [tramites.ControlConfianza] INFO: Iniciando Control de Confianza...
2026-07-08 15:54:14,933 [tramites.ControlConfianza] INFO: Control de Confianza completado en 0.0s
2026-07-08 15:54:14,993 [tramites.Semanas] INFO: Iniciando consulta de semanas cotizadas...
2026-07-08 15:54:14,994 [tramites.Semanas] INFO: Semanas completadas en 0.0s
2026-07-08 15:54:15,046 [tramites.Semanas] INFO: Iniciando consulta de semanas cotizadas...
2026-07-08 15:54:15,047 [tramites.Semanas] ERROR: Error en 0.0s: boom
2026-07-08 15:54:15,071 [tramites.RFC] INFO: Iniciando consulta RFC...
2026-07-08 15:54:15,072 [tramites.RFC] INFO: RFC completado en 0.0s
2026-07-08 15:54:15,108 [tramites.ActaNacimiento] INFO: Iniciando consulta de Acta de Nacimiento...
2026-07-08 15:54:15,109 [tramites.ActaNacimiento] INFO: Acta completada en 0.0s
2026-07-08 15:54:15,149 [tramites.Pasaporte] INFO: Iniciando cita de pasaporte...
2026-07-08 15:54:15,150 [tramites.Pasaporte] INFO: Cita pasaporte completada en 0.0s
2026-07-08 15:55:20,541 [tramites.API] ERROR: Error en consulta CURP
Traceback (most recent call last):
  File "D:\automatizacion\src\api.py", line 237, in consultar_curp
    resultado = await modulo.consultar(curp=req.curp.upper())
                ^^^^^^^^^^^^^^^^^^^^^^^^^^^^^^^^^^^^^^^^^^^^^
  File "C:\Users\MK\AppData\Local\Programs\Python\Python314\Lib\unittest\mock.py", line 2333, in _execute_mock_call
    raise effect
Exception: Mocked module
2026-07-08 15:55:20,611 [tramites.API] ERROR: Error en consulta NSS
Traceback (most recent call last):
  File "D:\automatizacion\src\api.py", line 251, in consultar_nss
    resultado = await modulo.consultar(
                ^^^^^^^^^^^^^^^^^^^^^^^
        curp=req.curp.upper(), correo=req.correo
        ^^^^^^^^^^^^^^^^^^^^^^^^^^^^^^^^^^^^^^^^
    )
    ^
  File "C:\Users\MK\AppData\Local\Programs\Python\Python314\Lib\unittest\mock.py", line 2333, in _execute_mock_call
    raise effect
Exception: Mocked module
2026-07-08 15:55:34,037 [tramites.test_mod] INFO: hello
2026-07-08 15:55:34,042 [tramites.test_mod] ERROR: error!
2026-07-08 15:55:35,966 [tramites.Buro] INFO: Iniciando consulta Buró de Crédito...
2026-07-08 15:55:35,966 [tramites.Buro] INFO: Buró completado en 0.0s
2026-07-08 15:55:35,989 [tramites.Circulo] INFO: Iniciando consulta Círculo de Crédito...
2026-07-08 15:55:35,989 [tramites.Circulo] INFO: Círculo completado en 0.0s
2026-07-08 15:55:36,044 [tramites.Buro] INFO: Iniciando consulta Buró de Crédito...
2026-07-08 15:55:36,045 [tramites.Buro] ERROR: Error en 0.0s: boom
2026-07-08 15:55:36,091 [tramites.CURP] INFO: Iniciando consulta...
2026-07-08 15:55:36,092 [tramites.CURP] INFO: Completado en 0.0s
2026-07-08 15:55:36,124 [tramites.CURP] INFO: Iniciando consulta...
2026-07-08 15:55:36,138 [tramites.CURP] INFO: Iniciando consulta...
2026-07-08 15:55:36,154 [tramites.NSS] INFO: Iniciando consulta para CURP GALJ****
2026-07-08 15:55:36,155 [tramites.NSS] INFO: Completado en 0.0s
2026-07-08 15:55:36,192 [tramites.TENENCIA] INFO: Consultando tenencia para placa ABC123
2026-07-08 15:55:36,193 [tramites.TENENCIA] INFO: Completado en 0.0s
2026-07-08 15:55:36,222 [tramites.ANTECEDENTES] INFO: Iniciando trámite para CURP GALJ****
2026-07-08 15:55:36,222 [tramites.ANTECEDENTES] INFO: Completado en 0.0s
2026-07-08 15:55:36,245 [tramites.ANTECEDENTES] INFO: Iniciando trámite para CURP GALJ****
2026-07-08 15:55:36,264 [tramites.CitaINE] INFO: Iniciando cita INE...
2026-07-08 15:55:36,265 [tramites.CitaINE] INFO: Cita INE completada en 0.0s
2026-07-08 15:55:36,302 [tramites.CitaSAT] INFO: Iniciando cita SAT...
2026-07-08 15:55:36,303 [tramites.CitaSAT] INFO: Cita SAT completada en 0.0s
2026-07-08 15:55:36,329 [tramites.ControlConfianza] INFO: Iniciando Control de Confianza...
2026-07-08 15:55:36,329 [tramites.ControlConfianza] INFO: Control de Confianza completado en 0.0s
2026-07-08 15:55:36,362 [tramites.Semanas] INFO: Iniciando consulta de semanas cotizadas...
2026-07-08 15:55:36,363 [tramites.Semanas] INFO: Semanas completadas en 0.0s
2026-07-08 15:55:36,390 [tramites.Semanas] INFO: Iniciando consulta de semanas cotizadas...
2026-07-08 15:55:36,391 [tramites.Semanas] ERROR: Error en 0.0s: boom
2026-07-08 15:55:36,408 [tramites.RFC] INFO: Iniciando consulta RFC...
2026-07-08 15:55:36,408 [tramites.RFC] INFO: RFC completado en 0.0s
2026-07-08 15:55:36,435 [tramites.ActaNacimiento] INFO: Iniciando consulta de Acta de Nacimiento...
2026-07-08 15:55:36,436 [tramites.ActaNacimiento] INFO: Acta completada en 0.0s
2026-07-08 15:55:36,467 [tramites.Pasaporte] INFO: Iniciando cita de pasaporte...
2026-07-08 15:55:36,468 [tramites.Pasaporte] INFO: Cita pasaporte completada en 0.0s
2026-07-08 15:56:39,900 [tramites.API] ERROR: Error en consulta CURP
Traceback (most recent call last):
  File "D:\automatizacion\src\api.py", line 237, in consultar_curp
    resultado = await modulo.consultar(curp=req.curp.upper())
                ^^^^^^^^^^^^^^^^^^^^^^^^^^^^^^^^^^^^^^^^^^^^^
  File "C:\Users\MK\AppData\Local\Programs\Python\Python314\Lib\unittest\mock.py", line 2333, in _execute_mock_call
    raise effect
Exception: Mocked module
2026-07-08 15:56:39,958 [tramites.API] ERROR: Error en consulta NSS
Traceback (most recent call last):
  File "D:\automatizacion\src\api.py", line 251, in consultar_nss
    resultado = await modulo.consultar(
                ^^^^^^^^^^^^^^^^^^^^^^^
        curp=req.curp.upper(), correo=req.correo
        ^^^^^^^^^^^^^^^^^^^^^^^^^^^^^^^^^^^^^^^^
    )
    ^
  File "C:\Users\MK\AppData\Local\Programs\Python\Python314\Lib\unittest\mock.py", line 2333, in _execute_mock_call
    raise effect
Exception: Mocked module
2026-07-08 15:56:53,503 [tramites.test_mod] INFO: hello
2026-07-08 15:56:53,508 [tramites.test_mod] ERROR: error!
2026-07-08 15:56:55,430 [tramites.Buro] INFO: Iniciando consulta Buró de Crédito...
2026-07-08 15:56:55,430 [tramites.Buro] INFO: Buró completado en 0.0s
2026-07-08 15:56:55,448 [tramites.Circulo] INFO: Iniciando consulta Círculo de Crédito...
2026-07-08 15:56:55,448 [tramites.Circulo] INFO: Círculo completado en 0.0s
2026-07-08 15:56:55,500 [tramites.Buro] INFO: Iniciando consulta Buró de Crédito...
2026-07-08 15:56:55,501 [tramites.Buro] ERROR: Error en 0.0s: boom
2026-07-08 15:56:55,544 [tramites.CURP] INFO: Iniciando consulta...
2026-07-08 15:56:55,545 [tramites.CURP] INFO: Completado en 0.0s
2026-07-08 15:56:55,571 [tramites.CURP] INFO: Iniciando consulta...
2026-07-08 15:56:55,588 [tramites.CURP] INFO: Iniciando consulta...
2026-07-08 15:56:55,606 [tramites.NSS] INFO: Iniciando consulta para CURP GALJ****
2026-07-08 15:56:55,607 [tramites.NSS] INFO: Completado en 0.0s
2026-07-08 15:56:55,638 [tramites.TENENCIA] INFO: Consultando tenencia para placa ABC123
2026-07-08 15:56:55,639 [tramites.TENENCIA] INFO: Completado en 0.0s
2026-07-08 15:56:55,664 [tramites.ANTECEDENTES] INFO: Iniciando trámite para CURP GALJ****
2026-07-08 15:56:55,665 [tramites.ANTECEDENTES] INFO: Completado en 0.0s
2026-07-08 15:56:55,694 [tramites.ANTECEDENTES] INFO: Iniciando trámite para CURP GALJ****
2026-07-08 15:56:55,713 [tramites.CitaINE] INFO: Iniciando cita INE...
2026-07-08 15:56:55,714 [tramites.CitaINE] INFO: Cita INE completada en 0.0s
2026-07-08 15:56:55,738 [tramites.CitaSAT] INFO: Iniciando cita SAT...
2026-07-08 15:56:55,739 [tramites.CitaSAT] INFO: Cita SAT completada en 0.0s
2026-07-08 15:56:55,763 [tramites.ControlConfianza] INFO: Iniciando Control de Confianza...
2026-07-08 15:56:55,764 [tramites.ControlConfianza] INFO: Control de Confianza completado en 0.0s
2026-07-08 15:56:55,798 [tramites.Semanas] INFO: Iniciando consulta de semanas cotizadas...
2026-07-08 15:56:55,799 [tramites.Semanas] INFO: Semanas completadas en 0.0s
2026-07-08 15:56:55,826 [tramites.Semanas] INFO: Iniciando consulta de semanas cotizadas...
2026-07-08 15:56:55,826 [tramites.Semanas] ERROR: Error en 0.0s: boom
2026-07-08 15:56:55,842 [tramites.RFC] INFO: Iniciando consulta RFC...
2026-07-08 15:56:55,843 [tramites.RFC] INFO: RFC completado en 0.0s
2026-07-08 15:56:55,870 [tramites.ActaNacimiento] INFO: Iniciando consulta de Acta de Nacimiento...
2026-07-08 15:56:55,871 [tramites.ActaNacimiento] INFO: Acta completada en 0.0s
2026-07-08 15:56:55,903 [tramites.Pasaporte] INFO: Iniciando cita de pasaporte...
2026-07-08 15:56:55,904 [tramites.Pasaporte] INFO: Cita pasaporte completada en 0.0s
2026-07-08 15:58:01,276 [tramites.API] ERROR: Error en consulta CURP
Traceback (most recent call last):
  File "D:\automatizacion\src\api.py", line 237, in consultar_curp
    resultado = await modulo.consultar(curp=req.curp.upper())
                ^^^^^^^^^^^^^^^^^^^^^^^^^^^^^^^^^^^^^^^^^^^^^
  File "C:\Users\MK\AppData\Local\Programs\Python\Python314\Lib\unittest\mock.py", line 2333, in _execute_mock_call
    raise effect
Exception: Mocked module
2026-07-08 15:58:01,332 [tramites.API] ERROR: Error en consulta NSS
Traceback (most recent call last):
  File "D:\automatizacion\src\api.py", line 251, in consultar_nss
    resultado = await modulo.consultar(
                ^^^^^^^^^^^^^^^^^^^^^^^
        curp=req.curp.upper(), correo=req.correo
        ^^^^^^^^^^^^^^^^^^^^^^^^^^^^^^^^^^^^^^^^
    )
    ^
  File "C:\Users\MK\AppData\Local\Programs\Python\Python314\Lib\unittest\mock.py", line 2333, in _execute_mock_call
    raise effect
Exception: Mocked module
2026-07-08 15:58:15,357 [tramites.test_mod] INFO: hello
2026-07-08 15:58:15,360 [tramites.test_mod] ERROR: error!
2026-07-08 15:58:17,498 [tramites.Buro] INFO: Iniciando consulta Buró de Crédito...
2026-07-08 15:58:17,498 [tramites.Buro] INFO: Buró completado en 0.0s
2026-07-08 15:58:17,515 [tramites.Circulo] INFO: Iniciando consulta Círculo de Crédito...
2026-07-08 15:58:17,515 [tramites.Circulo] INFO: Círculo completado en 0.0s
2026-07-08 15:58:17,569 [tramites.Buro] INFO: Iniciando consulta Buró de Crédito...
2026-07-08 15:58:17,570 [tramites.Buro] ERROR: Error en 0.0s: boom
2026-07-08 15:58:17,628 [tramites.CURP] INFO: Iniciando consulta...
2026-07-08 15:58:17,629 [tramites.CURP] INFO: Completado en 0.0s
2026-07-08 15:58:17,659 [tramites.CURP] INFO: Iniciando consulta...
2026-07-08 15:58:17,676 [tramites.CURP] INFO: Iniciando consulta...
2026-07-08 15:58:17,697 [tramites.NSS] INFO: Iniciando consulta para CURP GALJ****
2026-07-08 15:58:17,698 [tramites.NSS] INFO: Completado en 0.0s
2026-07-08 15:58:17,739 [tramites.TENENCIA] INFO: Consultando tenencia para placa ABC123
2026-07-08 15:58:17,740 [tramites.TENENCIA] INFO: Completado en 0.0s
2026-07-08 15:58:17,772 [tramites.ANTECEDENTES] INFO: Iniciando trámite para CURP GALJ****
2026-07-08 15:58:17,773 [tramites.ANTECEDENTES] INFO: Completado en 0.0s
2026-07-08 15:58:17,808 [tramites.ANTECEDENTES] INFO: Iniciando trámite para CURP GALJ****
2026-07-08 15:58:17,826 [tramites.CitaINE] INFO: Iniciando cita INE...
2026-07-08 15:58:17,827 [tramites.CitaINE] INFO: Cita INE completada en 0.0s
2026-07-08 15:58:17,851 [tramites.CitaSAT] INFO: Iniciando cita SAT...
2026-07-08 15:58:17,852 [tramites.CitaSAT] INFO: Cita SAT completada en 0.0s
2026-07-08 15:58:17,886 [tramites.ControlConfianza] INFO: Iniciando Control de Confianza...
2026-07-08 15:58:17,887 [tramites.ControlConfianza] INFO: Control de Confianza completado en 0.0s
2026-07-08 15:58:17,922 [tramites.Semanas] INFO: Iniciando consulta de semanas cotizadas...
2026-07-08 15:58:17,923 [tramites.Semanas] INFO: Semanas completadas en 0.0s
2026-07-08 15:58:17,955 [tramites.Semanas] INFO: Iniciando consulta de semanas cotizadas...
2026-07-08 15:58:17,956 [tramites.Semanas] ERROR: Error en 0.0s: boom
2026-07-08 15:58:17,975 [tramites.RFC] INFO: Iniciando consulta RFC...
2026-07-08 15:58:17,976 [tramites.RFC] INFO: RFC completado en 0.0s
2026-07-08 15:58:18,002 [tramites.ActaNacimiento] INFO: Iniciando consulta de Acta de Nacimiento...
2026-07-08 15:58:18,004 [tramites.ActaNacimiento] INFO: Acta completada en 0.0s
2026-07-08 15:58:18,042 [tramites.Pasaporte] INFO: Iniciando cita de pasaporte...
2026-07-08 15:58:18,043 [tramites.Pasaporte] INFO: Cita pasaporte completada en 0.0s
2026-07-08 16:03:57,510 [tramites.API] ERROR: Error en consulta CURP
Traceback (most recent call last):
  File "D:\automatizacion\src\api.py", line 237, in consultar_curp
    resultado = await modulo.consultar(curp=req.curp.upper())
                ^^^^^^^^^^^^^^^^^^^^^^^^^^^^^^^^^^^^^^^^^^^^^
  File "C:\Users\MK\AppData\Local\Programs\Python\Python314\Lib\unittest\mock.py", line 2333, in _execute_mock_call
    raise effect
Exception: Mocked module
2026-07-08 16:03:57,574 [tramites.API] ERROR: Error en consulta NSS
Traceback (most recent call last):
  File "D:\automatizacion\src\api.py", line 251, in consultar_nss
    resultado = await modulo.consultar(
                ^^^^^^^^^^^^^^^^^^^^^^^
        curp=req.curp.upper(), correo=req.correo
        ^^^^^^^^^^^^^^^^^^^^^^^^^^^^^^^^^^^^^^^^
    )
    ^
  File "C:\Users\MK\AppData\Local\Programs\Python\Python314\Lib\unittest\mock.py", line 2333, in _execute_mock_call
    raise effect
Exception: Mocked module
2026-07-08 16:04:14,056 [tramites.test_mod] INFO: hello
2026-07-08 16:04:14,064 [tramites.test_mod] ERROR: error!
2026-07-08 16:04:16,759 [tramites.Buro] INFO: Iniciando consulta Buró de Crédito...
2026-07-08 16:04:16,760 [tramites.Buro] INFO: Buró completado en 0.0s
2026-07-08 16:04:16,783 [tramites.Circulo] INFO: Iniciando consulta Círculo de Crédito...
2026-07-08 16:04:16,784 [tramites.Circulo] INFO: Círculo completado en 0.0s
2026-07-08 16:04:16,860 [tramites.Buro] INFO: Iniciando consulta Buró de Crédito...
2026-07-08 16:04:16,861 [tramites.Buro] ERROR: Error en 0.0s: boom
2026-07-08 16:04:16,912 [tramites.CURP] INFO: Iniciando consulta...
2026-07-08 16:04:16,913 [tramites.CURP] INFO: Completado en 0.0s
2026-07-08 16:04:16,952 [tramites.CURP] INFO: Iniciando consulta...
2026-07-08 16:04:16,972 [tramites.CURP] INFO: Iniciando consulta...
2026-07-08 16:04:16,989 [tramites.NSS] INFO: Iniciando consulta para CURP GALJ****
2026-07-08 16:04:16,990 [tramites.NSS] INFO: Completado en 0.0s
2026-07-08 16:04:17,035 [tramites.TENENCIA] INFO: Consultando tenencia para placa ABC123
2026-07-08 16:04:17,036 [tramites.TENENCIA] INFO: Completado en 0.0s
2026-07-08 16:04:17,077 [tramites.ANTECEDENTES] INFO: Iniciando trámite para CURP GALJ****
2026-07-08 16:04:17,078 [tramites.ANTECEDENTES] INFO: Completado en 0.0s
2026-07-08 16:04:17,112 [tramites.ANTECEDENTES] INFO: Iniciando trámite para CURP GALJ****
2026-07-08 16:04:17,135 [tramites.CitaINE] INFO: Iniciando cita INE...
2026-07-08 16:04:17,136 [tramites.CitaINE] INFO: Cita INE completada en 0.0s
2026-07-08 16:04:17,186 [tramites.CitaSAT] INFO: Iniciando cita SAT...
2026-07-08 16:04:17,188 [tramites.CitaSAT] INFO: Cita SAT completada en 0.0s
2026-07-08 16:04:17,227 [tramites.ControlConfianza] INFO: Iniciando Control de Confianza...
2026-07-08 16:04:17,228 [tramites.ControlConfianza] INFO: Control de Confianza completado en 0.0s
2026-07-08 16:04:17,272 [tramites.Semanas] INFO: Iniciando consulta de semanas cotizadas...
2026-07-08 16:04:17,273 [tramites.Semanas] INFO: Semanas completadas en 0.0s
2026-07-08 16:04:17,308 [tramites.Semanas] INFO: Iniciando consulta de semanas cotizadas...
2026-07-08 16:04:17,309 [tramites.Semanas] ERROR: Error en 0.0s: boom
2026-07-08 16:04:17,331 [tramites.RFC] INFO: Iniciando consulta RFC...
2026-07-08 16:04:17,333 [tramites.RFC] INFO: RFC completado en 0.0s
2026-07-08 16:04:17,378 [tramites.ActaNacimiento] INFO: Iniciando consulta de Acta de Nacimiento...
2026-07-08 16:04:17,379 [tramites.ActaNacimiento] INFO: Acta completada en 0.0s
2026-07-08 16:04:17,411 [tramites.Pasaporte] INFO: Iniciando cita de pasaporte...
2026-07-08 16:04:17,412 [tramites.Pasaporte] INFO: Cita pasaporte completada en 0.0s
2026-07-08 16:05:36,748 [tramites.API] ERROR: Error en consulta CURP
Traceback (most recent call last):
  File "D:\automatizacion\src\api.py", line 237, in consultar_curp
    resultado = await modulo.consultar(curp=req.curp.upper())
                ^^^^^^^^^^^^^^^^^^^^^^^^^^^^^^^^^^^^^^^^^^^^^
  File "C:\Users\MK\AppData\Local\Programs\Python\Python314\Lib\unittest\mock.py", line 2333, in _execute_mock_call
    raise effect
Exception: Mocked module
2026-07-08 16:05:36,835 [tramites.API] ERROR: Error en consulta NSS
Traceback (most recent call last):
  File "D:\automatizacion\src\api.py", line 251, in consultar_nss
    resultado = await modulo.consultar(
                ^^^^^^^^^^^^^^^^^^^^^^^
        curp=req.curp.upper(), correo=req.correo
        ^^^^^^^^^^^^^^^^^^^^^^^^^^^^^^^^^^^^^^^^
    )
    ^
  File "C:\Users\MK\AppData\Local\Programs\Python\Python314\Lib\unittest\mock.py", line 2333, in _execute_mock_call
    raise effect
Exception: Mocked module
2026-07-08 16:05:53,997 [tramites.test_mod] INFO: hello
2026-07-08 16:05:54,006 [tramites.test_mod] ERROR: error!
2026-07-08 16:05:57,028 [tramites.Buro] INFO: Iniciando consulta Buró de Crédito...
2026-07-08 16:05:57,030 [tramites.Buro] INFO: Buró completado en 0.0s
2026-07-08 16:05:57,056 [tramites.Circulo] INFO: Iniciando consulta Círculo de Crédito...
2026-07-08 16:05:57,058 [tramites.Circulo] INFO: Círculo completado en 0.0s
2026-07-08 16:05:57,138 [tramites.Buro] INFO: Iniciando consulta Buró de Crédito...
2026-07-08 16:05:57,140 [tramites.Buro] ERROR: Error en 0.0s: boom
2026-07-08 16:05:57,191 [tramites.CURP] INFO: Iniciando consulta...
2026-07-08 16:05:57,192 [tramites.CURP] INFO: Completado en 0.0s
2026-07-08 16:05:57,231 [tramites.CURP] INFO: Iniciando consulta...
2026-07-08 16:05:57,259 [tramites.CURP] INFO: Iniciando consulta...
2026-07-08 16:05:57,280 [tramites.NSS] INFO: Iniciando consulta para CURP GALJ****
2026-07-08 16:05:57,281 [tramites.NSS] INFO: Completado en 0.0s
2026-07-08 16:05:57,335 [tramites.TENENCIA] INFO: Consultando tenencia para placa ABC123
2026-07-08 16:05:57,336 [tramites.TENENCIA] INFO: Completado en 0.0s
2026-07-08 16:05:57,398 [tramites.ANTECEDENTES] INFO: Iniciando trámite para CURP GALJ****
2026-07-08 16:05:57,399 [tramites.ANTECEDENTES] INFO: Completado en 0.0s
2026-07-08 16:05:57,438 [tramites.ANTECEDENTES] INFO: Iniciando trámite para CURP GALJ****
2026-07-08 16:05:57,471 [tramites.CitaINE] INFO: Iniciando cita INE...
2026-07-08 16:05:57,472 [tramites.CitaINE] INFO: Cita INE completada en 0.0s
2026-07-08 16:05:57,515 [tramites.CitaSAT] INFO: Iniciando cita SAT...
2026-07-08 16:05:57,517 [tramites.CitaSAT] INFO: Cita SAT completada en 0.0s
2026-07-08 16:05:57,578 [tramites.ControlConfianza] INFO: Iniciando Control de Confianza...
2026-07-08 16:05:57,579 [tramites.ControlConfianza] INFO: Control de Confianza completado en 0.0s
2026-07-08 16:05:57,628 [tramites.Semanas] INFO: Iniciando consulta de semanas cotizadas...
2026-07-08 16:05:57,629 [tramites.Semanas] INFO: Semanas completadas en 0.0s
2026-07-08 16:05:57,673 [tramites.Semanas] INFO: Iniciando consulta de semanas cotizadas...
2026-07-08 16:05:57,674 [tramites.Semanas] ERROR: Error en 0.0s: boom
2026-07-08 16:05:57,699 [tramites.RFC] INFO: Iniciando consulta RFC...
2026-07-08 16:05:57,701 [tramites.RFC] INFO: RFC completado en 0.0s
2026-07-08 16:05:57,744 [tramites.ActaNacimiento] INFO: Iniciando consulta de Acta de Nacimiento...
2026-07-08 16:05:57,745 [tramites.ActaNacimiento] INFO: Acta completada en 0.0s
2026-07-08 16:05:57,789 [tramites.Pasaporte] INFO: Iniciando cita de pasaporte...
2026-07-08 16:05:57,790 [tramites.Pasaporte] INFO: Cita pasaporte completada en 0.0s
2026-07-08 16:35:12,804 [tramites.API] ERROR: Error en consulta CURP
Traceback (most recent call last):
  File "D:\automatizacion\src\api.py", line 237, in consultar_curp
    resultado = await modulo.consultar(curp=req.curp.upper())
                ^^^^^^^^^^^^^^^^^^^^^^^^^^^^^^^^^^^^^^^^^^^^^
  File "C:\Users\MK\AppData\Local\Programs\Python\Python314\Lib\unittest\mock.py", line 2333, in _execute_mock_call
    raise effect
Exception: Mocked module
2026-07-08 16:35:12,884 [tramites.API] ERROR: Error en consulta NSS
Traceback (most recent call last):
  File "D:\automatizacion\src\api.py", line 251, in consultar_nss
    resultado = await modulo.consultar(
                ^^^^^^^^^^^^^^^^^^^^^^^
        curp=req.curp.upper(), correo=req.correo
        ^^^^^^^^^^^^^^^^^^^^^^^^^^^^^^^^^^^^^^^^
    )
    ^
  File "C:\Users\MK\AppData\Local\Programs\Python\Python314\Lib\unittest\mock.py", line 2333, in _execute_mock_call
    raise effect
Exception: Mocked module
2026-07-08 16:35:25,480 [tramites.test_mod] INFO: hello
2026-07-08 16:35:25,486 [tramites.test_mod] ERROR: error!
2026-07-08 16:35:27,549 [tramites.Buro] INFO: Iniciando consulta Buró de Crédito...
2026-07-08 16:35:27,549 [tramites.Buro] INFO: Buró completado en 0.0s
2026-07-08 16:35:27,565 [tramites.Circulo] INFO: Iniciando consulta Círculo de Crédito...
2026-07-08 16:35:27,566 [tramites.Circulo] INFO: Círculo completado en 0.0s
2026-07-08 16:35:27,617 [tramites.Buro] INFO: Iniciando consulta Buró de Crédito...
2026-07-08 16:35:27,618 [tramites.Buro] ERROR: Error en 0.0s: boom
2026-07-08 16:35:27,663 [tramites.CURP] INFO: Iniciando consulta...
2026-07-08 16:35:27,664 [tramites.CURP] INFO: Completado en 0.0s
2026-07-08 16:35:27,698 [tramites.CURP] INFO: Iniciando consulta...
2026-07-08 16:35:27,712 [tramites.CURP] INFO: Iniciando consulta...
2026-07-08 16:35:27,728 [tramites.NSS] INFO: Iniciando consulta para CURP GALJ****
2026-07-08 16:35:27,729 [tramites.NSS] INFO: Completado en 0.0s
2026-07-08 16:35:27,755 [tramites.TENENCIA] INFO: Consultando tenencia para placa ABC123
2026-07-08 16:35:27,756 [tramites.TENENCIA] INFO: Completado en 0.0s
2026-07-08 16:35:27,789 [tramites.ANTECEDENTES] INFO: Iniciando trámite para CURP GALJ****
2026-07-08 16:35:27,790 [tramites.ANTECEDENTES] INFO: Completado en 0.0s
2026-07-08 16:35:27,821 [tramites.ANTECEDENTES] INFO: Iniciando trámite para CURP GALJ****
2026-07-08 16:35:27,838 [tramites.CitaINE] INFO: Iniciando cita INE...
2026-07-08 16:35:27,839 [tramites.CitaINE] INFO: Cita INE completada en 0.0s
2026-07-08 16:35:27,869 [tramites.CitaSAT] INFO: Iniciando cita SAT...
2026-07-08 16:35:27,870 [tramites.CitaSAT] INFO: Cita SAT completada en 0.0s
2026-07-08 16:35:27,902 [tramites.ControlConfianza] INFO: Iniciando Control de Confianza...
2026-07-08 16:35:27,903 [tramites.ControlConfianza] INFO: Control de Confianza completado en 0.0s
2026-07-08 16:35:27,934 [tramites.Semanas] INFO: Iniciando consulta de semanas cotizadas...
2026-07-08 16:35:27,935 [tramites.Semanas] INFO: Semanas completadas en 0.0s
2026-07-08 16:35:27,971 [tramites.Semanas] INFO: Iniciando consulta de semanas cotizadas...
2026-07-08 16:35:27,971 [tramites.Semanas] ERROR: Error en 0.0s: boom
2026-07-08 16:35:27,989 [tramites.RFC] INFO: Iniciando consulta RFC...
2026-07-08 16:35:27,990 [tramites.RFC] INFO: RFC completado en 0.0s
2026-07-08 16:35:28,025 [tramites.ActaNacimiento] INFO: Iniciando consulta de Acta de Nacimiento...
2026-07-08 16:35:28,026 [tramites.ActaNacimiento] INFO: Acta completada en 0.0s
2026-07-08 16:35:28,064 [tramites.Pasaporte] INFO: Iniciando cita de pasaporte...
2026-07-08 16:35:28,065 [tramites.Pasaporte] INFO: Cita pasaporte completada en 0.0s
2026-07-08 16:45:59,213 [tramites.API] ERROR: Error en consulta CURP
Traceback (most recent call last):
  File "D:\automatizacion\src\api.py", line 237, in consultar_curp
    resultado = await modulo.consultar(curp=req.curp.upper())
                ^^^^^^^^^^^^^^^^^^^^^^^^^^^^^^^^^^^^^^^^^^^^^
  File "C:\Users\MK\AppData\Local\Programs\Python\Python314\Lib\unittest\mock.py", line 2333, in _execute_mock_call
    raise effect
Exception: Mocked module
2026-07-08 16:45:59,297 [tramites.API] ERROR: Error en consulta NSS
Traceback (most recent call last):
  File "D:\automatizacion\src\api.py", line 251, in consultar_nss
    resultado = await modulo.consultar(
                ^^^^^^^^^^^^^^^^^^^^^^^
        curp=req.curp.upper(), correo=req.correo
        ^^^^^^^^^^^^^^^^^^^^^^^^^^^^^^^^^^^^^^^^
    )
    ^
  File "C:\Users\MK\AppData\Local\Programs\Python\Python314\Lib\unittest\mock.py", line 2333, in _execute_mock_call
    raise effect
Exception: Mocked module
2026-07-08 16:46:12,943 [tramites.test_mod] INFO: hello
2026-07-08 16:46:12,948 [tramites.test_mod] ERROR: error!
2026-07-08 16:46:15,278 [tramites.Buro] INFO: Iniciando consulta Buró de Crédito...
2026-07-08 16:46:15,279 [tramites.Buro] INFO: Buró completado en 0.0s
2026-07-08 16:46:15,499 [tramites.Circulo] INFO: Iniciando consulta Círculo de Crédito...
2026-07-08 16:46:15,500 [tramites.Circulo] INFO: Círculo completado en 0.0s
2026-07-08 16:46:15,549 [tramites.Buro] INFO: Iniciando consulta Buró de Crédito...
2026-07-08 16:46:15,550 [tramites.Buro] ERROR: Error en 0.0s: boom
2026-07-08 16:46:15,588 [tramites.CURP] INFO: Iniciando consulta...
2026-07-08 16:46:15,588 [tramites.CURP] INFO: Completado en 0.0s
2026-07-08 16:46:15,613 [tramites.CURP] INFO: Iniciando consulta...
2026-07-08 16:46:15,634 [tramites.CURP] INFO: Iniciando consulta...
2026-07-08 16:46:15,650 [tramites.NSS] INFO: Iniciando consulta para CURP GALJ****
2026-07-08 16:46:15,651 [tramites.NSS] INFO: Completado en 0.0s
2026-07-08 16:46:15,684 [tramites.TENENCIA] INFO: Consultando tenencia para placa ABC123
2026-07-08 16:46:15,685 [tramites.TENENCIA] INFO: Completado en 0.0s
2026-07-08 16:46:15,720 [tramites.ANTECEDENTES] INFO: Iniciando trámite para CURP GALJ****
2026-07-08 16:46:15,721 [tramites.ANTECEDENTES] INFO: Completado en 0.0s
2026-07-08 16:46:15,758 [tramites.ANTECEDENTES] INFO: Iniciando trámite para CURP GALJ****
2026-07-08 16:46:15,774 [tramites.CitaINE] INFO: Iniciando cita INE...
2026-07-08 16:46:15,774 [tramites.CitaINE] INFO: Cita INE completada en 0.0s
2026-07-08 16:46:15,811 [tramites.CitaSAT] INFO: Iniciando cita SAT...
2026-07-08 16:46:15,812 [tramites.CitaSAT] INFO: Cita SAT completada en 0.0s
2026-07-08 16:46:15,848 [tramites.ControlConfianza] INFO: Iniciando Control de Confianza...
2026-07-08 16:46:15,849 [tramites.ControlConfianza] INFO: Control de Confianza completado en 0.0s
2026-07-08 16:46:15,889 [tramites.Semanas] INFO: Iniciando consulta de semanas cotizadas...
2026-07-08 16:46:15,890 [tramites.Semanas] INFO: Semanas completadas en 0.0s
2026-07-08 16:46:15,921 [tramites.Semanas] INFO: Iniciando consulta de semanas cotizadas...
2026-07-08 16:46:15,922 [tramites.Semanas] ERROR: Error en 0.0s: boom
2026-07-08 16:46:15,942 [tramites.RFC] INFO: Iniciando consulta RFC...
2026-07-08 16:46:15,943 [tramites.RFC] INFO: RFC completado en 0.0s
2026-07-08 16:46:15,978 [tramites.ActaNacimiento] INFO: Iniciando consulta de Acta de Nacimiento...
2026-07-08 16:46:15,979 [tramites.ActaNacimiento] INFO: Acta completada en 0.0s
2026-07-08 16:46:16,012 [tramites.Pasaporte] INFO: Iniciando cita de pasaporte...
2026-07-08 16:46:16,013 [tramites.Pasaporte] INFO: Cita pasaporte completada en 0.0s
2026-07-08 16:49:22,522 [tramites.API] ERROR: Error en consulta CURP
Traceback (most recent call last):
  File "D:\automatizacion\src\api.py", line 237, in consultar_curp
    resultado = await modulo.consultar(curp=req.curp.upper())
                ^^^^^^^^^^^^^^^^^^^^^^^^^^^^^^^^^^^^^^^^^^^^^
  File "C:\Users\MK\AppData\Local\Programs\Python\Python314\Lib\unittest\mock.py", line 2333, in _execute_mock_call
    raise effect
Exception: Mocked module
2026-07-08 16:49:22,592 [tramites.API] ERROR: Error en consulta NSS
Traceback (most recent call last):
  File "D:\automatizacion\src\api.py", line 251, in consultar_nss
    resultado = await modulo.consultar(
                ^^^^^^^^^^^^^^^^^^^^^^^
        curp=req.curp.upper(), correo=req.correo
        ^^^^^^^^^^^^^^^^^^^^^^^^^^^^^^^^^^^^^^^^
    )
    ^
  File "C:\Users\MK\AppData\Local\Programs\Python\Python314\Lib\unittest\mock.py", line 2333, in _execute_mock_call
    raise effect
Exception: Mocked module
2026-07-08 16:49:36,620 [tramites.test_mod] INFO: hello
2026-07-08 16:49:36,626 [tramites.test_mod] ERROR: error!
2026-07-08 16:49:38,814 [tramites.Buro] INFO: Iniciando consulta Buró de Crédito...
2026-07-08 16:49:38,815 [tramites.Buro] INFO: Buró completado en 0.0s
2026-07-08 16:49:38,834 [tramites.Circulo] INFO: Iniciando consulta Círculo de Crédito...
2026-07-08 16:49:38,835 [tramites.Circulo] INFO: Círculo completado en 0.0s
2026-07-08 16:49:38,899 [tramites.Buro] INFO: Iniciando consulta Buró de Crédito...
2026-07-08 16:49:38,900 [tramites.Buro] ERROR: Error en 0.0s: boom
2026-07-08 16:49:38,956 [tramites.CURP] INFO: Iniciando consulta...
2026-07-08 16:49:38,957 [tramites.CURP] INFO: Completado en 0.0s
2026-07-08 16:49:38,993 [tramites.CURP] INFO: Iniciando consulta...
2026-07-08 16:49:39,009 [tramites.CURP] INFO: Iniciando consulta...
2026-07-08 16:49:39,026 [tramites.NSS] INFO: Iniciando consulta para CURP GALJ****
2026-07-08 16:49:39,027 [tramites.NSS] INFO: Completado en 0.0s
2026-07-08 16:49:39,069 [tramites.TENENCIA] INFO: Consultando tenencia para placa ABC123
2026-07-08 16:49:39,070 [tramites.TENENCIA] INFO: Completado en 0.0s
2026-07-08 16:49:39,110 [tramites.ANTECEDENTES] INFO: Iniciando trámite para CURP GALJ****
2026-07-08 16:49:39,110 [tramites.ANTECEDENTES] INFO: Completado en 0.0s
2026-07-08 16:49:39,143 [tramites.ANTECEDENTES] INFO: Iniciando trámite para CURP GALJ****
2026-07-08 16:49:39,164 [tramites.CitaINE] INFO: Iniciando cita INE...
2026-07-08 16:49:39,165 [tramites.CitaINE] INFO: Cita INE completada en 0.0s
2026-07-08 16:49:39,199 [tramites.CitaSAT] INFO: Iniciando cita SAT...
2026-07-08 16:49:39,200 [tramites.CitaSAT] INFO: Cita SAT completada en 0.0s
2026-07-08 16:49:39,233 [tramites.ControlConfianza] INFO: Iniciando Control de Confianza...
2026-07-08 16:49:39,234 [tramites.ControlConfianza] INFO: Control de Confianza completado en 0.0s
2026-07-08 16:49:39,263 [tramites.Semanas] INFO: Iniciando consulta de semanas cotizadas...
2026-07-08 16:49:39,264 [tramites.Semanas] INFO: Semanas completadas en 0.0s
2026-07-08 16:49:39,293 [tramites.Semanas] INFO: Iniciando consulta de semanas cotizadas...
2026-07-08 16:49:39,294 [tramites.Semanas] ERROR: Error en 0.0s: boom
2026-07-08 16:49:39,310 [tramites.RFC] INFO: Iniciando consulta RFC...
2026-07-08 16:49:39,311 [tramites.RFC] INFO: RFC completado en 0.0s
2026-07-08 16:49:39,345 [tramites.ActaNacimiento] INFO: Iniciando consulta de Acta de Nacimiento...
2026-07-08 16:49:39,346 [tramites.ActaNacimiento] INFO: Acta completada en 0.0s
2026-07-08 16:49:39,389 [tramites.Pasaporte] INFO: Iniciando cita de pasaporte...
2026-07-08 16:49:39,390 [tramites.Pasaporte] INFO: Cita pasaporte completada en 0.0s
2026-07-08 17:16:03,041 [tramites.API] ERROR: Error en consulta CURP
Traceback (most recent call last):
  File "D:\automatizacion\src\api.py", line 237, in consultar_curp
    resultado = await modulo.consultar(curp=req.curp.upper())
                ^^^^^^^^^^^^^^^^^^^^^^^^^^^^^^^^^^^^^^^^^^^^^
  File "C:\Users\MK\AppData\Local\Programs\Python\Python314\Lib\unittest\mock.py", line 2333, in _execute_mock_call
    raise effect
Exception: Mocked module
2026-07-08 17:16:03,102 [tramites.API] ERROR: Error en consulta NSS
Traceback (most recent call last):
  File "D:\automatizacion\src\api.py", line 251, in consultar_nss
    resultado = await modulo.consultar(
                ^^^^^^^^^^^^^^^^^^^^^^^
        curp=req.curp.upper(), correo=req.correo
        ^^^^^^^^^^^^^^^^^^^^^^^^^^^^^^^^^^^^^^^^
    )
    ^
  File "C:\Users\MK\AppData\Local\Programs\Python\Python314\Lib\unittest\mock.py", line 2333, in _execute_mock_call
    raise effect
Exception: Mocked module
2026-07-08 17:16:16,361 [tramites.test_mod] INFO: hello
2026-07-08 17:16:16,365 [tramites.test_mod] ERROR: error!
2026-07-08 17:16:18,514 [tramites.Buro] INFO: Iniciando consulta Buró de Crédito...
2026-07-08 17:16:18,515 [tramites.Buro] INFO: Buró completado en 0.0s
2026-07-08 17:16:18,531 [tramites.Circulo] INFO: Iniciando consulta Círculo de Crédito...
2026-07-08 17:16:18,532 [tramites.Circulo] INFO: Círculo completado en 0.0s
2026-07-08 17:16:18,567 [tramites.Buro] INFO: Iniciando consulta Buró de Crédito...
2026-07-08 17:16:18,567 [tramites.Buro] ERROR: Error en 0.0s: boom
2026-07-08 17:16:18,593 [tramites.CURP] INFO: Iniciando consulta...
2026-07-08 17:16:18,594 [tramites.CURP] INFO: Completado en 0.0s
2026-07-08 17:16:18,614 [tramites.CURP] INFO: Iniciando consulta...
2026-07-08 17:16:18,630 [tramites.CURP] INFO: Iniciando consulta...
2026-07-08 17:16:18,641 [tramites.NSS] INFO: Iniciando consulta para CURP GALJ****
2026-07-08 17:16:18,642 [tramites.NSS] INFO: Completado en 0.0s
2026-07-08 17:16:18,668 [tramites.TENENCIA] INFO: Consultando tenencia para placa ABC123
2026-07-08 17:16:18,669 [tramites.TENENCIA] INFO: Completado en 0.0s
2026-07-08 17:16:18,697 [tramites.ANTECEDENTES] INFO: Iniciando trámite para CURP GALJ****
2026-07-08 17:16:18,698 [tramites.ANTECEDENTES] INFO: Completado en 0.0s
2026-07-08 17:16:18,727 [tramites.ANTECEDENTES] INFO: Iniciando trámite para CURP GALJ****
2026-07-08 17:16:18,746 [tramites.CitaINE] INFO: Iniciando cita INE...
2026-07-08 17:16:18,747 [tramites.CitaINE] INFO: Cita INE completada en 0.0s
2026-07-08 17:16:18,771 [tramites.CitaSAT] INFO: Iniciando cita SAT...
2026-07-08 17:16:18,772 [tramites.CitaSAT] INFO: Cita SAT completada en 0.0s
2026-07-08 17:16:18,803 [tramites.ControlConfianza] INFO: Iniciando Control de Confianza...
2026-07-08 17:16:18,804 [tramites.ControlConfianza] INFO: Control de Confianza completado en 0.0s
2026-07-08 17:16:18,835 [tramites.Semanas] INFO: Iniciando consulta de semanas cotizadas...
2026-07-08 17:16:18,836 [tramites.Semanas] INFO: Semanas completadas en 0.0s
2026-07-08 17:16:18,861 [tramites.Semanas] INFO: Iniciando consulta de semanas cotizadas...
2026-07-08 17:16:18,861 [tramites.Semanas] ERROR: Error en 0.0s: boom
2026-07-08 17:16:18,875 [tramites.RFC] INFO: Iniciando consulta RFC...
2026-07-08 17:16:18,875 [tramites.RFC] INFO: RFC completado en 0.0s
2026-07-08 17:16:18,897 [tramites.ActaNacimiento] INFO: Iniciando consulta de Acta de Nacimiento...
2026-07-08 17:16:18,897 [tramites.ActaNacimiento] INFO: Acta completada en 0.0s
2026-07-08 17:16:18,925 [tramites.Pasaporte] INFO: Iniciando cita de pasaporte...
2026-07-08 17:16:18,926 [tramites.Pasaporte] INFO: Cita pasaporte completada en 0.0s
2026-07-08 17:19:12,842 [tramites.API] ERROR: Error en consulta CURP
Traceback (most recent call last):
  File "D:\automatizacion\src\api.py", line 237, in consultar_curp
    resultado = await modulo.consultar(curp=req.curp.upper())
                ^^^^^^^^^^^^^^^^^^^^^^^^^^^^^^^^^^^^^^^^^^^^^
  File "C:\Users\MK\AppData\Local\Programs\Python\Python314\Lib\unittest\mock.py", line 2333, in _execute_mock_call
    raise effect
Exception: Mocked module
2026-07-08 17:19:12,916 [tramites.API] ERROR: Error en consulta NSS
Traceback (most recent call last):
  File "D:\automatizacion\src\api.py", line 251, in consultar_nss
    resultado = await modulo.consultar(
                ^^^^^^^^^^^^^^^^^^^^^^^
        curp=req.curp.upper(), correo=req.correo
        ^^^^^^^^^^^^^^^^^^^^^^^^^^^^^^^^^^^^^^^^
    )
    ^
  File "C:\Users\MK\AppData\Local\Programs\Python\Python314\Lib\unittest\mock.py", line 2333, in _execute_mock_call
    raise effect
Exception: Mocked module
2026-07-08 17:19:25,483 [tramites.test_mod] INFO: hello
2026-07-08 17:19:25,488 [tramites.test_mod] ERROR: error!
2026-07-08 17:19:27,463 [tramites.Buro] INFO: Iniciando consulta Buró de Crédito...
2026-07-08 17:19:27,464 [tramites.Buro] INFO: Buró completado en 0.0s
2026-07-08 17:19:27,482 [tramites.Circulo] INFO: Iniciando consulta Círculo de Crédito...
2026-07-08 17:19:27,482 [tramites.Circulo] INFO: Círculo completado en 0.0s
2026-07-08 17:19:27,522 [tramites.Buro] INFO: Iniciando consulta Buró de Crédito...
2026-07-08 17:19:27,523 [tramites.Buro] ERROR: Error en 0.0s: boom
2026-07-08 17:19:27,566 [tramites.CURP] INFO: Iniciando consulta...
2026-07-08 17:19:27,566 [tramites.CURP] INFO: Completado en 0.0s
2026-07-08 17:19:27,593 [tramites.CURP] INFO: Iniciando consulta...
2026-07-08 17:19:27,608 [tramites.CURP] INFO: Iniciando consulta...
2026-07-08 17:19:27,626 [tramites.NSS] INFO: Iniciando consulta para CURP GALJ****
2026-07-08 17:19:27,626 [tramites.NSS] INFO: Completado en 0.0s
2026-07-08 17:19:27,661 [tramites.TENENCIA] INFO: Consultando tenencia para placa ABC123
2026-07-08 17:19:27,661 [tramites.TENENCIA] INFO: Completado en 0.0s
2026-07-08 17:19:27,699 [tramites.ANTECEDENTES] INFO: Iniciando trámite para CURP GALJ****
2026-07-08 17:19:27,701 [tramites.ANTECEDENTES] INFO: Completado en 0.0s
2026-07-08 17:19:27,735 [tramites.ANTECEDENTES] INFO: Iniciando trámite para CURP GALJ****
2026-07-08 17:19:27,751 [tramites.CitaINE] INFO: Iniciando cita INE...
2026-07-08 17:19:27,752 [tramites.CitaINE] INFO: Cita INE completada en 0.0s
2026-07-08 17:19:27,777 [tramites.CitaSAT] INFO: Iniciando cita SAT...
2026-07-08 17:19:27,778 [tramites.CitaSAT] INFO: Cita SAT completada en 0.0s
2026-07-08 17:19:27,805 [tramites.ControlConfianza] INFO: Iniciando Control de Confianza...
2026-07-08 17:19:27,806 [tramites.ControlConfianza] INFO: Control de Confianza completado en 0.0s
2026-07-08 17:19:27,836 [tramites.Semanas] INFO: Iniciando consulta de semanas cotizadas...
2026-07-08 17:19:27,836 [tramites.Semanas] INFO: Semanas completadas en 0.0s
2026-07-08 17:19:27,867 [tramites.Semanas] INFO: Iniciando consulta de semanas cotizadas...
2026-07-08 17:19:27,867 [tramites.Semanas] ERROR: Error en 0.0s: boom
2026-07-08 17:19:27,886 [tramites.RFC] INFO: Iniciando consulta RFC...
2026-07-08 17:19:27,886 [tramites.RFC] INFO: RFC completado en 0.0s
2026-07-08 17:19:27,916 [tramites.ActaNacimiento] INFO: Iniciando consulta de Acta de Nacimiento...
2026-07-08 17:19:27,917 [tramites.ActaNacimiento] INFO: Acta completada en 0.0s
2026-07-08 17:19:27,949 [tramites.Pasaporte] INFO: Iniciando cita de pasaporte...
2026-07-08 17:19:27,950 [tramites.Pasaporte] INFO: Cita pasaporte completada en 0.0s
2026-07-08 17:23:27,006 [tramites.API] ERROR: Error en consulta CURP
Traceback (most recent call last):
  File "D:\automatizacion\src\api.py", line 237, in consultar_curp
    resultado = await modulo.consultar(curp=req.curp.upper())
                ^^^^^^^^^^^^^^^^^^^^^^^^^^^^^^^^^^^^^^^^^^^^^
  File "C:\Users\MK\AppData\Local\Programs\Python\Python314\Lib\unittest\mock.py", line 2333, in _execute_mock_call
    raise effect
Exception: Mocked module
2026-07-08 17:23:27,089 [tramites.API] ERROR: Error en consulta NSS
Traceback (most recent call last):
  File "D:\automatizacion\src\api.py", line 251, in consultar_nss
    resultado = await modulo.consultar(
                ^^^^^^^^^^^^^^^^^^^^^^^
        curp=req.curp.upper(), correo=req.correo
        ^^^^^^^^^^^^^^^^^^^^^^^^^^^^^^^^^^^^^^^^
    )
    ^
  File "C:\Users\MK\AppData\Local\Programs\Python\Python314\Lib\unittest\mock.py", line 2333, in _execute_mock_call
    raise effect
Exception: Mocked module
2026-07-08 17:23:39,303 [tramites.test_mod] INFO: hello
2026-07-08 17:23:39,308 [tramites.test_mod] ERROR: error!
2026-07-08 17:23:40,811 [tramites.Buro] INFO: Iniciando consulta Buró de Crédito...
2026-07-08 17:23:40,811 [tramites.Buro] INFO: Buró completado en 0.0s
2026-07-08 17:23:40,828 [tramites.Circulo] INFO: Iniciando consulta Círculo de Crédito...
2026-07-08 17:23:40,828 [tramites.Circulo] INFO: Círculo completado en 0.0s
2026-07-08 17:23:40,877 [tramites.Buro] INFO: Iniciando consulta Buró de Crédito...
2026-07-08 17:23:40,878 [tramites.Buro] ERROR: Error en 0.0s: boom
2026-07-08 17:23:40,919 [tramites.CURP] INFO: Iniciando consulta...
2026-07-08 17:23:40,920 [tramites.CURP] INFO: Completado en 0.0s
2026-07-08 17:23:40,944 [tramites.CURP] INFO: Iniciando consulta...
2026-07-08 17:23:40,958 [tramites.CURP] INFO: Iniciando consulta...
2026-07-08 17:23:40,974 [tramites.NSS] INFO: Iniciando consulta para CURP GALJ****
2026-07-08 17:23:40,975 [tramites.NSS] INFO: Completado en 0.0s
2026-07-08 17:23:40,998 [tramites.TENENCIA] INFO: Consultando tenencia para placa ABC123
2026-07-08 17:23:40,999 [tramites.TENENCIA] INFO: Completado en 0.0s
2026-07-08 17:23:41,027 [tramites.ANTECEDENTES] INFO: Iniciando trámite para CURP GALJ****
2026-07-08 17:23:41,027 [tramites.ANTECEDENTES] INFO: Completado en 0.0s
2026-07-08 17:23:41,052 [tramites.ANTECEDENTES] INFO: Iniciando trámite para CURP GALJ****
2026-07-08 17:23:41,069 [tramites.CitaINE] INFO: Iniciando cita INE...
2026-07-08 17:23:41,070 [tramites.CitaINE] INFO: Cita INE completada en 0.0s
2026-07-08 17:23:41,095 [tramites.CitaSAT] INFO: Iniciando cita SAT...
2026-07-08 17:23:41,096 [tramites.CitaSAT] INFO: Cita SAT completada en 0.0s
2026-07-08 17:23:41,122 [tramites.ControlConfianza] INFO: Iniciando Control de Confianza...
2026-07-08 17:23:41,122 [tramites.ControlConfianza] INFO: Control de Confianza completado en 0.0s
2026-07-08 17:23:41,150 [tramites.Semanas] INFO: Iniciando consulta de semanas cotizadas...
2026-07-08 17:23:41,151 [tramites.Semanas] INFO: Semanas completadas en 0.0s
2026-07-08 17:23:41,182 [tramites.Semanas] INFO: Iniciando consulta de semanas cotizadas...
2026-07-08 17:23:41,182 [tramites.Semanas] ERROR: Error en 0.0s: boom
2026-07-08 17:23:41,197 [tramites.RFC] INFO: Iniciando consulta RFC...
2026-07-08 17:23:41,197 [tramites.RFC] INFO: RFC completado en 0.0s
2026-07-08 17:23:41,221 [tramites.ActaNacimiento] INFO: Iniciando consulta de Acta de Nacimiento...
2026-07-08 17:23:41,221 [tramites.ActaNacimiento] INFO: Acta completada en 0.0s
2026-07-08 17:23:41,248 [tramites.Pasaporte] INFO: Iniciando cita de pasaporte...
2026-07-08 17:23:41,248 [tramites.Pasaporte] INFO: Cita pasaporte completada en 0.0s
2026-07-08 17:24:57,067 [tramites.API] ERROR: Error en consulta CURP
Traceback (most recent call last):
  File "D:\automatizacion\src\api.py", line 237, in consultar_curp
    resultado = await modulo.consultar(curp=req.curp.upper())
                ^^^^^^^^^^^^^^^^^^^^^^^^^^^^^^^^^^^^^^^^^^^^^
  File "C:\Users\MK\AppData\Local\Programs\Python\Python314\Lib\unittest\mock.py", line 2333, in _execute_mock_call
    raise effect
Exception: Mocked module
2026-07-08 17:24:57,127 [tramites.API] ERROR: Error en consulta NSS
Traceback (most recent call last):
  File "D:\automatizacion\src\api.py", line 251, in consultar_nss
    resultado = await modulo.consultar(
                ^^^^^^^^^^^^^^^^^^^^^^^
        curp=req.curp.upper(), correo=req.correo
        ^^^^^^^^^^^^^^^^^^^^^^^^^^^^^^^^^^^^^^^^
    )
    ^
  File "C:\Users\MK\AppData\Local\Programs\Python\Python314\Lib\unittest\mock.py", line 2333, in _execute_mock_call
    raise effect
Exception: Mocked module
2026-07-08 17:25:08,991 [tramites.test_mod] INFO: hello
2026-07-08 17:25:08,995 [tramites.test_mod] ERROR: error!
2026-07-08 17:25:09,280 [tramites.Buro] INFO: Iniciando consulta Buró de Crédito...
2026-07-08 17:25:09,281 [tramites.Buro] INFO: Buró completado en 0.0s
2026-07-08 17:25:09,297 [tramites.Circulo] INFO: Iniciando consulta Círculo de Crédito...
2026-07-08 17:25:09,298 [tramites.Circulo] INFO: Círculo completado en 0.0s
2026-07-08 17:25:09,341 [tramites.Buro] INFO: Iniciando consulta Buró de Crédito...
2026-07-08 17:25:09,341 [tramites.Buro] ERROR: Error en 0.0s: boom
2026-07-08 17:25:09,380 [tramites.CURP] INFO: Iniciando consulta...
2026-07-08 17:25:09,381 [tramites.CURP] INFO: Completado en 0.0s
2026-07-08 17:25:09,401 [tramites.CURP] INFO: Iniciando consulta...
2026-07-08 17:25:09,419 [tramites.CURP] INFO: Iniciando consulta...
2026-07-08 17:25:09,434 [tramites.NSS] INFO: Iniciando consulta para CURP GALJ****
2026-07-08 17:25:09,436 [tramites.NSS] INFO: Completado en 0.0s
2026-07-08 17:25:09,468 [tramites.TENENCIA] INFO: Consultando tenencia para placa ABC123
2026-07-08 17:25:09,468 [tramites.TENENCIA] INFO: Completado en 0.0s
2026-07-08 17:25:09,504 [tramites.ANTECEDENTES] INFO: Iniciando trámite para CURP GALJ****
2026-07-08 17:25:09,506 [tramites.ANTECEDENTES] INFO: Completado en 0.0s
2026-07-08 17:25:09,530 [tramites.ANTECEDENTES] INFO: Iniciando trámite para CURP GALJ****
2026-07-08 17:25:09,546 [tramites.CitaINE] INFO: Iniciando cita INE...
2026-07-08 17:25:09,547 [tramites.CitaINE] INFO: Cita INE completada en 0.0s
2026-07-08 17:25:09,581 [tramites.CitaSAT] INFO: Iniciando cita SAT...
2026-07-08 17:25:09,581 [tramites.CitaSAT] INFO: Cita SAT completada en 0.0s
2026-07-08 17:25:09,606 [tramites.ControlConfianza] INFO: Iniciando Control de Confianza...
2026-07-08 17:25:09,607 [tramites.ControlConfianza] INFO: Control de Confianza completado en 0.0s
2026-07-08 17:25:09,635 [tramites.Semanas] INFO: Iniciando consulta de semanas cotizadas...
2026-07-08 17:25:09,636 [tramites.Semanas] INFO: Semanas completadas en 0.0s
2026-07-08 17:25:09,665 [tramites.Semanas] INFO: Iniciando consulta de semanas cotizadas...
2026-07-08 17:25:09,666 [tramites.Semanas] ERROR: Error en 0.0s: boom
2026-07-08 17:25:09,685 [tramites.RFC] INFO: Iniciando consulta RFC...
2026-07-08 17:25:09,686 [tramites.RFC] INFO: RFC completado en 0.0s
2026-07-08 17:25:09,713 [tramites.ActaNacimiento] INFO: Iniciando consulta de Acta de Nacimiento...
2026-07-08 17:25:09,714 [tramites.ActaNacimiento] INFO: Acta completada en 0.0s
2026-07-08 17:25:09,744 [tramites.Pasaporte] INFO: Iniciando cita de pasaporte...
2026-07-08 17:25:09,744 [tramites.Pasaporte] INFO: Cita pasaporte completada en 0.0s
2026-07-08 17:27:01,156 [tramites.Buro] INFO: Iniciando consulta Buró de Crédito...
2026-07-08 17:27:01,157 [tramites.Buro] INFO: Buró completado en 0.0s
2026-07-08 17:27:01,187 [tramites.Circulo] INFO: Iniciando consulta Círculo de Crédito...
2026-07-08 17:27:01,188 [tramites.Circulo] INFO: Círculo completado en 0.0s
2026-07-08 17:27:01,230 [tramites.Buro] INFO: Iniciando consulta Buró de Crédito...
2026-07-08 17:27:01,231 [tramites.Buro] ERROR: Error en 0.0s: boom
2026-07-08 17:27:01,274 [tramites.CURP] INFO: Iniciando consulta...
2026-07-08 17:27:01,275 [tramites.CURP] INFO: Completado en 0.0s
2026-07-08 17:27:01,305 [tramites.CURP] INFO: Iniciando consulta...
2026-07-08 17:27:01,321 [tramites.CURP] INFO: Iniciando consulta...
2026-07-08 17:27:01,338 [tramites.NSS] INFO: Iniciando consulta para CURP GALJ****
2026-07-08 17:27:01,338 [tramites.NSS] INFO: Completado en 0.0s
2026-07-08 17:27:01,367 [tramites.TENENCIA] INFO: Consultando tenencia para placa ABC123
2026-07-08 17:27:01,368 [tramites.TENENCIA] INFO: Completado en 0.0s
2026-07-08 17:27:01,398 [tramites.ANTECEDENTES] INFO: Iniciando trámite para CURP GALJ****
2026-07-08 17:27:01,399 [tramites.ANTECEDENTES] INFO: Completado en 0.0s
2026-07-08 17:27:01,425 [tramites.ANTECEDENTES] INFO: Iniciando trámite para CURP GALJ****
2026-07-08 17:27:01,446 [tramites.CitaINE] INFO: Iniciando cita INE...
2026-07-08 17:27:01,447 [tramites.CitaINE] INFO: Cita INE completada en 0.0s
2026-07-08 17:27:01,474 [tramites.CitaSAT] INFO: Iniciando cita SAT...
2026-07-08 17:27:01,475 [tramites.CitaSAT] INFO: Cita SAT completada en 0.0s
2026-07-08 17:27:01,503 [tramites.ControlConfianza] INFO: Iniciando Control de Confianza...
2026-07-08 17:27:01,504 [tramites.ControlConfianza] INFO: Control de Confianza completado en 0.0s
2026-07-08 17:27:01,532 [tramites.Semanas] INFO: Iniciando consulta de semanas cotizadas...
2026-07-08 17:27:01,533 [tramites.Semanas] INFO: Semanas completadas en 0.0s
2026-07-08 17:27:01,566 [tramites.Semanas] INFO: Iniciando consulta de semanas cotizadas...
2026-07-08 17:27:01,566 [tramites.Semanas] ERROR: Error en 0.0s: boom
2026-07-08 17:27:01,588 [tramites.RFC] INFO: Iniciando consulta RFC...
2026-07-08 17:27:01,589 [tramites.RFC] INFO: RFC completado en 0.0s
2026-07-08 17:27:01,617 [tramites.ActaNacimiento] INFO: Iniciando consulta de Acta de Nacimiento...
2026-07-08 17:27:01,618 [tramites.ActaNacimiento] INFO: Acta completada en 0.0s
2026-07-08 17:27:01,650 [tramites.Pasaporte] INFO: Iniciando cita de pasaporte...
2026-07-08 17:27:01,651 [tramites.Pasaporte] INFO: Cita pasaporte completada en 0.0s
2026-07-08 17:27:40,305 [tramites.Buro] INFO: Iniciando consulta Buró de Crédito...
2026-07-08 17:27:40,306 [tramites.Buro] INFO: Buró completado en 0.0s
2026-07-08 17:27:40,319 [tramites.Circulo] INFO: Iniciando consulta Círculo de Crédito...
2026-07-08 17:27:40,320 [tramites.Circulo] INFO: Círculo completado en 0.0s
2026-07-08 17:27:40,354 [tramites.Buro] INFO: Iniciando consulta Buró de Crédito...
2026-07-08 17:27:40,354 [tramites.Buro] ERROR: Error en 0.0s: boom
2026-07-08 17:27:40,389 [tramites.CURP] INFO: Iniciando consulta...
2026-07-08 17:27:40,389 [tramites.CURP] INFO: Completado en 0.0s
2026-07-08 17:27:40,410 [tramites.CURP] INFO: Iniciando consulta...
2026-07-08 17:27:40,422 [tramites.CURP] INFO: Iniciando consulta...
2026-07-08 17:27:40,436 [tramites.NSS] INFO: Iniciando consulta para CURP GALJ****
2026-07-08 17:27:40,436 [tramites.NSS] INFO: Completado en 0.0s
2026-07-08 17:27:40,455 [tramites.TENENCIA] INFO: Consultando tenencia para placa ABC123
2026-07-08 17:27:40,456 [tramites.TENENCIA] INFO: Completado en 0.0s
2026-07-08 17:27:40,482 [tramites.ANTECEDENTES] INFO: Iniciando trámite para CURP GALJ****
2026-07-08 17:27:40,482 [tramites.ANTECEDENTES] INFO: Completado en 0.0s
2026-07-08 17:27:40,507 [tramites.ANTECEDENTES] INFO: Iniciando trámite para CURP GALJ****
2026-07-08 17:27:40,522 [tramites.CitaINE] INFO: Iniciando cita INE...
2026-07-08 17:27:40,523 [tramites.CitaINE] INFO: Cita INE completada en 0.0s
2026-07-08 17:27:40,552 [tramites.CitaSAT] INFO: Iniciando cita SAT...
2026-07-08 17:27:40,552 [tramites.CitaSAT] INFO: Cita SAT completada en 0.0s
2026-07-08 17:27:40,578 [tramites.ControlConfianza] INFO: Iniciando Control de Confianza...
2026-07-08 17:27:40,579 [tramites.ControlConfianza] INFO: Control de Confianza completado en 0.0s
2026-07-08 17:27:40,606 [tramites.Semanas] INFO: Iniciando consulta de semanas cotizadas...
2026-07-08 17:27:40,607 [tramites.Semanas] INFO: Semanas completadas en 0.0s
2026-07-08 17:27:40,634 [tramites.Semanas] INFO: Iniciando consulta de semanas cotizadas...
2026-07-08 17:27:40,635 [tramites.Semanas] ERROR: Error en 0.0s: boom
2026-07-08 17:27:40,651 [tramites.RFC] INFO: Iniciando consulta RFC...
2026-07-08 17:27:40,651 [tramites.RFC] INFO: RFC completado en 0.0s
2026-07-08 17:27:40,680 [tramites.ActaNacimiento] INFO: Iniciando consulta de Acta de Nacimiento...
2026-07-08 17:27:40,681 [tramites.ActaNacimiento] INFO: Acta completada en 0.0s
2026-07-08 17:27:40,704 [tramites.Pasaporte] INFO: Iniciando cita de pasaporte...
2026-07-08 17:27:40,705 [tramites.Pasaporte] INFO: Cita pasaporte completada en 0.0s
2026-07-08 17:28:17,451 [tramites.API] ERROR: Error en consulta CURP
Traceback (most recent call last):
  File "D:\automatizacion\src\api.py", line 237, in consultar_curp
    resultado = await modulo.consultar(curp=req.curp.upper())
                ^^^^^^^^^^^^^^^^^^^^^^^^^^^^^^^^^^^^^^^^^^^^^
  File "C:\Users\MK\AppData\Local\Programs\Python\Python314\Lib\unittest\mock.py", line 2333, in _execute_mock_call
    raise effect
Exception: Mocked module
2026-07-08 17:28:17,507 [tramites.API] ERROR: Error en consulta NSS
Traceback (most recent call last):
  File "D:\automatizacion\src\api.py", line 251, in consultar_nss
    resultado = await modulo.consultar(
                ^^^^^^^^^^^^^^^^^^^^^^^
        curp=req.curp.upper(), correo=req.correo
        ^^^^^^^^^^^^^^^^^^^^^^^^^^^^^^^^^^^^^^^^
    )
    ^
  File "C:\Users\MK\AppData\Local\Programs\Python\Python314\Lib\unittest\mock.py", line 2333, in _execute_mock_call
    raise effect
Exception: Mocked module
2026-07-08 17:28:29,633 [tramites.test_mod] INFO: hello
2026-07-08 17:28:29,636 [tramites.test_mod] ERROR: error!
2026-07-08 17:28:30,941 [tramites.Buro] INFO: Iniciando consulta Buró de Crédito...
2026-07-08 17:28:30,941 [tramites.Buro] INFO: Buró completado en 0.0s
2026-07-08 17:28:30,951 [tramites.Circulo] INFO: Iniciando consulta Círculo de Crédito...
2026-07-08 17:28:30,952 [tramites.Circulo] INFO: Círculo completado en 0.0s
2026-07-08 17:28:30,980 [tramites.Buro] INFO: Iniciando consulta Buró de Crédito...
2026-07-08 17:28:30,980 [tramites.Buro] ERROR: Error en 0.0s: boom
2026-07-08 17:28:31,021 [tramites.CURP] INFO: Iniciando consulta...
2026-07-08 17:28:31,021 [tramites.CURP] INFO: Completado en 0.0s
2026-07-08 17:28:31,040 [tramites.CURP] INFO: Iniciando consulta...
2026-07-08 17:28:31,050 [tramites.CURP] INFO: Iniciando consulta...
2026-07-08 17:28:31,062 [tramites.NSS] INFO: Iniciando consulta para CURP GALJ****
2026-07-08 17:28:31,062 [tramites.NSS] INFO: Completado en 0.0s
2026-07-08 17:28:31,083 [tramites.TENENCIA] INFO: Consultando tenencia para placa ABC123
2026-07-08 17:28:31,084 [tramites.TENENCIA] INFO: Completado en 0.0s
2026-07-08 17:28:31,111 [tramites.ANTECEDENTES] INFO: Iniciando trámite para CURP GALJ****
2026-07-08 17:28:31,112 [tramites.ANTECEDENTES] INFO: Completado en 0.0s
2026-07-08 17:28:31,134 [tramites.ANTECEDENTES] INFO: Iniciando trámite para CURP GALJ****
2026-07-08 17:28:31,145 [tramites.CitaINE] INFO: Iniciando cita INE...
2026-07-08 17:28:31,146 [tramites.CitaINE] INFO: Cita INE completada en 0.0s
2026-07-08 17:28:31,164 [tramites.CitaSAT] INFO: Iniciando cita SAT...
2026-07-08 17:28:31,165 [tramites.CitaSAT] INFO: Cita SAT completada en 0.0s
2026-07-08 17:28:31,182 [tramites.ControlConfianza] INFO: Iniciando Control de Confianza...
2026-07-08 17:28:31,183 [tramites.ControlConfianza] INFO: Control de Confianza completado en 0.0s
2026-07-08 17:28:31,205 [tramites.Semanas] INFO: Iniciando consulta de semanas cotizadas...
2026-07-08 17:28:31,206 [tramites.Semanas] INFO: Semanas completadas en 0.0s
2026-07-08 17:28:31,225 [tramites.Semanas] INFO: Iniciando consulta de semanas cotizadas...
2026-07-08 17:28:31,226 [tramites.Semanas] ERROR: Error en 0.0s: boom
2026-07-08 17:28:31,237 [tramites.RFC] INFO: Iniciando consulta RFC...
2026-07-08 17:28:31,237 [tramites.RFC] INFO: RFC completado en 0.0s
2026-07-08 17:28:31,257 [tramites.ActaNacimiento] INFO: Iniciando consulta de Acta de Nacimiento...
2026-07-08 17:28:31,258 [tramites.ActaNacimiento] INFO: Acta completada en 0.0s
2026-07-08 17:28:31,275 [tramites.Pasaporte] INFO: Iniciando cita de pasaporte...
2026-07-08 17:28:31,276 [tramites.Pasaporte] INFO: Cita pasaporte completada en 0.0s
2026-07-08 17:29:29,917 [tramites.Buro] INFO: Iniciando consulta Buró de Crédito...
2026-07-08 17:29:29,917 [tramites.Buro] INFO: Buró completado en 0.0s
2026-07-08 17:29:29,929 [tramites.Circulo] INFO: Iniciando consulta Círculo de Crédito...
2026-07-08 17:29:29,930 [tramites.Circulo] INFO: Círculo completado en 0.0s
2026-07-08 17:29:29,970 [tramites.Buro] INFO: Iniciando consulta Buró de Crédito...
2026-07-08 17:29:29,970 [tramites.Buro] ERROR: Error en 0.0s: boom
2026-07-08 17:29:30,000 [tramites.CURP] INFO: Iniciando consulta...
2026-07-08 17:29:30,000 [tramites.CURP] INFO: Completado en 0.0s
2026-07-08 17:29:30,020 [tramites.CURP] INFO: Iniciando consulta...
2026-07-08 17:29:30,038 [tramites.CURP] INFO: Iniciando consulta...
2026-07-08 17:29:30,050 [tramites.NSS] INFO: Iniciando consulta para CURP GALJ****
2026-07-08 17:29:30,051 [tramites.NSS] INFO: Completado en 0.0s
2026-07-08 17:29:30,072 [tramites.TENENCIA] INFO: Consultando tenencia para placa ABC123
2026-07-08 17:29:30,072 [tramites.TENENCIA] INFO: Completado en 0.0s
2026-07-08 17:29:30,098 [tramites.ANTECEDENTES] INFO: Iniciando trámite para CURP GALJ****
2026-07-08 17:29:30,098 [tramites.ANTECEDENTES] INFO: Completado en 0.0s
2026-07-08 17:29:30,115 [tramites.ANTECEDENTES] INFO: Iniciando trámite para CURP GALJ****
2026-07-08 17:29:30,129 [tramites.CitaINE] INFO: Iniciando cita INE...
2026-07-08 17:29:30,129 [tramites.CitaINE] INFO: Cita INE completada en 0.0s
2026-07-08 17:29:30,160 [tramites.CitaSAT] INFO: Iniciando cita SAT...
2026-07-08 17:29:30,161 [tramites.CitaSAT] INFO: Cita SAT completada en 0.0s
2026-07-08 17:29:30,189 [tramites.ControlConfianza] INFO: Iniciando Control de Confianza...
2026-07-08 17:29:30,189 [tramites.ControlConfianza] INFO: Control de Confianza completado en 0.0s
2026-07-08 17:29:30,212 [tramites.Semanas] INFO: Iniciando consulta de semanas cotizadas...
2026-07-08 17:29:30,212 [tramites.Semanas] INFO: Semanas completadas en 0.0s
2026-07-08 17:29:30,231 [tramites.Semanas] INFO: Iniciando consulta de semanas cotizadas...
2026-07-08 17:29:30,232 [tramites.Semanas] ERROR: Error en 0.0s: boom
2026-07-08 17:29:30,241 [tramites.RFC] INFO: Iniciando consulta RFC...
2026-07-08 17:29:30,241 [tramites.RFC] INFO: RFC completado en 0.0s
2026-07-08 17:29:30,264 [tramites.ActaNacimiento] INFO: Iniciando consulta de Acta de Nacimiento...
2026-07-08 17:29:30,264 [tramites.ActaNacimiento] INFO: Acta completada en 0.0s
2026-07-08 17:29:30,279 [tramites.Pasaporte] INFO: Iniciando cita de pasaporte...
2026-07-08 17:29:30,280 [tramites.Pasaporte] INFO: Cita pasaporte completada en 0.0s
2026-07-08 17:29:52,874 [tramites.Buro] INFO: Iniciando consulta Buró de Crédito...
2026-07-08 17:29:52,875 [tramites.Buro] INFO: Buró completado en 0.0s
2026-07-08 17:29:52,886 [tramites.Circulo] INFO: Iniciando consulta Círculo de Crédito...
2026-07-08 17:29:52,887 [tramites.Circulo] INFO: Círculo completado en 0.0s
2026-07-08 17:29:52,916 [tramites.Buro] INFO: Iniciando consulta Buró de Crédito...
2026-07-08 17:29:52,916 [tramites.Buro] ERROR: Error en 0.0s: boom
2026-07-08 17:29:52,953 [tramites.CURP] INFO: Iniciando consulta...
2026-07-08 17:29:52,954 [tramites.CURP] INFO: Completado en 0.0s
2026-07-08 17:29:52,971 [tramites.CURP] INFO: Iniciando consulta...
2026-07-08 17:29:52,984 [tramites.CURP] INFO: Iniciando consulta...
2026-07-08 17:29:52,997 [tramites.NSS] INFO: Iniciando consulta para CURP GALJ****
2026-07-08 17:29:52,998 [tramites.NSS] INFO: Completado en 0.0s
2026-07-08 17:29:53,021 [tramites.TENENCIA] INFO: Consultando tenencia para placa ABC123
2026-07-08 17:29:53,022 [tramites.TENENCIA] INFO: Completado en 0.0s
2026-07-08 17:29:53,049 [tramites.ANTECEDENTES] INFO: Iniciando trámite para CURP GALJ****
2026-07-08 17:29:53,050 [tramites.ANTECEDENTES] INFO: Completado en 0.0s
2026-07-08 17:29:53,065 [tramites.ANTECEDENTES] INFO: Iniciando trámite para CURP GALJ****
2026-07-08 17:29:53,074 [tramites.CitaINE] INFO: Iniciando cita INE...
2026-07-08 17:29:53,074 [tramites.CitaINE] INFO: Cita INE completada en 0.0s
2026-07-08 17:29:53,090 [tramites.CitaSAT] INFO: Iniciando cita SAT...
2026-07-08 17:29:53,090 [tramites.CitaSAT] INFO: Cita SAT completada en 0.0s
2026-07-08 17:29:53,109 [tramites.ControlConfianza] INFO: Iniciando Control de Confianza...
2026-07-08 17:29:53,110 [tramites.ControlConfianza] INFO: Control de Confianza completado en 0.0s
2026-07-08 17:29:53,130 [tramites.Semanas] INFO: Iniciando consulta de semanas cotizadas...
2026-07-08 17:29:53,130 [tramites.Semanas] INFO: Semanas completadas en 0.0s
2026-07-08 17:29:53,150 [tramites.Semanas] INFO: Iniciando consulta de semanas cotizadas...
2026-07-08 17:29:53,150 [tramites.Semanas] ERROR: Error en 0.0s: boom
2026-07-08 17:29:53,159 [tramites.RFC] INFO: Iniciando consulta RFC...
2026-07-08 17:29:53,160 [tramites.RFC] INFO: RFC completado en 0.0s
2026-07-08 17:29:53,176 [tramites.ActaNacimiento] INFO: Iniciando consulta de Acta de Nacimiento...
2026-07-08 17:29:53,176 [tramites.ActaNacimiento] INFO: Acta completada en 0.0s
2026-07-08 17:29:53,195 [tramites.Pasaporte] INFO: Iniciando cita de pasaporte...
2026-07-08 17:29:53,196 [tramites.Pasaporte] INFO: Cita pasaporte completada en 0.0s
2026-07-08 17:30:58,082 [tramites.Buro] INFO: Iniciando consulta Buró de Crédito...
2026-07-08 17:30:58,083 [tramites.Buro] INFO: Buró completado en 0.0s
2026-07-08 17:30:58,098 [tramites.Circulo] INFO: Iniciando consulta Círculo de Crédito...
2026-07-08 17:30:58,099 [tramites.Circulo] INFO: Círculo completado en 0.0s
2026-07-08 17:30:58,141 [tramites.Buro] INFO: Iniciando consulta Buró de Crédito...
2026-07-08 17:30:58,142 [tramites.Buro] ERROR: Error en 0.0s: boom
2026-07-08 17:30:58,173 [tramites.CURP] INFO: Iniciando consulta...
2026-07-08 17:30:58,174 [tramites.CURP] INFO: Completado en 0.0s
2026-07-08 17:30:58,191 [tramites.CURP] INFO: Iniciando consulta...
2026-07-08 17:30:58,208 [tramites.CURP] INFO: Iniciando consulta...
2026-07-08 17:30:58,218 [tramites.NSS] INFO: Iniciando consulta para CURP GALJ****
2026-07-08 17:30:58,219 [tramites.NSS] INFO: Completado en 0.0s
2026-07-08 17:30:58,237 [tramites.TENENCIA] INFO: Consultando tenencia para placa ABC123
2026-07-08 17:30:58,237 [tramites.TENENCIA] INFO: Completado en 0.0s
2026-07-08 17:30:58,257 [tramites.ANTECEDENTES] INFO: Iniciando trámite para CURP GALJ****
2026-07-08 17:30:58,258 [tramites.ANTECEDENTES] INFO: Completado en 0.0s
2026-07-08 17:30:58,271 [tramites.ANTECEDENTES] INFO: Iniciando trámite para CURP GALJ****
2026-07-08 17:30:58,279 [tramites.CitaINE] INFO: Iniciando cita INE...
2026-07-08 17:30:58,279 [tramites.CitaINE] INFO: Cita INE completada en 0.0s
2026-07-08 17:30:58,301 [tramites.CitaSAT] INFO: Iniciando cita SAT...
2026-07-08 17:30:58,301 [tramites.CitaSAT] INFO: Cita SAT completada en 0.0s
2026-07-08 17:30:58,325 [tramites.ControlConfianza] INFO: Iniciando Control de Confianza...
2026-07-08 17:30:58,325 [tramites.ControlConfianza] INFO: Control de Confianza completado en 0.0s
2026-07-08 17:30:58,345 [tramites.Semanas] INFO: Iniciando consulta de semanas cotizadas...
2026-07-08 17:30:58,345 [tramites.Semanas] INFO: Semanas completadas en 0.0s
2026-07-08 17:30:58,366 [tramites.Semanas] INFO: Iniciando consulta de semanas cotizadas...
2026-07-08 17:30:58,367 [tramites.Semanas] ERROR: Error en 0.0s: boom
2026-07-08 17:30:58,381 [tramites.RFC] INFO: Iniciando consulta RFC...
2026-07-08 17:30:58,381 [tramites.RFC] INFO: RFC completado en 0.0s
2026-07-08 17:30:58,404 [tramites.ActaNacimiento] INFO: Iniciando consulta de Acta de Nacimiento...
2026-07-08 17:30:58,404 [tramites.ActaNacimiento] INFO: Acta completada en 0.0s
2026-07-08 17:30:58,426 [tramites.Pasaporte] INFO: Iniciando cita de pasaporte...
2026-07-08 17:30:58,427 [tramites.Pasaporte] INFO: Cita pasaporte completada en 0.0s
2026-07-08 17:32:12,714 [tramites.API] ERROR: Error en consulta CURP
Traceback (most recent call last):
  File "D:\automatizacion\src\api.py", line 237, in consultar_curp
    resultado = await modulo.consultar(curp=req.curp.upper())
                ^^^^^^^^^^^^^^^^^^^^^^^^^^^^^^^^^^^^^^^^^^^^^
  File "C:\Users\MK\AppData\Local\Programs\Python\Python314\Lib\unittest\mock.py", line 2333, in _execute_mock_call
    raise effect
Exception: Mocked module
2026-07-08 17:32:12,769 [tramites.API] ERROR: Error en consulta NSS
Traceback (most recent call last):
  File "D:\automatizacion\src\api.py", line 251, in consultar_nss
    resultado = await modulo.consultar(
                ^^^^^^^^^^^^^^^^^^^^^^^
        curp=req.curp.upper(), correo=req.correo
        ^^^^^^^^^^^^^^^^^^^^^^^^^^^^^^^^^^^^^^^^
    )
    ^
  File "C:\Users\MK\AppData\Local\Programs\Python\Python314\Lib\unittest\mock.py", line 2333, in _execute_mock_call
    raise effect
Exception: Mocked module
2026-07-08 17:32:23,459 [tramites.test_mod] INFO: hello
2026-07-08 17:32:23,462 [tramites.test_mod] ERROR: error!
2026-07-08 17:32:24,599 [tramites.Buro] INFO: Iniciando consulta Buró de Crédito...
2026-07-08 17:32:24,599 [tramites.Buro] INFO: Buró completado en 0.0s
2026-07-08 17:32:24,616 [tramites.Circulo] INFO: Iniciando consulta Círculo de Crédito...
2026-07-08 17:32:24,617 [tramites.Circulo] INFO: Círculo completado en 0.0s
2026-07-08 17:32:24,650 [tramites.Buro] INFO: Iniciando consulta Buró de Crédito...
2026-07-08 17:32:24,651 [tramites.Buro] ERROR: Error en 0.0s: boom
2026-07-08 17:32:24,690 [tramites.CURP] INFO: Iniciando consulta...
2026-07-08 17:32:24,691 [tramites.CURP] INFO: Completado en 0.0s
2026-07-08 17:32:24,710 [tramites.CURP] INFO: Iniciando consulta...
2026-07-08 17:32:24,726 [tramites.CURP] INFO: Iniciando consulta...
2026-07-08 17:32:24,740 [tramites.NSS] INFO: Iniciando consulta para CURP GALJ****
2026-07-08 17:32:24,741 [tramites.NSS] INFO: Completado en 0.0s
2026-07-08 17:32:24,769 [tramites.TENENCIA] INFO: Consultando tenencia para placa ABC123
2026-07-08 17:32:24,769 [tramites.TENENCIA] INFO: Completado en 0.0s
2026-07-08 17:32:24,789 [tramites.ANTECEDENTES] INFO: Iniciando trámite para CURP GALJ****
2026-07-08 17:32:24,789 [tramites.ANTECEDENTES] INFO: Completado en 0.0s
2026-07-08 17:32:24,808 [tramites.ANTECEDENTES] INFO: Iniciando trámite para CURP GALJ****
2026-07-08 17:32:24,821 [tramites.CitaINE] INFO: Iniciando cita INE...
2026-07-08 17:32:24,821 [tramites.CitaINE] INFO: Cita INE completada en 0.0s
2026-07-08 17:32:24,840 [tramites.CitaSAT] INFO: Iniciando cita SAT...
2026-07-08 17:32:24,841 [tramites.CitaSAT] INFO: Cita SAT completada en 0.0s
2026-07-08 17:32:24,866 [tramites.ControlConfianza] INFO: Iniciando Control de Confianza...
2026-07-08 17:32:24,867 [tramites.ControlConfianza] INFO: Control de Confianza completado en 0.0s
2026-07-08 17:32:24,895 [tramites.Semanas] INFO: Iniciando consulta de semanas cotizadas...
2026-07-08 17:32:24,896 [tramites.Semanas] INFO: Semanas completadas en 0.0s
2026-07-08 17:32:24,915 [tramites.Semanas] INFO: Iniciando consulta de semanas cotizadas...
2026-07-08 17:32:24,915 [tramites.Semanas] ERROR: Error en 0.0s: boom
2026-07-08 17:32:24,926 [tramites.RFC] INFO: Iniciando consulta RFC...
2026-07-08 17:32:24,927 [tramites.RFC] INFO: RFC completado en 0.0s
2026-07-08 17:32:24,947 [tramites.ActaNacimiento] INFO: Iniciando consulta de Acta de Nacimiento...
2026-07-08 17:32:24,947 [tramites.ActaNacimiento] INFO: Acta completada en 0.0s
2026-07-08 17:32:24,965 [tramites.Pasaporte] INFO: Iniciando cita de pasaporte...
2026-07-08 17:32:24,965 [tramites.Pasaporte] INFO: Cita pasaporte completada en 0.0s
2026-07-08 17:34:03,931 [tramites.API] ERROR: Error en consulta CURP
Traceback (most recent call last):
  File "D:\automatizacion\src\api.py", line 237, in consultar_curp
    resultado = await modulo.consultar(curp=req.curp.upper())
                ^^^^^^^^^^^^^^^^^^^^^^^^^^^^^^^^^^^^^^^^^^^^^
  File "C:\Users\MK\AppData\Local\Programs\Python\Python314\Lib\unittest\mock.py", line 2333, in _execute_mock_call
    raise effect
Exception: Mocked module
2026-07-08 17:34:03,976 [tramites.API] ERROR: Error en consulta NSS
Traceback (most recent call last):
  File "D:\automatizacion\src\api.py", line 251, in consultar_nss
    resultado = await modulo.consultar(
                ^^^^^^^^^^^^^^^^^^^^^^^
        curp=req.curp.upper(), correo=req.correo
        ^^^^^^^^^^^^^^^^^^^^^^^^^^^^^^^^^^^^^^^^
    )
    ^
  File "C:\Users\MK\AppData\Local\Programs\Python\Python314\Lib\unittest\mock.py", line 2333, in _execute_mock_call
    raise effect
Exception: Mocked module
2026-07-08 17:34:14,742 [tramites.test_mod] INFO: hello
2026-07-08 17:34:14,745 [tramites.test_mod] ERROR: error!
2026-07-08 17:34:15,952 [tramites.Buro] INFO: Iniciando consulta Buró de Crédito...
2026-07-08 17:34:15,953 [tramites.Buro] INFO: Buró completado en 0.0s
2026-07-08 17:34:15,962 [tramites.Circulo] INFO: Iniciando consulta Círculo de Crédito...
2026-07-08 17:34:15,963 [tramites.Circulo] INFO: Círculo completado en 0.0s
2026-07-08 17:34:15,988 [tramites.Buro] INFO: Iniciando consulta Buró de Crédito...
2026-07-08 17:34:15,988 [tramites.Buro] ERROR: Error en 0.0s: boom
2026-07-08 17:34:16,015 [tramites.CURP] INFO: Iniciando consulta...
2026-07-08 17:34:16,015 [tramites.CURP] INFO: Completado en 0.0s
2026-07-08 17:34:16,034 [tramites.CURP] INFO: Iniciando consulta...
2026-07-08 17:34:16,043 [tramites.CURP] INFO: Iniciando consulta...
2026-07-08 17:34:16,055 [tramites.NSS] INFO: Iniciando consulta para CURP GALJ****
2026-07-08 17:34:16,056 [tramites.NSS] INFO: Completado en 0.0s
2026-07-08 17:34:16,077 [tramites.TENENCIA] INFO: Consultando tenencia para placa ABC123
2026-07-08 17:34:16,078 [tramites.TENENCIA] INFO: Completado en 0.0s
2026-07-08 17:34:16,098 [tramites.ANTECEDENTES] INFO: Iniciando trámite para CURP GALJ****
2026-07-08 17:34:16,099 [tramites.ANTECEDENTES] INFO: Completado en 0.0s
2026-07-08 17:34:16,117 [tramites.ANTECEDENTES] INFO: Iniciando trámite para CURP GALJ****
2026-07-08 17:34:16,127 [tramites.CitaINE] INFO: Iniciando cita INE...
2026-07-08 17:34:16,127 [tramites.CitaINE] INFO: Cita INE completada en 0.0s
2026-07-08 17:34:16,146 [tramites.CitaSAT] INFO: Iniciando cita SAT...
2026-07-08 17:34:16,146 [tramites.CitaSAT] INFO: Cita SAT completada en 0.0s
2026-07-08 17:34:16,168 [tramites.ControlConfianza] INFO: Iniciando Control de Confianza...
2026-07-08 17:34:16,169 [tramites.ControlConfianza] INFO: Control de Confianza completado en 0.0s
2026-07-08 17:34:16,184 [tramites.Semanas] INFO: Iniciando consulta de semanas cotizadas...
2026-07-08 17:34:16,185 [tramites.Semanas] INFO: Semanas completadas en 0.0s
2026-07-08 17:34:16,199 [tramites.Semanas] INFO: Iniciando consulta de semanas cotizadas...
2026-07-08 17:34:16,199 [tramites.Semanas] ERROR: Error en 0.0s: boom
2026-07-08 17:34:16,208 [tramites.RFC] INFO: Iniciando consulta RFC...
2026-07-08 17:34:16,208 [tramites.RFC] INFO: RFC completado en 0.0s
2026-07-08 17:34:16,229 [tramites.ActaNacimiento] INFO: Iniciando consulta de Acta de Nacimiento...
2026-07-08 17:34:16,229 [tramites.ActaNacimiento] INFO: Acta completada en 0.0s
2026-07-08 17:34:16,245 [tramites.Pasaporte] INFO: Iniciando cita de pasaporte...
2026-07-08 17:34:16,246 [tramites.Pasaporte] INFO: Cita pasaporte completada en 0.0s
2026-07-08 17:34:37,204 [tramites.API] ERROR: Error en consulta CURP
Traceback (most recent call last):
  File "D:\automatizacion\src\api.py", line 237, in consultar_curp
    resultado = await modulo.consultar(curp=req.curp.upper())
                ^^^^^^^^^^^^^^^^^^^^^^^^^^^^^^^^^^^^^^^^^^^^^
  File "C:\Users\MK\AppData\Local\Programs\Python\Python314\Lib\unittest\mock.py", line 2333, in _execute_mock_call
    raise effect
Exception: Mocked module
2026-07-08 17:34:37,243 [tramites.API] ERROR: Error en consulta NSS
Traceback (most recent call last):
  File "D:\automatizacion\src\api.py", line 251, in consultar_nss
    resultado = await modulo.consultar(
                ^^^^^^^^^^^^^^^^^^^^^^^
        curp=req.curp.upper(), correo=req.correo
        ^^^^^^^^^^^^^^^^^^^^^^^^^^^^^^^^^^^^^^^^
    )
    ^
  File "C:\Users\MK\AppData\Local\Programs\Python\Python314\Lib\unittest\mock.py", line 2333, in _execute_mock_call
    raise effect
Exception: Mocked module
2026-07-08 17:34:47,938 [tramites.test_mod] INFO: hello
2026-07-08 17:34:47,941 [tramites.test_mod] ERROR: error!
2026-07-08 17:34:49,074 [tramites.Buro] INFO: Iniciando consulta Buró de Crédito...
2026-07-08 17:34:49,074 [tramites.Buro] INFO: Buró completado en 0.0s
2026-07-08 17:34:49,085 [tramites.Circulo] INFO: Iniciando consulta Círculo de Crédito...
2026-07-08 17:34:49,086 [tramites.Circulo] INFO: Círculo completado en 0.0s
2026-07-08 17:34:49,119 [tramites.Buro] INFO: Iniciando consulta Buró de Crédito...
2026-07-08 17:34:49,119 [tramites.Buro] ERROR: Error en 0.0s: boom
2026-07-08 17:34:49,154 [tramites.CURP] INFO: Iniciando consulta...
2026-07-08 17:34:49,154 [tramites.CURP] INFO: Completado en 0.0s
2026-07-08 17:34:49,169 [tramites.CURP] INFO: Iniciando consulta...
2026-07-08 17:34:49,177 [tramites.CURP] INFO: Iniciando consulta...
2026-07-08 17:34:49,187 [tramites.NSS] INFO: Iniciando consulta para CURP GALJ****
2026-07-08 17:34:49,187 [tramites.NSS] INFO: Completado en 0.0s
2026-07-08 17:34:49,206 [tramites.TENENCIA] INFO: Consultando tenencia para placa ABC123
2026-07-08 17:34:49,207 [tramites.TENENCIA] INFO: Completado en 0.0s
2026-07-08 17:34:49,232 [tramites.ANTECEDENTES] INFO: Iniciando trámite para CURP GALJ****
2026-07-08 17:34:49,232 [tramites.ANTECEDENTES] INFO: Completado en 0.0s
2026-07-08 17:34:49,256 [tramites.ANTECEDENTES] INFO: Iniciando trámite para CURP GALJ****
2026-07-08 17:34:49,267 [tramites.CitaINE] INFO: Iniciando cita INE...
2026-07-08 17:34:49,267 [tramites.CitaINE] INFO: Cita INE completada en 0.0s
2026-07-08 17:34:49,284 [tramites.CitaSAT] INFO: Iniciando cita SAT...
2026-07-08 17:34:49,284 [tramites.CitaSAT] INFO: Cita SAT completada en 0.0s
2026-07-08 17:34:49,300 [tramites.ControlConfianza] INFO: Iniciando Control de Confianza...
2026-07-08 17:34:49,300 [tramites.ControlConfianza] INFO: Control de Confianza completado en 0.0s
2026-07-08 17:34:49,322 [tramites.Semanas] INFO: Iniciando consulta de semanas cotizadas...
2026-07-08 17:34:49,323 [tramites.Semanas] INFO: Semanas completadas en 0.0s
2026-07-08 17:34:49,345 [tramites.Semanas] INFO: Iniciando consulta de semanas cotizadas...
2026-07-08 17:34:49,345 [tramites.Semanas] ERROR: Error en 0.0s: boom
2026-07-08 17:34:49,357 [tramites.RFC] INFO: Iniciando consulta RFC...
2026-07-08 17:34:49,358 [tramites.RFC] INFO: RFC completado en 0.0s
2026-07-08 17:34:49,382 [tramites.ActaNacimiento] INFO: Iniciando consulta de Acta de Nacimiento...
2026-07-08 17:34:49,382 [tramites.ActaNacimiento] INFO: Acta completada en 0.0s
2026-07-08 17:34:49,409 [tramites.Pasaporte] INFO: Iniciando cita de pasaporte...
2026-07-08 17:34:49,410 [tramites.Pasaporte] INFO: Cita pasaporte completada en 0.0s
2026-07-08 17:35:12,528 [tramites.API] ERROR: Error en consulta CURP
Traceback (most recent call last):
  File "D:\automatizacion\src\api.py", line 237, in consultar_curp
    resultado = await modulo.consultar(curp=req.curp.upper())
                ^^^^^^^^^^^^^^^^^^^^^^^^^^^^^^^^^^^^^^^^^^^^^
  File "C:\Users\MK\AppData\Local\Programs\Python\Python314\Lib\unittest\mock.py", line 2333, in _execute_mock_call
    raise effect
Exception: Mocked module
2026-07-08 17:35:12,576 [tramites.API] ERROR: Error en consulta NSS
Traceback (most recent call last):
  File "D:\automatizacion\src\api.py", line 251, in consultar_nss
    resultado = await modulo.consultar(
                ^^^^^^^^^^^^^^^^^^^^^^^
        curp=req.curp.upper(), correo=req.correo
        ^^^^^^^^^^^^^^^^^^^^^^^^^^^^^^^^^^^^^^^^
    )
    ^
  File "C:\Users\MK\AppData\Local\Programs\Python\Python314\Lib\unittest\mock.py", line 2333, in _execute_mock_call
    raise effect
Exception: Mocked module
2026-07-08 17:35:22,964 [tramites.test_mod] INFO: hello
2026-07-08 17:35:22,968 [tramites.test_mod] ERROR: error!
2026-07-08 17:35:24,144 [tramites.Buro] INFO: Iniciando consulta Buró de Crédito...
2026-07-08 17:35:24,145 [tramites.Buro] INFO: Buró completado en 0.0s
2026-07-08 17:35:24,156 [tramites.Circulo] INFO: Iniciando consulta Círculo de Crédito...
2026-07-08 17:35:24,156 [tramites.Circulo] INFO: Círculo completado en 0.0s
2026-07-08 17:35:24,186 [tramites.Buro] INFO: Iniciando consulta Buró de Crédito...
2026-07-08 17:35:24,186 [tramites.Buro] ERROR: Error en 0.0s: boom
2026-07-08 17:35:24,216 [tramites.CURP] INFO: Iniciando consulta...
2026-07-08 17:35:24,217 [tramites.CURP] INFO: Completado en 0.0s
2026-07-08 17:35:24,231 [tramites.CURP] INFO: Iniciando consulta...
2026-07-08 17:35:24,239 [tramites.CURP] INFO: Iniciando consulta...
2026-07-08 17:35:24,248 [tramites.NSS] INFO: Iniciando consulta para CURP GALJ****
2026-07-08 17:35:24,249 [tramites.NSS] INFO: Completado en 0.0s
2026-07-08 17:35:24,266 [tramites.TENENCIA] INFO: Consultando tenencia para placa ABC123
2026-07-08 17:35:24,267 [tramites.TENENCIA] INFO: Completado en 0.0s
2026-07-08 17:35:24,288 [tramites.ANTECEDENTES] INFO: Iniciando trámite para CURP GALJ****
2026-07-08 17:35:24,289 [tramites.ANTECEDENTES] INFO: Completado en 0.0s
2026-07-08 17:35:24,317 [tramites.ANTECEDENTES] INFO: Iniciando trámite para CURP GALJ****
2026-07-08 17:35:24,333 [tramites.CitaINE] INFO: Iniciando cita INE...
2026-07-08 17:35:24,334 [tramites.CitaINE] INFO: Cita INE completada en 0.0s
2026-07-08 17:35:24,359 [tramites.CitaSAT] INFO: Iniciando cita SAT...
2026-07-08 17:35:24,359 [tramites.CitaSAT] INFO: Cita SAT completada en 0.0s
2026-07-08 17:35:24,378 [tramites.ControlConfianza] INFO: Iniciando Control de Confianza...
2026-07-08 17:35:24,378 [tramites.ControlConfianza] INFO: Control de Confianza completado en 0.0s
2026-07-08 17:35:24,395 [tramites.Semanas] INFO: Iniciando consulta de semanas cotizadas...
2026-07-08 17:35:24,396 [tramites.Semanas] INFO: Semanas completadas en 0.0s
2026-07-08 17:35:24,416 [tramites.Semanas] INFO: Iniciando consulta de semanas cotizadas...
2026-07-08 17:35:24,416 [tramites.Semanas] ERROR: Error en 0.0s: boom
2026-07-08 17:35:24,427 [tramites.RFC] INFO: Iniciando consulta RFC...
2026-07-08 17:35:24,428 [tramites.RFC] INFO: RFC completado en 0.0s
2026-07-08 17:35:24,445 [tramites.ActaNacimiento] INFO: Iniciando consulta de Acta de Nacimiento...
2026-07-08 17:35:24,446 [tramites.ActaNacimiento] INFO: Acta completada en 0.0s
2026-07-08 17:35:24,466 [tramites.Pasaporte] INFO: Iniciando cita de pasaporte...
2026-07-08 17:35:24,466 [tramites.Pasaporte] INFO: Cita pasaporte completada en 0.0s
2026-07-08 18:27:38,642 [tramites.API] ERROR: Error en consulta CURP
Traceback (most recent call last):
  File "D:\automatizacion\src\api.py", line 237, in consultar_curp
    resultado = await modulo.consultar(curp=req.curp.upper())
                ^^^^^^^^^^^^^^^^^^^^^^^^^^^^^^^^^^^^^^^^^^^^^
  File "C:\Users\MK\AppData\Local\Programs\Python\Python314\Lib\unittest\mock.py", line 2333, in _execute_mock_call
    raise effect
Exception: Mocked module
2026-07-08 18:27:38,701 [tramites.API] ERROR: Error en consulta NSS
Traceback (most recent call last):
  File "D:\automatizacion\src\api.py", line 251, in consultar_nss
    resultado = await modulo.consultar(
                ^^^^^^^^^^^^^^^^^^^^^^^
        curp=req.curp.upper(), correo=req.correo
        ^^^^^^^^^^^^^^^^^^^^^^^^^^^^^^^^^^^^^^^^
    )
    ^
  File "C:\Users\MK\AppData\Local\Programs\Python\Python314\Lib\unittest\mock.py", line 2333, in _execute_mock_call
    raise effect
Exception: Mocked module
2026-07-08 18:27:43,949 [tramites.test_mod] INFO: hello
2026-07-08 18:27:43,954 [tramites.test_mod] ERROR: error!
2026-07-08 18:27:51,719 [tramites.Buro] INFO: Iniciando consulta Buró de Crédito...
2026-07-08 18:27:51,719 [tramites.Buro] INFO: Buró completado en 0.0s
2026-07-08 18:27:51,739 [tramites.Circulo] INFO: Iniciando consulta Círculo de Crédito...
2026-07-08 18:27:51,740 [tramites.Circulo] INFO: Círculo completado en 0.0s
2026-07-08 18:27:51,785 [tramites.Buro] INFO: Iniciando consulta Buró de Crédito...
2026-07-08 18:27:51,786 [tramites.Buro] ERROR: Error en 0.0s: boom
2026-07-08 18:27:51,826 [tramites.CURP] INFO: Iniciando consulta...
2026-07-08 18:27:51,827 [tramites.CURP] INFO: Completado en 0.0s
2026-07-08 18:27:51,852 [tramites.CURP] INFO: Iniciando consulta...
2026-07-08 18:27:51,865 [tramites.CURP] INFO: Iniciando consulta...
2026-07-08 18:27:51,881 [tramites.NSS] INFO: Iniciando consulta para CURP GALJ****
2026-07-08 18:27:51,882 [tramites.NSS] INFO: Completado en 0.0s
2026-07-08 18:27:51,912 [tramites.TENENCIA] INFO: Consultando tenencia para placa ABC123
2026-07-08 18:27:51,913 [tramites.TENENCIA] INFO: Completado en 0.0s
2026-07-08 18:27:51,940 [tramites.ANTECEDENTES] INFO: Iniciando trámite para CURP GALJ****
2026-07-08 18:27:51,940 [tramites.ANTECEDENTES] INFO: Completado en 0.0s
2026-07-08 18:27:51,964 [tramites.ANTECEDENTES] INFO: Iniciando trámite para CURP GALJ****
2026-07-08 18:27:51,983 [tramites.CitaINE] INFO: Iniciando cita INE...
2026-07-08 18:27:51,983 [tramites.CitaINE] INFO: Cita INE completada en 0.0s
2026-07-08 18:27:52,015 [tramites.CitaSAT] INFO: Iniciando cita SAT...
2026-07-08 18:27:52,016 [tramites.CitaSAT] INFO: Cita SAT completada en 0.0s
2026-07-08 18:27:52,041 [tramites.ControlConfianza] INFO: Iniciando Control de Confianza...
2026-07-08 18:27:52,041 [tramites.ControlConfianza] INFO: Control de Confianza completado en 0.0s
2026-07-08 18:27:52,063 [tramites.Semanas] INFO: Iniciando consulta de semanas cotizadas...
2026-07-08 18:27:52,064 [tramites.Semanas] INFO: Semanas completadas en 0.0s
2026-07-08 18:27:52,090 [tramites.Semanas] INFO: Iniciando consulta de semanas cotizadas...
2026-07-08 18:27:52,091 [tramites.Semanas] ERROR: Error en 0.0s: boom
2026-07-08 18:27:52,107 [tramites.RFC] INFO: Iniciando consulta RFC...
2026-07-08 18:27:52,108 [tramites.RFC] INFO: RFC completado en 0.0s
2026-07-08 18:27:52,131 [tramites.ActaNacimiento] INFO: Iniciando consulta de Acta de Nacimiento...
2026-07-08 18:27:52,132 [tramites.ActaNacimiento] INFO: Acta completada en 0.0s
2026-07-08 18:27:52,157 [tramites.Pasaporte] INFO: Iniciando cita de pasaporte...
2026-07-08 18:27:52,158 [tramites.Pasaporte] INFO: Cita pasaporte completada en 0.0s
2026-07-08 18:34:11,482 [tramites.API] ERROR: Error en consulta CURP
Traceback (most recent call last):
  File "D:\automatizacion\src\api.py", line 237, in consultar_curp
    resultado = await modulo.consultar(curp=req.curp.upper())
                ^^^^^^^^^^^^^^^^^^^^^^^^^^^^^^^^^^^^^^^^^^^^^
  File "C:\Users\MK\AppData\Local\Programs\Python\Python314\Lib\unittest\mock.py", line 2333, in _execute_mock_call
    raise effect
Exception: Mocked module
2026-07-08 18:34:11,530 [tramites.API] ERROR: Error en consulta NSS
Traceback (most recent call last):
  File "D:\automatizacion\src\api.py", line 251, in consultar_nss
    resultado = await modulo.consultar(
                ^^^^^^^^^^^^^^^^^^^^^^^
        curp=req.curp.upper(), correo=req.correo
        ^^^^^^^^^^^^^^^^^^^^^^^^^^^^^^^^^^^^^^^^
    )
    ^
  File "C:\Users\MK\AppData\Local\Programs\Python\Python314\Lib\unittest\mock.py", line 2333, in _execute_mock_call
    raise effect
Exception: Mocked module
2026-07-08 18:34:21,887 [tramites.test_mod] INFO: hello
2026-07-08 18:34:21,889 [tramites.test_mod] ERROR: error!
2026-07-08 18:34:22,088 [tramites.Buro] INFO: Iniciando consulta Buró de Crédito...
2026-07-08 18:34:22,088 [tramites.Buro] INFO: Buró completado en 0.0s
2026-07-08 18:34:22,101 [tramites.Circulo] INFO: Iniciando consulta Círculo de Crédito...
2026-07-08 18:34:22,101 [tramites.Circulo] INFO: Círculo completado en 0.0s
2026-07-08 18:34:22,135 [tramites.Buro] INFO: Iniciando consulta Buró de Crédito...
2026-07-08 18:34:22,136 [tramites.Buro] ERROR: Error en 0.0s: boom
2026-07-08 18:34:22,169 [tramites.CURP] INFO: Iniciando consulta...
2026-07-08 18:34:22,169 [tramites.CURP] INFO: Completado en 0.0s
2026-07-08 18:34:22,185 [tramites.CURP] INFO: Iniciando consulta...
2026-07-08 18:34:22,193 [tramites.CURP] INFO: Iniciando consulta...
2026-07-08 18:34:22,204 [tramites.NSS] INFO: Iniciando consulta para CURP GALJ****
2026-07-08 18:34:22,205 [tramites.NSS] INFO: Completado en 0.0s
2026-07-08 18:34:22,228 [tramites.TENENCIA] INFO: Consultando tenencia para placa ABC123
2026-07-08 18:34:22,228 [tramites.TENENCIA] INFO: Completado en 0.0s
2026-07-08 18:34:22,249 [tramites.ANTECEDENTES] INFO: Iniciando trámite para CURP GALJ****
2026-07-08 18:34:22,250 [tramites.ANTECEDENTES] INFO: Completado en 0.0s
2026-07-08 18:34:22,272 [tramites.ANTECEDENTES] INFO: Iniciando trámite para CURP GALJ****
2026-07-08 18:34:22,285 [tramites.CitaINE] INFO: Iniciando cita INE...
2026-07-08 18:34:22,285 [tramites.CitaINE] INFO: Cita INE completada en 0.0s
2026-07-08 18:34:22,307 [tramites.CitaSAT] INFO: Iniciando cita SAT...
2026-07-08 18:34:22,308 [tramites.CitaSAT] INFO: Cita SAT completada en 0.0s
2026-07-08 18:34:22,329 [tramites.ControlConfianza] INFO: Iniciando Control de Confianza...
2026-07-08 18:34:22,329 [tramites.ControlConfianza] INFO: Control de Confianza completado en 0.0s
2026-07-08 18:34:22,345 [tramites.Semanas] INFO: Iniciando consulta de semanas cotizadas...
2026-07-08 18:34:22,346 [tramites.Semanas] INFO: Semanas completadas en 0.0s
2026-07-08 18:34:22,359 [tramites.Semanas] INFO: Iniciando consulta de semanas cotizadas...
2026-07-08 18:34:22,360 [tramites.Semanas] ERROR: Error en 0.0s: boom
2026-07-08 18:34:22,369 [tramites.RFC] INFO: Iniciando consulta RFC...
2026-07-08 18:34:22,370 [tramites.RFC] INFO: RFC completado en 0.0s
2026-07-08 18:34:22,385 [tramites.ActaNacimiento] INFO: Iniciando consulta de Acta de Nacimiento...
2026-07-08 18:34:22,385 [tramites.ActaNacimiento] INFO: Acta completada en 0.0s
2026-07-08 18:34:22,409 [tramites.Pasaporte] INFO: Iniciando cita de pasaporte...
2026-07-08 18:34:22,410 [tramites.Pasaporte] INFO: Cita pasaporte completada en 0.0s
2026-07-08 18:52:00,131 [tramites.API] ERROR: Error en consulta CURP
Traceback (most recent call last):
  File "D:\automatizacion\src\api.py", line 237, in consultar_curp
    resultado = await modulo.consultar(curp=req.curp.upper())
                ^^^^^^^^^^^^^^^^^^^^^^^^^^^^^^^^^^^^^^^^^^^^^
  File "C:\Users\MK\AppData\Local\Programs\Python\Python314\Lib\unittest\mock.py", line 2333, in _execute_mock_call
    raise effect
Exception: Mocked module
2026-07-08 18:52:00,192 [tramites.API] ERROR: Error en consulta NSS
Traceback (most recent call last):
  File "D:\automatizacion\src\api.py", line 251, in consultar_nss
    resultado = await modulo.consultar(
                ^^^^^^^^^^^^^^^^^^^^^^^
        curp=req.curp.upper(), correo=req.correo
        ^^^^^^^^^^^^^^^^^^^^^^^^^^^^^^^^^^^^^^^^
    )
    ^
  File "C:\Users\MK\AppData\Local\Programs\Python\Python314\Lib\unittest\mock.py", line 2333, in _execute_mock_call
    raise effect
Exception: Mocked module
2026-07-08 18:52:06,179 [tramites.test_mod] INFO: hello
2026-07-08 18:52:06,182 [tramites.test_mod] ERROR: error!
2026-07-08 18:52:07,776 [tramites.Buro] INFO: Iniciando consulta Buró de Crédito...
2026-07-08 18:52:07,776 [tramites.Buro] INFO: Buró completado en 0.0s
2026-07-08 18:52:07,791 [tramites.Circulo] INFO: Iniciando consulta Círculo de Crédito...
2026-07-08 18:52:07,792 [tramites.Circulo] INFO: Círculo completado en 0.0s
2026-07-08 18:52:07,835 [tramites.Buro] INFO: Iniciando consulta Buró de Crédito...
2026-07-08 18:52:07,835 [tramites.Buro] ERROR: Error en 0.0s: boom
2026-07-08 18:52:07,875 [tramites.CURP] INFO: Iniciando consulta...
2026-07-08 18:52:07,876 [tramites.CURP] INFO: Completado en 0.0s
2026-07-08 18:52:07,900 [tramites.CURP] INFO: Iniciando consulta...
2026-07-08 18:52:07,912 [tramites.CURP] INFO: Iniciando consulta...
2026-07-08 18:52:07,923 [tramites.NSS] INFO: Iniciando consulta para CURP GALJ****
2026-07-08 18:52:07,924 [tramites.NSS] INFO: Completado en 0.0s
2026-07-08 18:52:07,944 [tramites.TENENCIA] INFO: Consultando tenencia para placa ABC123
2026-07-08 18:52:07,944 [tramites.TENENCIA] INFO: Completado en 0.0s
2026-07-08 18:52:07,963 [tramites.ANTECEDENTES] INFO: Iniciando trámite para CURP GALJ****
2026-07-08 18:52:07,963 [tramites.ANTECEDENTES] INFO: Completado en 0.0s
2026-07-08 18:52:07,984 [tramites.ANTECEDENTES] INFO: Iniciando trámite para CURP GALJ****
2026-07-08 18:52:08,000 [tramites.CitaINE] INFO: Iniciando cita INE...
2026-07-08 18:52:08,001 [tramites.CitaINE] INFO: Cita INE completada en 0.0s
2026-07-08 18:52:08,025 [tramites.CitaSAT] INFO: Iniciando cita SAT...
2026-07-08 18:52:08,026 [tramites.CitaSAT] INFO: Cita SAT completada en 0.0s
2026-07-08 18:52:08,053 [tramites.ControlConfianza] INFO: Iniciando Control de Confianza...
2026-07-08 18:52:08,054 [tramites.ControlConfianza] INFO: Control de Confianza completado en 0.0s
2026-07-08 18:52:08,077 [tramites.Semanas] INFO: Iniciando consulta de semanas cotizadas...
2026-07-08 18:52:08,078 [tramites.Semanas] INFO: Semanas completadas en 0.0s
2026-07-08 18:52:08,107 [tramites.Semanas] INFO: Iniciando consulta de semanas cotizadas...
2026-07-08 18:52:08,108 [tramites.Semanas] ERROR: Error en 0.0s: boom
2026-07-08 18:52:08,128 [tramites.RFC] INFO: Iniciando consulta RFC...
2026-07-08 18:52:08,128 [tramites.RFC] INFO: RFC completado en 0.0s
2026-07-08 18:52:08,159 [tramites.ActaNacimiento] INFO: Iniciando consulta de Acta de Nacimiento...
2026-07-08 18:52:08,159 [tramites.ActaNacimiento] INFO: Acta completada en 0.0s
2026-07-08 18:52:08,189 [tramites.Pasaporte] INFO: Iniciando cita de pasaporte...
2026-07-08 18:52:08,190 [tramites.Pasaporte] INFO: Cita pasaporte completada en 0.0s
2026-07-08 18:53:31,659 [tramites.API] ERROR: Error en consulta CURP
Traceback (most recent call last):
  File "D:\automatizacion\src\api.py", line 237, in consultar_curp
    resultado = await modulo.consultar(curp=req.curp.upper())
                ^^^^^^^^^^^^^^^^^^^^^^^^^^^^^^^^^^^^^^^^^^^^^
  File "C:\Users\MK\AppData\Local\Programs\Python\Python314\Lib\unittest\mock.py", line 2333, in _execute_mock_call
    raise effect
Exception: Mocked module
2026-07-08 18:53:31,702 [tramites.API] ERROR: Error en consulta NSS
Traceback (most recent call last):
  File "D:\automatizacion\src\api.py", line 251, in consultar_nss
    resultado = await modulo.consultar(
                ^^^^^^^^^^^^^^^^^^^^^^^
        curp=req.curp.upper(), correo=req.correo
        ^^^^^^^^^^^^^^^^^^^^^^^^^^^^^^^^^^^^^^^^
    )
    ^
  File "C:\Users\MK\AppData\Local\Programs\Python\Python314\Lib\unittest\mock.py", line 2333, in _execute_mock_call
    raise effect
Exception: Mocked module
2026-07-08 18:53:36,921 [tramites.test_mod] INFO: hello
2026-07-08 18:53:36,924 [tramites.test_mod] ERROR: error!
2026-07-08 18:53:38,125 [tramites.Buro] INFO: Iniciando consulta Buró de Crédito...
2026-07-08 18:53:38,125 [tramites.Buro] INFO: Buró completado en 0.0s
2026-07-08 18:53:38,137 [tramites.Circulo] INFO: Iniciando consulta Círculo de Crédito...
2026-07-08 18:53:38,138 [tramites.Circulo] INFO: Círculo completado en 0.0s
2026-07-08 18:53:38,168 [tramites.Buro] INFO: Iniciando consulta Buró de Crédito...
2026-07-08 18:53:38,168 [tramites.Buro] ERROR: Error en 0.0s: boom
2026-07-08 18:53:38,200 [tramites.CURP] INFO: Iniciando consulta...
2026-07-08 18:53:38,200 [tramites.CURP] INFO: Completado en 0.0s
2026-07-08 18:53:38,218 [tramites.CURP] INFO: Iniciando consulta...
2026-07-08 18:53:38,229 [tramites.CURP] INFO: Iniciando consulta...
2026-07-08 18:53:38,242 [tramites.NSS] INFO: Iniciando consulta para CURP GALJ****
2026-07-08 18:53:38,242 [tramites.NSS] INFO: Completado en 0.0s
2026-07-08 18:53:38,263 [tramites.TENENCIA] INFO: Consultando tenencia para placa ABC123
2026-07-08 18:53:38,263 [tramites.TENENCIA] INFO: Completado en 0.0s
2026-07-08 18:53:38,282 [tramites.ANTECEDENTES] INFO: Iniciando trámite para CURP GALJ****
2026-07-08 18:53:38,283 [tramites.ANTECEDENTES] INFO: Completado en 0.0s
2026-07-08 18:53:38,300 [tramites.ANTECEDENTES] INFO: Iniciando trámite para CURP GALJ****
2026-07-08 18:53:38,310 [tramites.CitaINE] INFO: Iniciando cita INE...
2026-07-08 18:53:38,310 [tramites.CitaINE] INFO: Cita INE completada en 0.0s
2026-07-08 18:53:38,329 [tramites.CitaSAT] INFO: Iniciando cita SAT...
2026-07-08 18:53:38,330 [tramites.CitaSAT] INFO: Cita SAT completada en 0.0s
2026-07-08 18:53:38,351 [tramites.ControlConfianza] INFO: Iniciando Control de Confianza...
2026-07-08 18:53:38,351 [tramites.ControlConfianza] INFO: Control de Confianza completado en 0.0s
2026-07-08 18:53:38,369 [tramites.Semanas] INFO: Iniciando consulta de semanas cotizadas...
2026-07-08 18:53:38,369 [tramites.Semanas] INFO: Semanas completadas en 0.0s
2026-07-08 18:53:38,392 [tramites.Semanas] INFO: Iniciando consulta de semanas cotizadas...
2026-07-08 18:53:38,393 [tramites.Semanas] ERROR: Error en 0.0s: boom
2026-07-08 18:53:38,404 [tramites.RFC] INFO: Iniciando consulta RFC...
2026-07-08 18:53:38,405 [tramites.RFC] INFO: RFC completado en 0.0s
2026-07-08 18:53:38,422 [tramites.ActaNacimiento] INFO: Iniciando consulta de Acta de Nacimiento...
2026-07-08 18:53:38,423 [tramites.ActaNacimiento] INFO: Acta completada en 0.0s
2026-07-08 18:53:38,442 [tramites.Pasaporte] INFO: Iniciando cita de pasaporte...
2026-07-08 18:53:38,442 [tramites.Pasaporte] INFO: Cita pasaporte completada en 0.0s
2026-07-08 18:54:32,284 [tramites.API] ERROR: Error en consulta CURP
Traceback (most recent call last):
  File "D:\automatizacion\src\api.py", line 237, in consultar_curp
    resultado = await modulo.consultar(curp=req.curp.upper())
                ^^^^^^^^^^^^^^^^^^^^^^^^^^^^^^^^^^^^^^^^^^^^^
  File "C:\Users\MK\AppData\Local\Programs\Python\Python314\Lib\unittest\mock.py", line 2333, in _execute_mock_call
    raise effect
Exception: Mocked module
2026-07-08 18:54:32,322 [tramites.API] ERROR: Error en consulta NSS
Traceback (most recent call last):
  File "D:\automatizacion\src\api.py", line 251, in consultar_nss
    resultado = await modulo.consultar(
                ^^^^^^^^^^^^^^^^^^^^^^^
        curp=req.curp.upper(), correo=req.correo
        ^^^^^^^^^^^^^^^^^^^^^^^^^^^^^^^^^^^^^^^^
    )
    ^
  File "C:\Users\MK\AppData\Local\Programs\Python\Python314\Lib\unittest\mock.py", line 2333, in _execute_mock_call
    raise effect
Exception: Mocked module
2026-07-08 18:54:37,729 [tramites.test_mod] INFO: hello
2026-07-08 18:54:37,732 [tramites.test_mod] ERROR: error!
2026-07-08 18:54:38,740 [tramites.Buro] INFO: Iniciando consulta Buró de Crédito...
2026-07-08 18:54:38,741 [tramites.Buro] INFO: Buró completado en 0.0s
2026-07-08 18:54:38,751 [tramites.Circulo] INFO: Iniciando consulta Círculo de Crédito...
2026-07-08 18:54:38,752 [tramites.Circulo] INFO: Círculo completado en 0.0s
2026-07-08 18:54:38,776 [tramites.Buro] INFO: Iniciando consulta Buró de Crédito...
2026-07-08 18:54:38,776 [tramites.Buro] ERROR: Error en 0.0s: boom
2026-07-08 18:54:38,798 [tramites.CURP] INFO: Iniciando consulta...
2026-07-08 18:54:38,798 [tramites.CURP] INFO: Completado en 0.0s
2026-07-08 18:54:38,813 [tramites.CURP] INFO: Iniciando consulta...
2026-07-08 18:54:38,822 [tramites.CURP] INFO: Iniciando consulta...
2026-07-08 18:54:38,833 [tramites.NSS] INFO: Iniciando consulta para CURP GALJ****
2026-07-08 18:54:38,834 [tramites.NSS] INFO: Completado en 0.0s
2026-07-08 18:54:38,853 [tramites.TENENCIA] INFO: Consultando tenencia para placa ABC123
2026-07-08 18:54:38,853 [tramites.TENENCIA] INFO: Completado en 0.0s
2026-07-08 18:54:38,869 [tramites.ANTECEDENTES] INFO: Iniciando trámite para CURP GALJ****
2026-07-08 18:54:38,869 [tramites.ANTECEDENTES] INFO: Completado en 0.0s
2026-07-08 18:54:38,883 [tramites.ANTECEDENTES] INFO: Iniciando trámite para CURP GALJ****
2026-07-08 18:54:38,891 [tramites.CitaINE] INFO: Iniciando cita INE...
2026-07-08 18:54:38,891 [tramites.CitaINE] INFO: Cita INE completada en 0.0s
2026-07-08 18:54:38,906 [tramites.CitaSAT] INFO: Iniciando cita SAT...
2026-07-08 18:54:38,906 [tramites.CitaSAT] INFO: Cita SAT completada en 0.0s
2026-07-08 18:54:38,923 [tramites.ControlConfianza] INFO: Iniciando Control de Confianza...
2026-07-08 18:54:38,923 [tramites.ControlConfianza] INFO: Control de Confianza completado en 0.0s
2026-07-08 18:54:38,945 [tramites.Semanas] INFO: Iniciando consulta de semanas cotizadas...
2026-07-08 18:54:38,946 [tramites.Semanas] INFO: Semanas completadas en 0.0s
2026-07-08 18:54:38,966 [tramites.Semanas] INFO: Iniciando consulta de semanas cotizadas...
2026-07-08 18:54:38,966 [tramites.Semanas] ERROR: Error en 0.0s: boom
2026-07-08 18:54:38,977 [tramites.RFC] INFO: Iniciando consulta RFC...
2026-07-08 18:54:38,978 [tramites.RFC] INFO: RFC completado en 0.0s
2026-07-08 18:54:38,996 [tramites.ActaNacimiento] INFO: Iniciando consulta de Acta de Nacimiento...
2026-07-08 18:54:38,996 [tramites.ActaNacimiento] INFO: Acta completada en 0.0s
2026-07-08 18:54:39,016 [tramites.Pasaporte] INFO: Iniciando cita de pasaporte...
2026-07-08 18:54:39,016 [tramites.Pasaporte] INFO: Cita pasaporte completada en 0.0s
2026-07-08 19:04:12,297 [tramites.API] ERROR: Error en consulta CURP
Traceback (most recent call last):
  File "D:\automatizacion\src\api.py", line 237, in consultar_curp
    resultado = await modulo.consultar(curp=req.curp.upper())
                ^^^^^^^^^^^^^^^^^^^^^^^^^^^^^^^^^^^^^^^^^^^^^
  File "C:\Users\MK\AppData\Local\Programs\Python\Python314\Lib\unittest\mock.py", line 2333, in _execute_mock_call
    raise effect
Exception: Mocked module
2026-07-08 19:04:12,342 [tramites.API] ERROR: Error en consulta NSS
Traceback (most recent call last):
  File "D:\automatizacion\src\api.py", line 251, in consultar_nss
    resultado = await modulo.consultar(
                ^^^^^^^^^^^^^^^^^^^^^^^
        curp=req.curp.upper(), correo=req.correo
        ^^^^^^^^^^^^^^^^^^^^^^^^^^^^^^^^^^^^^^^^
    )
    ^
  File "C:\Users\MK\AppData\Local\Programs\Python\Python314\Lib\unittest\mock.py", line 2333, in _execute_mock_call
    raise effect
Exception: Mocked module
2026-07-08 19:04:17,557 [tramites.test_mod] INFO: hello
2026-07-08 19:04:17,562 [tramites.test_mod] ERROR: error!
2026-07-08 19:04:18,724 [tramites.Buro] INFO: Iniciando consulta Buró de Crédito...
2026-07-08 19:04:18,724 [tramites.Buro] INFO: Buró completado en 0.0s
2026-07-08 19:04:18,735 [tramites.Circulo] INFO: Iniciando consulta Círculo de Crédito...
2026-07-08 19:04:18,736 [tramites.Circulo] INFO: Círculo completado en 0.0s
2026-07-08 19:04:18,767 [tramites.Buro] INFO: Iniciando consulta Buró de Crédito...
2026-07-08 19:04:18,767 [tramites.Buro] ERROR: Error en 0.0s: boom
2026-07-08 19:04:18,796 [tramites.CURP] INFO: Iniciando consulta...
2026-07-08 19:04:18,796 [tramites.CURP] INFO: Completado en 0.0s
2026-07-08 19:04:18,814 [tramites.CURP] INFO: Iniciando consulta...
2026-07-08 19:04:18,823 [tramites.CURP] INFO: Iniciando consulta...
2026-07-08 19:04:18,832 [tramites.NSS] INFO: Iniciando consulta para CURP GALJ****
2026-07-08 19:04:18,833 [tramites.NSS] INFO: Completado en 0.0s
2026-07-08 19:04:18,851 [tramites.TENENCIA] INFO: Consultando tenencia para placa ABC123
2026-07-08 19:04:18,852 [tramites.TENENCIA] INFO: Completado en 0.0s
2026-07-08 19:04:18,876 [tramites.ANTECEDENTES] INFO: Iniciando trámite para CURP GALJ****
2026-07-08 19:04:18,876 [tramites.ANTECEDENTES] INFO: Completado en 0.0s
2026-07-08 19:04:18,894 [tramites.ANTECEDENTES] INFO: Iniciando trámite para CURP GALJ****
2026-07-08 19:04:18,906 [tramites.CitaINE] INFO: Iniciando cita INE...
2026-07-08 19:04:18,907 [tramites.CitaINE] INFO: Cita INE completada en 0.0s
2026-07-08 19:04:18,924 [tramites.CitaSAT] INFO: Iniciando cita SAT...
2026-07-08 19:04:18,924 [tramites.CitaSAT] INFO: Cita SAT completada en 0.0s
2026-07-08 19:04:18,939 [tramites.ControlConfianza] INFO: Iniciando Control de Confianza...
2026-07-08 19:04:18,940 [tramites.ControlConfianza] INFO: Control de Confianza completado en 0.0s
2026-07-08 19:04:18,960 [tramites.Semanas] INFO: Iniciando consulta de semanas cotizadas...
2026-07-08 19:04:18,960 [tramites.Semanas] INFO: Semanas completadas en 0.0s
2026-07-08 19:04:18,979 [tramites.Semanas] INFO: Iniciando consulta de semanas cotizadas...
2026-07-08 19:04:18,980 [tramites.Semanas] ERROR: Error en 0.0s: boom
2026-07-08 19:04:18,990 [tramites.RFC] INFO: Iniciando consulta RFC...
2026-07-08 19:04:18,991 [tramites.RFC] INFO: RFC completado en 0.0s
2026-07-08 19:04:19,012 [tramites.ActaNacimiento] INFO: Iniciando consulta de Acta de Nacimiento...
2026-07-08 19:04:19,012 [tramites.ActaNacimiento] INFO: Acta completada en 0.0s
2026-07-08 19:04:19,031 [tramites.Pasaporte] INFO: Iniciando cita de pasaporte...
2026-07-08 19:04:19,031 [tramites.Pasaporte] INFO: Cita pasaporte completada en 0.0s
2026-07-08 19:07:37,963 [tramites.API] ERROR: Error en consulta CURP
Traceback (most recent call last):
  File "D:\automatizacion\src\api.py", line 237, in consultar_curp
    resultado = await modulo.consultar(curp=req.curp.upper())
                ^^^^^^^^^^^^^^^^^^^^^^^^^^^^^^^^^^^^^^^^^^^^^
  File "C:\Users\MK\AppData\Local\Programs\Python\Python314\Lib\unittest\mock.py", line 2333, in _execute_mock_call
    raise effect
Exception: Mocked module
2026-07-08 19:07:38,016 [tramites.API] ERROR: Error en consulta NSS
Traceback (most recent call last):
  File "D:\automatizacion\src\api.py", line 251, in consultar_nss
    resultado = await modulo.consultar(
                ^^^^^^^^^^^^^^^^^^^^^^^
        curp=req.curp.upper(), correo=req.correo
        ^^^^^^^^^^^^^^^^^^^^^^^^^^^^^^^^^^^^^^^^
    )
    ^
  File "C:\Users\MK\AppData\Local\Programs\Python\Python314\Lib\unittest\mock.py", line 2333, in _execute_mock_call
    raise effect
Exception: Mocked module
2026-07-08 19:07:43,382 [tramites.test_mod] INFO: hello
2026-07-08 19:07:43,387 [tramites.test_mod] ERROR: error!
2026-07-08 19:07:44,470 [tramites.Buro] INFO: Iniciando consulta Buró de Crédito...
2026-07-08 19:07:44,470 [tramites.Buro] INFO: Buró completado en 0.0s
2026-07-08 19:07:44,479 [tramites.Circulo] INFO: Iniciando consulta Círculo de Crédito...
2026-07-08 19:07:44,480 [tramites.Circulo] INFO: Círculo completado en 0.0s
2026-07-08 19:07:44,515 [tramites.Buro] INFO: Iniciando consulta Buró de Crédito...
2026-07-08 19:07:44,515 [tramites.Buro] ERROR: Error en 0.0s: boom
2026-07-08 19:07:44,547 [tramites.CURP] INFO: Iniciando consulta...
2026-07-08 19:07:44,547 [tramites.CURP] INFO: Completado en 0.0s
2026-07-08 19:07:44,566 [tramites.CURP] INFO: Iniciando consulta...
2026-07-08 19:07:44,576 [tramites.CURP] INFO: Iniciando consulta...
2026-07-08 19:07:44,586 [tramites.NSS] INFO: Iniciando consulta para CURP GALJ****
2026-07-08 19:07:44,586 [tramites.NSS] INFO: Completado en 0.0s
2026-07-08 19:07:44,611 [tramites.TENENCIA] INFO: Consultando tenencia para placa ABC123
2026-07-08 19:07:44,612 [tramites.TENENCIA] INFO: Completado en 0.0s
2026-07-08 19:07:44,632 [tramites.ANTECEDENTES] INFO: Iniciando trámite para CURP GALJ****
2026-07-08 19:07:44,633 [tramites.ANTECEDENTES] INFO: Completado en 0.0s
2026-07-08 19:07:44,652 [tramites.ANTECEDENTES] INFO: Iniciando trámite para CURP GALJ****
2026-07-08 19:07:44,665 [tramites.CitaINE] INFO: Iniciando cita INE...
2026-07-08 19:07:44,666 [tramites.CitaINE] INFO: Cita INE completada en 0.0s
2026-07-08 19:07:44,687 [tramites.CitaSAT] INFO: Iniciando cita SAT...
2026-07-08 19:07:44,688 [tramites.CitaSAT] INFO: Cita SAT completada en 0.0s
2026-07-08 19:07:44,714 [tramites.ControlConfianza] INFO: Iniciando Control de Confianza...
2026-07-08 19:07:44,715 [tramites.ControlConfianza] INFO: Control de Confianza completado en 0.0s
2026-07-08 19:07:44,738 [tramites.Semanas] INFO: Iniciando consulta de semanas cotizadas...
2026-07-08 19:07:44,739 [tramites.Semanas] INFO: Semanas completadas en 0.0s
2026-07-08 19:07:44,756 [tramites.Semanas] INFO: Iniciando consulta de semanas cotizadas...
2026-07-08 19:07:44,756 [tramites.Semanas] ERROR: Error en 0.0s: boom
2026-07-08 19:07:44,765 [tramites.RFC] INFO: Iniciando consulta RFC...
2026-07-08 19:07:44,766 [tramites.RFC] INFO: RFC completado en 0.0s
2026-07-08 19:07:44,783 [tramites.ActaNacimiento] INFO: Iniciando consulta de Acta de Nacimiento...
2026-07-08 19:07:44,784 [tramites.ActaNacimiento] INFO: Acta completada en 0.0s
2026-07-08 19:07:44,805 [tramites.Pasaporte] INFO: Iniciando cita de pasaporte...
2026-07-08 19:07:44,805 [tramites.Pasaporte] INFO: Cita pasaporte completada en 0.0s
2026-07-08 19:08:12,097 [tramites.API] ERROR: Error en consulta CURP
Traceback (most recent call last):
  File "D:\automatizacion\src\api.py", line 237, in consultar_curp
    resultado = await modulo.consultar(curp=req.curp.upper())
                ^^^^^^^^^^^^^^^^^^^^^^^^^^^^^^^^^^^^^^^^^^^^^
  File "C:\Users\MK\AppData\Local\Programs\Python\Python314\Lib\unittest\mock.py", line 2333, in _execute_mock_call
    raise effect
Exception: Mocked module
2026-07-08 19:08:12,143 [tramites.API] ERROR: Error en consulta NSS
Traceback (most recent call last):
  File "D:\automatizacion\src\api.py", line 251, in consultar_nss
    resultado = await modulo.consultar(
                ^^^^^^^^^^^^^^^^^^^^^^^
        curp=req.curp.upper(), correo=req.correo
        ^^^^^^^^^^^^^^^^^^^^^^^^^^^^^^^^^^^^^^^^
    )
    ^
  File "C:\Users\MK\AppData\Local\Programs\Python\Python314\Lib\unittest\mock.py", line 2333, in _execute_mock_call
    raise effect
Exception: Mocked module
2026-07-08 19:08:17,594 [tramites.test_mod] INFO: hello
2026-07-08 19:08:17,597 [tramites.test_mod] ERROR: error!
2026-07-08 19:08:18,963 [tramites.Buro] INFO: Iniciando consulta Buró de Crédito...
2026-07-08 19:08:18,964 [tramites.Buro] INFO: Buró completado en 0.0s
2026-07-08 19:08:18,978 [tramites.Circulo] INFO: Iniciando consulta Círculo de Crédito...
2026-07-08 19:08:18,978 [tramites.Circulo] INFO: Círculo completado en 0.0s
2026-07-08 19:08:19,015 [tramites.Buro] INFO: Iniciando consulta Buró de Crédito...
2026-07-08 19:08:19,015 [tramites.Buro] ERROR: Error en 0.0s: boom
2026-07-08 19:08:19,051 [tramites.CURP] INFO: Iniciando consulta...
2026-07-08 19:08:19,051 [tramites.CURP] INFO: Completado en 0.0s
2026-07-08 19:08:19,073 [tramites.CURP] INFO: Iniciando consulta...
2026-07-08 19:08:19,084 [tramites.CURP] INFO: Iniciando consulta...
2026-07-08 19:08:19,095 [tramites.NSS] INFO: Iniciando consulta para CURP GALJ****
2026-07-08 19:08:19,096 [tramites.NSS] INFO: Completado en 0.0s
2026-07-08 19:08:19,118 [tramites.TENENCIA] INFO: Consultando tenencia para placa ABC123
2026-07-08 19:08:19,119 [tramites.TENENCIA] INFO: Completado en 0.0s
2026-07-08 19:08:19,142 [tramites.ANTECEDENTES] INFO: Iniciando trámite para CURP GALJ****
2026-07-08 19:08:19,143 [tramites.ANTECEDENTES] INFO: Completado en 0.0s
2026-07-08 19:08:19,166 [tramites.ANTECEDENTES] INFO: Iniciando trámite para CURP GALJ****
2026-07-08 19:08:19,180 [tramites.CitaINE] INFO: Iniciando cita INE...
2026-07-08 19:08:19,180 [tramites.CitaINE] INFO: Cita INE completada en 0.0s
2026-07-08 19:08:19,199 [tramites.CitaSAT] INFO: Iniciando cita SAT...
2026-07-08 19:08:19,200 [tramites.CitaSAT] INFO: Cita SAT completada en 0.0s
2026-07-08 19:08:19,223 [tramites.ControlConfianza] INFO: Iniciando Control de Confianza...
2026-07-08 19:08:19,224 [tramites.ControlConfianza] INFO: Control de Confianza completado en 0.0s
2026-07-08 19:08:19,258 [tramites.Semanas] INFO: Iniciando consulta de semanas cotizadas...
2026-07-08 19:08:19,259 [tramites.Semanas] INFO: Semanas completadas en 0.0s
2026-07-08 19:08:19,278 [tramites.Semanas] INFO: Iniciando consulta de semanas cotizadas...
2026-07-08 19:08:19,278 [tramites.Semanas] ERROR: Error en 0.0s: boom
2026-07-08 19:08:19,291 [tramites.RFC] INFO: Iniciando consulta RFC...
2026-07-08 19:08:19,292 [tramites.RFC] INFO: RFC completado en 0.0s
2026-07-08 19:08:19,316 [tramites.ActaNacimiento] INFO: Iniciando consulta de Acta de Nacimiento...
2026-07-08 19:08:19,317 [tramites.ActaNacimiento] INFO: Acta completada en 0.0s
2026-07-08 19:08:19,336 [tramites.Pasaporte] INFO: Iniciando cita de pasaporte...
2026-07-08 19:08:19,337 [tramites.Pasaporte] INFO: Cita pasaporte completada en 0.0s
2026-07-08 19:08:46,703 [tramites.API] ERROR: Error en consulta CURP
Traceback (most recent call last):
  File "D:\automatizacion\src\api.py", line 237, in consultar_curp
    resultado = await modulo.consultar(curp=req.curp.upper())
                ^^^^^^^^^^^^^^^^^^^^^^^^^^^^^^^^^^^^^^^^^^^^^
  File "C:\Users\MK\AppData\Local\Programs\Python\Python314\Lib\unittest\mock.py", line 2333, in _execute_mock_call
    raise effect
Exception: Mocked module
2026-07-08 19:08:46,747 [tramites.API] ERROR: Error en consulta NSS
Traceback (most recent call last):
  File "D:\automatizacion\src\api.py", line 251, in consultar_nss
    resultado = await modulo.consultar(
                ^^^^^^^^^^^^^^^^^^^^^^^
        curp=req.curp.upper(), correo=req.correo
        ^^^^^^^^^^^^^^^^^^^^^^^^^^^^^^^^^^^^^^^^
    )
    ^
  File "C:\Users\MK\AppData\Local\Programs\Python\Python314\Lib\unittest\mock.py", line 2333, in _execute_mock_call
    raise effect
Exception: Mocked module
2026-07-08 19:08:52,079 [tramites.test_mod] INFO: hello
2026-07-08 19:08:52,084 [tramites.test_mod] ERROR: error!
2026-07-08 19:08:53,138 [tramites.Buro] INFO: Iniciando consulta Buró de Crédito...
2026-07-08 19:08:53,138 [tramites.Buro] INFO: Buró completado en 0.0s
2026-07-08 19:08:53,149 [tramites.Circulo] INFO: Iniciando consulta Círculo de Crédito...
2026-07-08 19:08:53,149 [tramites.Circulo] INFO: Círculo completado en 0.0s
2026-07-08 19:08:53,178 [tramites.Buro] INFO: Iniciando consulta Buró de Crédito...
2026-07-08 19:08:53,179 [tramites.Buro] ERROR: Error en 0.0s: boom
2026-07-08 19:08:53,210 [tramites.CURP] INFO: Iniciando consulta...
2026-07-08 19:08:53,210 [tramites.CURP] INFO: Completado en 0.0s
2026-07-08 19:08:53,226 [tramites.CURP] INFO: Iniciando consulta...
2026-07-08 19:08:53,239 [tramites.CURP] INFO: Iniciando consulta...
2026-07-08 19:08:53,249 [tramites.NSS] INFO: Iniciando consulta para CURP GALJ****
2026-07-08 19:08:53,250 [tramites.NSS] INFO: Completado en 0.0s
2026-07-08 19:08:53,268 [tramites.TENENCIA] INFO: Consultando tenencia para placa ABC123
2026-07-08 19:08:53,269 [tramites.TENENCIA] INFO: Completado en 0.0s
2026-07-08 19:08:53,291 [tramites.ANTECEDENTES] INFO: Iniciando trámite para CURP GALJ****
2026-07-08 19:08:53,292 [tramites.ANTECEDENTES] INFO: Completado en 0.0s
2026-07-08 19:08:53,310 [tramites.ANTECEDENTES] INFO: Iniciando trámite para CURP GALJ****
2026-07-08 19:08:53,320 [tramites.CitaINE] INFO: Iniciando cita INE...
2026-07-08 19:08:53,321 [tramites.CitaINE] INFO: Cita INE completada en 0.0s
2026-07-08 19:08:53,342 [tramites.CitaSAT] INFO: Iniciando cita SAT...
2026-07-08 19:08:53,343 [tramites.CitaSAT] INFO: Cita SAT completada en 0.0s
2026-07-08 19:08:53,362 [tramites.ControlConfianza] INFO: Iniciando Control de Confianza...
2026-07-08 19:08:53,363 [tramites.ControlConfianza] INFO: Control de Confianza completado en 0.0s
2026-07-08 19:08:53,381 [tramites.Semanas] INFO: Iniciando consulta de semanas cotizadas...
2026-07-08 19:08:53,381 [tramites.Semanas] INFO: Semanas completadas en 0.0s
2026-07-08 19:08:53,400 [tramites.Semanas] INFO: Iniciando consulta de semanas cotizadas...
2026-07-08 19:08:53,400 [tramites.Semanas] ERROR: Error en 0.0s: boom
2026-07-08 19:08:53,412 [tramites.RFC] INFO: Iniciando consulta RFC...
2026-07-08 19:08:53,413 [tramites.RFC] INFO: RFC completado en 0.0s
2026-07-08 19:08:53,432 [tramites.ActaNacimiento] INFO: Iniciando consulta de Acta de Nacimiento...
2026-07-08 19:08:53,433 [tramites.ActaNacimiento] INFO: Acta completada en 0.0s
2026-07-08 19:08:53,453 [tramites.Pasaporte] INFO: Iniciando cita de pasaporte...
2026-07-08 19:08:53,454 [tramites.Pasaporte] INFO: Cita pasaporte completada en 0.0s
2026-07-08 19:09:21,478 [tramites.API] ERROR: Error en consulta CURP
Traceback (most recent call last):
  File "D:\automatizacion\src\api.py", line 237, in consultar_curp
    resultado = await modulo.consultar(curp=req.curp.upper())
                ^^^^^^^^^^^^^^^^^^^^^^^^^^^^^^^^^^^^^^^^^^^^^
  File "C:\Users\MK\AppData\Local\Programs\Python\Python314\Lib\unittest\mock.py", line 2333, in _execute_mock_call
    raise effect
Exception: Mocked module
2026-07-08 19:09:21,542 [tramites.API] ERROR: Error en consulta NSS
Traceback (most recent call last):
  File "D:\automatizacion\src\api.py", line 251, in consultar_nss
    resultado = await modulo.consultar(
                ^^^^^^^^^^^^^^^^^^^^^^^
        curp=req.curp.upper(), correo=req.correo
        ^^^^^^^^^^^^^^^^^^^^^^^^^^^^^^^^^^^^^^^^
    )
    ^
  File "C:\Users\MK\AppData\Local\Programs\Python\Python314\Lib\unittest\mock.py", line 2333, in _execute_mock_call
    raise effect
Exception: Mocked module
2026-07-08 19:09:27,381 [tramites.test_mod] INFO: hello
2026-07-08 19:09:27,384 [tramites.test_mod] ERROR: error!
2026-07-08 19:09:28,624 [tramites.Buro] INFO: Iniciando consulta Buró de Crédito...
2026-07-08 19:09:28,624 [tramites.Buro] INFO: Buró completado en 0.0s
2026-07-08 19:09:28,634 [tramites.Circulo] INFO: Iniciando consulta Círculo de Crédito...
2026-07-08 19:09:28,635 [tramites.Circulo] INFO: Círculo completado en 0.0s
2026-07-08 19:09:28,665 [tramites.Buro] INFO: Iniciando consulta Buró de Crédito...
2026-07-08 19:09:28,665 [tramites.Buro] ERROR: Error en 0.0s: boom
2026-07-08 19:09:28,695 [tramites.CURP] INFO: Iniciando consulta...
2026-07-08 19:09:28,695 [tramites.CURP] INFO: Completado en 0.0s
2026-07-08 19:09:28,714 [tramites.CURP] INFO: Iniciando consulta...
2026-07-08 19:09:28,729 [tramites.CURP] INFO: Iniciando consulta...
2026-07-08 19:09:28,741 [tramites.NSS] INFO: Iniciando consulta para CURP GALJ****
2026-07-08 19:09:28,741 [tramites.NSS] INFO: Completado en 0.0s
2026-07-08 19:09:28,767 [tramites.TENENCIA] INFO: Consultando tenencia para placa ABC123
2026-07-08 19:09:28,768 [tramites.TENENCIA] INFO: Completado en 0.0s
2026-07-08 19:09:28,790 [tramites.ANTECEDENTES] INFO: Iniciando trámite para CURP GALJ****
2026-07-08 19:09:28,791 [tramites.ANTECEDENTES] INFO: Completado en 0.0s
2026-07-08 19:09:28,814 [tramites.ANTECEDENTES] INFO: Iniciando trámite para CURP GALJ****
2026-07-08 19:09:28,829 [tramites.CitaINE] INFO: Iniciando cita INE...
2026-07-08 19:09:28,830 [tramites.CitaINE] INFO: Cita INE completada en 0.0s
2026-07-08 19:09:28,852 [tramites.CitaSAT] INFO: Iniciando cita SAT...
2026-07-08 19:09:28,852 [tramites.CitaSAT] INFO: Cita SAT completada en 0.0s
2026-07-08 19:09:28,871 [tramites.ControlConfianza] INFO: Iniciando Control de Confianza...
2026-07-08 19:09:28,871 [tramites.ControlConfianza] INFO: Control de Confianza completado en 0.0s
2026-07-08 19:09:28,890 [tramites.Semanas] INFO: Iniciando consulta de semanas cotizadas...
2026-07-08 19:09:28,891 [tramites.Semanas] INFO: Semanas completadas en 0.0s
2026-07-08 19:09:28,913 [tramites.Semanas] INFO: Iniciando consulta de semanas cotizadas...
2026-07-08 19:09:28,913 [tramites.Semanas] ERROR: Error en 0.0s: boom
2026-07-08 19:09:28,923 [tramites.RFC] INFO: Iniciando consulta RFC...
2026-07-08 19:09:28,924 [tramites.RFC] INFO: RFC completado en 0.0s
2026-07-08 19:09:28,942 [tramites.ActaNacimiento] INFO: Iniciando consulta de Acta de Nacimiento...
2026-07-08 19:09:28,943 [tramites.ActaNacimiento] INFO: Acta completada en 0.0s
2026-07-08 19:09:28,963 [tramites.Pasaporte] INFO: Iniciando cita de pasaporte...
2026-07-08 19:09:28,963 [tramites.Pasaporte] INFO: Cita pasaporte completada en 0.0s
2026-07-08 19:09:55,348 [tramites.API] ERROR: Error en consulta CURP
Traceback (most recent call last):
  File "D:\automatizacion\src\api.py", line 237, in consultar_curp
    resultado = await modulo.consultar(curp=req.curp.upper())
                ^^^^^^^^^^^^^^^^^^^^^^^^^^^^^^^^^^^^^^^^^^^^^
  File "C:\Users\MK\AppData\Local\Programs\Python\Python314\Lib\unittest\mock.py", line 2333, in _execute_mock_call
    raise effect
Exception: Mocked module
2026-07-08 19:09:55,394 [tramites.API] ERROR: Error en consulta NSS
Traceback (most recent call last):
  File "D:\automatizacion\src\api.py", line 251, in consultar_nss
    resultado = await modulo.consultar(
                ^^^^^^^^^^^^^^^^^^^^^^^
        curp=req.curp.upper(), correo=req.correo
        ^^^^^^^^^^^^^^^^^^^^^^^^^^^^^^^^^^^^^^^^
    )
    ^
  File "C:\Users\MK\AppData\Local\Programs\Python\Python314\Lib\unittest\mock.py", line 2333, in _execute_mock_call
    raise effect
Exception: Mocked module
2026-07-08 19:10:00,840 [tramites.test_mod] INFO: hello
2026-07-08 19:10:00,842 [tramites.test_mod] ERROR: error!
2026-07-08 19:10:01,940 [tramites.Buro] INFO: Iniciando consulta Buró de Crédito...
2026-07-08 19:10:01,941 [tramites.Buro] INFO: Buró completado en 0.0s
2026-07-08 19:10:01,952 [tramites.Circulo] INFO: Iniciando consulta Círculo de Crédito...
2026-07-08 19:10:01,953 [tramites.Circulo] INFO: Círculo completado en 0.0s
2026-07-08 19:10:01,985 [tramites.Buro] INFO: Iniciando consulta Buró de Crédito...
2026-07-08 19:10:01,986 [tramites.Buro] ERROR: Error en 0.0s: boom
2026-07-08 19:10:02,013 [tramites.CURP] INFO: Iniciando consulta...
2026-07-08 19:10:02,014 [tramites.CURP] INFO: Completado en 0.0s
2026-07-08 19:10:02,029 [tramites.CURP] INFO: Iniciando consulta...
2026-07-08 19:10:02,042 [tramites.CURP] INFO: Iniciando consulta...
2026-07-08 19:10:02,056 [tramites.NSS] INFO: Iniciando consulta para CURP GALJ****
2026-07-08 19:10:02,056 [tramites.NSS] INFO: Completado en 0.0s
2026-07-08 19:10:02,081 [tramites.TENENCIA] INFO: Consultando tenencia para placa ABC123
2026-07-08 19:10:02,081 [tramites.TENENCIA] INFO: Completado en 0.0s
2026-07-08 19:10:02,105 [tramites.ANTECEDENTES] INFO: Iniciando trámite para CURP GALJ****
2026-07-08 19:10:02,106 [tramites.ANTECEDENTES] INFO: Completado en 0.0s
2026-07-08 19:10:02,123 [tramites.ANTECEDENTES] INFO: Iniciando trámite para CURP GALJ****
2026-07-08 19:10:02,137 [tramites.CitaINE] INFO: Iniciando cita INE...
2026-07-08 19:10:02,137 [tramites.CitaINE] INFO: Cita INE completada en 0.0s
2026-07-08 19:10:02,158 [tramites.CitaSAT] INFO: Iniciando cita SAT...
2026-07-08 19:10:02,158 [tramites.CitaSAT] INFO: Cita SAT completada en 0.0s
2026-07-08 19:10:02,182 [tramites.ControlConfianza] INFO: Iniciando Control de Confianza...
2026-07-08 19:10:02,183 [tramites.ControlConfianza] INFO: Control de Confianza completado en 0.0s
2026-07-08 19:10:02,207 [tramites.Semanas] INFO: Iniciando consulta de semanas cotizadas...
2026-07-08 19:10:02,207 [tramites.Semanas] INFO: Semanas completadas en 0.0s
2026-07-08 19:10:02,225 [tramites.Semanas] INFO: Iniciando consulta de semanas cotizadas...
2026-07-08 19:10:02,226 [tramites.Semanas] ERROR: Error en 0.0s: boom
2026-07-08 19:10:02,239 [tramites.RFC] INFO: Iniciando consulta RFC...
2026-07-08 19:10:02,240 [tramites.RFC] INFO: RFC completado en 0.0s
2026-07-08 19:10:02,257 [tramites.ActaNacimiento] INFO: Iniciando consulta de Acta de Nacimiento...
2026-07-08 19:10:02,258 [tramites.ActaNacimiento] INFO: Acta completada en 0.0s
2026-07-08 19:10:02,275 [tramites.Pasaporte] INFO: Iniciando cita de pasaporte...
2026-07-08 19:10:02,275 [tramites.Pasaporte] INFO: Cita pasaporte completada en 0.0s
2026-07-08 19:10:28,508 [tramites.API] ERROR: Error en consulta CURP
Traceback (most recent call last):
  File "D:\automatizacion\src\api.py", line 237, in consultar_curp
    resultado = await modulo.consultar(curp=req.curp.upper())
                ^^^^^^^^^^^^^^^^^^^^^^^^^^^^^^^^^^^^^^^^^^^^^
  File "C:\Users\MK\AppData\Local\Programs\Python\Python314\Lib\unittest\mock.py", line 2333, in _execute_mock_call
    raise effect
Exception: Mocked module
2026-07-08 19:10:28,551 [tramites.API] ERROR: Error en consulta NSS
Traceback (most recent call last):
  File "D:\automatizacion\src\api.py", line 251, in consultar_nss
    resultado = await modulo.consultar(
                ^^^^^^^^^^^^^^^^^^^^^^^
        curp=req.curp.upper(), correo=req.correo
        ^^^^^^^^^^^^^^^^^^^^^^^^^^^^^^^^^^^^^^^^
    )
    ^
  File "C:\Users\MK\AppData\Local\Programs\Python\Python314\Lib\unittest\mock.py", line 2333, in _execute_mock_call
    raise effect
Exception: Mocked module
2026-07-08 19:10:33,814 [tramites.test_mod] INFO: hello
2026-07-08 19:10:33,817 [tramites.test_mod] ERROR: error!
2026-07-08 19:10:34,909 [tramites.Buro] INFO: Iniciando consulta Buró de Crédito...
2026-07-08 19:10:34,909 [tramites.Buro] INFO: Buró completado en 0.0s
2026-07-08 19:10:34,918 [tramites.Circulo] INFO: Iniciando consulta Círculo de Crédito...
2026-07-08 19:10:34,919 [tramites.Circulo] INFO: Círculo completado en 0.0s
2026-07-08 19:10:34,948 [tramites.Buro] INFO: Iniciando consulta Buró de Crédito...
2026-07-08 19:10:34,949 [tramites.Buro] ERROR: Error en 0.0s: boom
2026-07-08 19:10:34,980 [tramites.CURP] INFO: Iniciando consulta...
2026-07-08 19:10:34,980 [tramites.CURP] INFO: Completado en 0.0s
2026-07-08 19:10:35,000 [tramites.CURP] INFO: Iniciando consulta...
2026-07-08 19:10:35,011 [tramites.CURP] INFO: Iniciando consulta...
2026-07-08 19:10:35,025 [tramites.NSS] INFO: Iniciando consulta para CURP GALJ****
2026-07-08 19:10:35,025 [tramites.NSS] INFO: Completado en 0.0s
2026-07-08 19:10:35,046 [tramites.TENENCIA] INFO: Consultando tenencia para placa ABC123
2026-07-08 19:10:35,046 [tramites.TENENCIA] INFO: Completado en 0.0s
2026-07-08 19:10:35,071 [tramites.ANTECEDENTES] INFO: Iniciando trámite para CURP GALJ****
2026-07-08 19:10:35,071 [tramites.ANTECEDENTES] INFO: Completado en 0.0s
2026-07-08 19:10:35,092 [tramites.ANTECEDENTES] INFO: Iniciando trámite para CURP GALJ****
2026-07-08 19:10:35,107 [tramites.CitaINE] INFO: Iniciando cita INE...
2026-07-08 19:10:35,107 [tramites.CitaINE] INFO: Cita INE completada en 0.0s
2026-07-08 19:10:35,127 [tramites.CitaSAT] INFO: Iniciando cita SAT...
2026-07-08 19:10:35,128 [tramites.CitaSAT] INFO: Cita SAT completada en 0.0s
2026-07-08 19:10:35,144 [tramites.ControlConfianza] INFO: Iniciando Control de Confianza...
2026-07-08 19:10:35,144 [tramites.ControlConfianza] INFO: Control de Confianza completado en 0.0s
2026-07-08 19:10:35,161 [tramites.Semanas] INFO: Iniciando consulta de semanas cotizadas...
2026-07-08 19:10:35,161 [tramites.Semanas] INFO: Semanas completadas en 0.0s
2026-07-08 19:10:35,179 [tramites.Semanas] INFO: Iniciando consulta de semanas cotizadas...
2026-07-08 19:10:35,180 [tramites.Semanas] ERROR: Error en 0.0s: boom
2026-07-08 19:10:35,192 [tramites.RFC] INFO: Iniciando consulta RFC...
2026-07-08 19:10:35,193 [tramites.RFC] INFO: RFC completado en 0.0s
2026-07-08 19:10:35,216 [tramites.ActaNacimiento] INFO: Iniciando consulta de Acta de Nacimiento...
2026-07-08 19:10:35,216 [tramites.ActaNacimiento] INFO: Acta completada en 0.0s
2026-07-08 19:10:35,237 [tramites.Pasaporte] INFO: Iniciando cita de pasaporte...
2026-07-08 19:10:35,237 [tramites.Pasaporte] INFO: Cita pasaporte completada en 0.0s
2026-07-08 19:11:10,393 [tramites.API] ERROR: Error en consulta CURP
Traceback (most recent call last):
  File "D:\automatizacion\src\api.py", line 237, in consultar_curp
    resultado = await modulo.consultar(curp=req.curp.upper())
                ^^^^^^^^^^^^^^^^^^^^^^^^^^^^^^^^^^^^^^^^^^^^^
  File "C:\Users\MK\AppData\Local\Programs\Python\Python314\Lib\unittest\mock.py", line 2333, in _execute_mock_call
    raise effect
Exception: Mocked module
2026-07-08 19:11:10,434 [tramites.API] ERROR: Error en consulta NSS
Traceback (most recent call last):
  File "D:\automatizacion\src\api.py", line 251, in consultar_nss
    resultado = await modulo.consultar(
                ^^^^^^^^^^^^^^^^^^^^^^^
        curp=req.curp.upper(), correo=req.correo
        ^^^^^^^^^^^^^^^^^^^^^^^^^^^^^^^^^^^^^^^^
    )
    ^
  File "C:\Users\MK\AppData\Local\Programs\Python\Python314\Lib\unittest\mock.py", line 2333, in _execute_mock_call
    raise effect
Exception: Mocked module
2026-07-08 19:11:16,127 [tramites.test_mod] INFO: hello
2026-07-08 19:11:16,131 [tramites.test_mod] ERROR: error!
2026-07-08 19:11:17,335 [tramites.Buro] INFO: Iniciando consulta Buró de Crédito...
2026-07-08 19:11:17,335 [tramites.Buro] INFO: Buró completado en 0.0s
2026-07-08 19:11:17,351 [tramites.Circulo] INFO: Iniciando consulta Círculo de Crédito...
2026-07-08 19:11:17,351 [tramites.Circulo] INFO: Círculo completado en 0.0s
2026-07-08 19:11:17,389 [tramites.Buro] INFO: Iniciando consulta Buró de Crédito...
2026-07-08 19:11:17,390 [tramites.Buro] ERROR: Error en 0.0s: boom
2026-07-08 19:11:17,420 [tramites.CURP] INFO: Iniciando consulta...
2026-07-08 19:11:17,421 [tramites.CURP] INFO: Completado en 0.0s
2026-07-08 19:11:17,438 [tramites.CURP] INFO: Iniciando consulta...
2026-07-08 19:11:17,452 [tramites.CURP] INFO: Iniciando consulta...
2026-07-08 19:11:17,465 [tramites.NSS] INFO: Iniciando consulta para CURP GALJ****
2026-07-08 19:11:17,466 [tramites.NSS] INFO: Completado en 0.0s
2026-07-08 19:11:17,493 [tramites.TENENCIA] INFO: Consultando tenencia para placa ABC123
2026-07-08 19:11:17,493 [tramites.TENENCIA] INFO: Completado en 0.0s
2026-07-08 19:11:17,518 [tramites.ANTECEDENTES] INFO: Iniciando trámite para CURP GALJ****
2026-07-08 19:11:17,518 [tramites.ANTECEDENTES] INFO: Completado en 0.0s
2026-07-08 19:11:17,537 [tramites.ANTECEDENTES] INFO: Iniciando trámite para CURP GALJ****
2026-07-08 19:11:17,548 [tramites.CitaINE] INFO: Iniciando cita INE...
2026-07-08 19:11:17,549 [tramites.CitaINE] INFO: Cita INE completada en 0.0s
2026-07-08 19:11:17,566 [tramites.CitaSAT] INFO: Iniciando cita SAT...
2026-07-08 19:11:17,566 [tramites.CitaSAT] INFO: Cita SAT completada en 0.0s
2026-07-08 19:11:17,589 [tramites.ControlConfianza] INFO: Iniciando Control de Confianza...
2026-07-08 19:11:17,589 [tramites.ControlConfianza] INFO: Control de Confianza completado en 0.0s
2026-07-08 19:11:17,610 [tramites.Semanas] INFO: Iniciando consulta de semanas cotizadas...
2026-07-08 19:11:17,611 [tramites.Semanas] INFO: Semanas completadas en 0.0s
2026-07-08 19:11:17,631 [tramites.Semanas] INFO: Iniciando consulta de semanas cotizadas...
2026-07-08 19:11:17,631 [tramites.Semanas] ERROR: Error en 0.0s: boom
2026-07-08 19:11:17,643 [tramites.RFC] INFO: Iniciando consulta RFC...
2026-07-08 19:11:17,644 [tramites.RFC] INFO: RFC completado en 0.0s
2026-07-08 19:11:17,666 [tramites.ActaNacimiento] INFO: Iniciando consulta de Acta de Nacimiento...
2026-07-08 19:11:17,666 [tramites.ActaNacimiento] INFO: Acta completada en 0.0s
2026-07-08 19:11:17,692 [tramites.Pasaporte] INFO: Iniciando cita de pasaporte...
2026-07-08 19:11:17,693 [tramites.Pasaporte] INFO: Cita pasaporte completada en 0.0s
2026-07-08 19:11:51,507 [tramites.API] ERROR: Error en consulta CURP
Traceback (most recent call last):
  File "D:\automatizacion\src\api.py", line 237, in consultar_curp
    resultado = await modulo.consultar(curp=req.curp.upper())
                ^^^^^^^^^^^^^^^^^^^^^^^^^^^^^^^^^^^^^^^^^^^^^
  File "C:\Users\MK\AppData\Local\Programs\Python\Python314\Lib\unittest\mock.py", line 2333, in _execute_mock_call
    raise effect
Exception: Mocked module
2026-07-08 19:11:51,545 [tramites.API] ERROR: Error en consulta NSS
Traceback (most recent call last):
  File "D:\automatizacion\src\api.py", line 251, in consultar_nss
    resultado = await modulo.consultar(
                ^^^^^^^^^^^^^^^^^^^^^^^
        curp=req.curp.upper(), correo=req.correo
        ^^^^^^^^^^^^^^^^^^^^^^^^^^^^^^^^^^^^^^^^
    )
    ^
  File "C:\Users\MK\AppData\Local\Programs\Python\Python314\Lib\unittest\mock.py", line 2333, in _execute_mock_call
    raise effect
Exception: Mocked module
2026-07-08 19:11:56,907 [tramites.test_mod] INFO: hello
2026-07-08 19:11:56,910 [tramites.test_mod] ERROR: error!
2026-07-08 19:11:57,952 [tramites.Buro] INFO: Iniciando consulta Buró de Crédito...
2026-07-08 19:11:57,952 [tramites.Buro] INFO: Buró completado en 0.0s
2026-07-08 19:11:57,962 [tramites.Circulo] INFO: Iniciando consulta Círculo de Crédito...
2026-07-08 19:11:57,963 [tramites.Circulo] INFO: Círculo completado en 0.0s
2026-07-08 19:11:58,007 [tramites.Buro] INFO: Iniciando consulta Buró de Crédito...
2026-07-08 19:11:58,008 [tramites.Buro] ERROR: Error en 0.0s: boom
2026-07-08 19:11:58,056 [tramites.CURP] INFO: Iniciando consulta...
2026-07-08 19:11:58,057 [tramites.CURP] INFO: Completado en 0.0s
2026-07-08 19:11:58,082 [tramites.CURP] INFO: Iniciando consulta...
2026-07-08 19:11:58,100 [tramites.CURP] INFO: Iniciando consulta...
2026-07-08 19:11:58,119 [tramites.NSS] INFO: Iniciando consulta para CURP GALJ****
2026-07-08 19:11:58,120 [tramites.NSS] INFO: Completado en 0.0s
2026-07-08 19:11:58,147 [tramites.TENENCIA] INFO: Consultando tenencia para placa ABC123
2026-07-08 19:11:58,147 [tramites.TENENCIA] INFO: Completado en 0.0s
2026-07-08 19:11:58,175 [tramites.ANTECEDENTES] INFO: Iniciando trámite para CURP GALJ****
2026-07-08 19:11:58,175 [tramites.ANTECEDENTES] INFO: Completado en 0.0s
2026-07-08 19:11:58,195 [tramites.ANTECEDENTES] INFO: Iniciando trámite para CURP GALJ****
2026-07-08 19:11:58,211 [tramites.CitaINE] INFO: Iniciando cita INE...
2026-07-08 19:11:58,212 [tramites.CitaINE] INFO: Cita INE completada en 0.0s
2026-07-08 19:11:58,231 [tramites.CitaSAT] INFO: Iniciando cita SAT...
2026-07-08 19:11:58,232 [tramites.CitaSAT] INFO: Cita SAT completada en 0.0s
2026-07-08 19:11:58,255 [tramites.ControlConfianza] INFO: Iniciando Control de Confianza...
2026-07-08 19:11:58,256 [tramites.ControlConfianza] INFO: Control de Confianza completado en 0.0s
2026-07-08 19:11:58,273 [tramites.Semanas] INFO: Iniciando consulta de semanas cotizadas...
2026-07-08 19:11:58,274 [tramites.Semanas] INFO: Semanas completadas en 0.0s
2026-07-08 19:11:58,293 [tramites.Semanas] INFO: Iniciando consulta de semanas cotizadas...
2026-07-08 19:11:58,293 [tramites.Semanas] ERROR: Error en 0.0s: boom
2026-07-08 19:11:58,307 [tramites.RFC] INFO: Iniciando consulta RFC...
2026-07-08 19:11:58,308 [tramites.RFC] INFO: RFC completado en 0.0s
2026-07-08 19:11:58,329 [tramites.ActaNacimiento] INFO: Iniciando consulta de Acta de Nacimiento...
2026-07-08 19:11:58,330 [tramites.ActaNacimiento] INFO: Acta completada en 0.0s
2026-07-08 19:11:58,350 [tramites.Pasaporte] INFO: Iniciando cita de pasaporte...
2026-07-08 19:11:58,350 [tramites.Pasaporte] INFO: Cita pasaporte completada en 0.0s
2026-07-08 19:12:25,098 [tramites.API] ERROR: Error en consulta CURP
Traceback (most recent call last):
  File "D:\automatizacion\src\api.py", line 237, in consultar_curp
    resultado = await modulo.consultar(curp=req.curp.upper())
                ^^^^^^^^^^^^^^^^^^^^^^^^^^^^^^^^^^^^^^^^^^^^^
  File "C:\Users\MK\AppData\Local\Programs\Python\Python314\Lib\unittest\mock.py", line 2333, in _execute_mock_call
    raise effect
Exception: Mocked module
2026-07-08 19:12:25,140 [tramites.API] ERROR: Error en consulta NSS
Traceback (most recent call last):
  File "D:\automatizacion\src\api.py", line 251, in consultar_nss
    resultado = await modulo.consultar(
                ^^^^^^^^^^^^^^^^^^^^^^^
        curp=req.curp.upper(), correo=req.correo
        ^^^^^^^^^^^^^^^^^^^^^^^^^^^^^^^^^^^^^^^^
    )
    ^
  File "C:\Users\MK\AppData\Local\Programs\Python\Python314\Lib\unittest\mock.py", line 2333, in _execute_mock_call
    raise effect
Exception: Mocked module
2026-07-08 19:12:30,533 [tramites.test_mod] INFO: hello
2026-07-08 19:12:30,537 [tramites.test_mod] ERROR: error!
2026-07-08 19:12:31,623 [tramites.Buro] INFO: Iniciando consulta Buró de Crédito...
2026-07-08 19:12:31,624 [tramites.Buro] INFO: Buró completado en 0.0s
2026-07-08 19:12:31,638 [tramites.Circulo] INFO: Iniciando consulta Círculo de Crédito...
2026-07-08 19:12:31,638 [tramites.Circulo] INFO: Círculo completado en 0.0s
2026-07-08 19:12:31,670 [tramites.Buro] INFO: Iniciando consulta Buró de Crédito...
2026-07-08 19:12:31,670 [tramites.Buro] ERROR: Error en 0.0s: boom
2026-07-08 19:12:31,702 [tramites.CURP] INFO: Iniciando consulta...
2026-07-08 19:12:31,703 [tramites.CURP] INFO: Completado en 0.0s
2026-07-08 19:12:31,725 [tramites.CURP] INFO: Iniciando consulta...
2026-07-08 19:12:31,735 [tramites.CURP] INFO: Iniciando consulta...
2026-07-08 19:12:31,744 [tramites.NSS] INFO: Iniciando consulta para CURP GALJ****
2026-07-08 19:12:31,744 [tramites.NSS] INFO: Completado en 0.0s
2026-07-08 19:12:31,760 [tramites.TENENCIA] INFO: Consultando tenencia para placa ABC123
2026-07-08 19:12:31,761 [tramites.TENENCIA] INFO: Completado en 0.0s
2026-07-08 19:12:31,782 [tramites.ANTECEDENTES] INFO: Iniciando trámite para CURP GALJ****
2026-07-08 19:12:31,782 [tramites.ANTECEDENTES] INFO: Completado en 0.0s
2026-07-08 19:12:31,798 [tramites.ANTECEDENTES] INFO: Iniciando trámite para CURP GALJ****
2026-07-08 19:12:31,807 [tramites.CitaINE] INFO: Iniciando cita INE...
2026-07-08 19:12:31,808 [tramites.CitaINE] INFO: Cita INE completada en 0.0s
2026-07-08 19:12:31,824 [tramites.CitaSAT] INFO: Iniciando cita SAT...
2026-07-08 19:12:31,824 [tramites.CitaSAT] INFO: Cita SAT completada en 0.0s
2026-07-08 19:12:31,840 [tramites.ControlConfianza] INFO: Iniciando Control de Confianza...
2026-07-08 19:12:31,841 [tramites.ControlConfianza] INFO: Control de Confianza completado en 0.0s
2026-07-08 19:12:31,861 [tramites.Semanas] INFO: Iniciando consulta de semanas cotizadas...
2026-07-08 19:12:31,862 [tramites.Semanas] INFO: Semanas completadas en 0.0s
2026-07-08 19:12:31,883 [tramites.Semanas] INFO: Iniciando consulta de semanas cotizadas...
2026-07-08 19:12:31,884 [tramites.Semanas] ERROR: Error en 0.0s: boom
2026-07-08 19:12:31,893 [tramites.RFC] INFO: Iniciando consulta RFC...
2026-07-08 19:12:31,894 [tramites.RFC] INFO: RFC completado en 0.0s
2026-07-08 19:12:31,910 [tramites.ActaNacimiento] INFO: Iniciando consulta de Acta de Nacimiento...
2026-07-08 19:12:31,911 [tramites.ActaNacimiento] INFO: Acta completada en 0.0s
2026-07-08 19:12:31,927 [tramites.Pasaporte] INFO: Iniciando cita de pasaporte...
2026-07-08 19:12:31,928 [tramites.Pasaporte] INFO: Cita pasaporte completada en 0.0s
2026-07-08 19:13:19,994 [tramites.API] ERROR: Error en consulta CURP
Traceback (most recent call last):
  File "D:\automatizacion\src\api.py", line 237, in consultar_curp
    resultado = await modulo.consultar(curp=req.curp.upper())
                ^^^^^^^^^^^^^^^^^^^^^^^^^^^^^^^^^^^^^^^^^^^^^
  File "C:\Users\MK\AppData\Local\Programs\Python\Python314\Lib\unittest\mock.py", line 2333, in _execute_mock_call
    raise effect
Exception: Mocked module
2026-07-08 19:13:20,046 [tramites.API] ERROR: Error en consulta NSS
Traceback (most recent call last):
  File "D:\automatizacion\src\api.py", line 251, in consultar_nss
    resultado = await modulo.consultar(
                ^^^^^^^^^^^^^^^^^^^^^^^
        curp=req.curp.upper(), correo=req.correo
        ^^^^^^^^^^^^^^^^^^^^^^^^^^^^^^^^^^^^^^^^
    )
    ^
  File "C:\Users\MK\AppData\Local\Programs\Python\Python314\Lib\unittest\mock.py", line 2333, in _execute_mock_call
    raise effect
Exception: Mocked module
2026-07-08 19:13:25,335 [tramites.test_mod] INFO: hello
2026-07-08 19:13:25,338 [tramites.test_mod] ERROR: error!
2026-07-08 19:13:26,543 [tramites.Buro] INFO: Iniciando consulta Buró de Crédito...
2026-07-08 19:13:26,544 [tramites.Buro] INFO: Buró completado en 0.0s
2026-07-08 19:13:26,554 [tramites.Circulo] INFO: Iniciando consulta Círculo de Crédito...
2026-07-08 19:13:26,555 [tramites.Circulo] INFO: Círculo completado en 0.0s
2026-07-08 19:13:26,588 [tramites.Buro] INFO: Iniciando consulta Buró de Crédito...
2026-07-08 19:13:26,589 [tramites.Buro] ERROR: Error en 0.0s: boom
2026-07-08 19:13:26,615 [tramites.CURP] INFO: Iniciando consulta...
2026-07-08 19:13:26,615 [tramites.CURP] INFO: Completado en 0.0s
2026-07-08 19:13:26,629 [tramites.CURP] INFO: Iniciando consulta...
2026-07-08 19:13:26,638 [tramites.CURP] INFO: Iniciando consulta...
2026-07-08 19:13:26,648 [tramites.NSS] INFO: Iniciando consulta para CURP GALJ****
2026-07-08 19:13:26,649 [tramites.NSS] INFO: Completado en 0.0s
2026-07-08 19:13:26,671 [tramites.TENENCIA] INFO: Consultando tenencia para placa ABC123
2026-07-08 19:13:26,672 [tramites.TENENCIA] INFO: Completado en 0.0s
2026-07-08 19:13:26,692 [tramites.ANTECEDENTES] INFO: Iniciando trámite para CURP GALJ****
2026-07-08 19:13:26,692 [tramites.ANTECEDENTES] INFO: Completado en 0.0s
2026-07-08 19:13:26,707 [tramites.ANTECEDENTES] INFO: Iniciando trámite para CURP GALJ****
2026-07-08 19:13:26,719 [tramites.CitaINE] INFO: Iniciando cita INE...
2026-07-08 19:13:26,720 [tramites.CitaINE] INFO: Cita INE completada en 0.0s
2026-07-08 19:13:26,738 [tramites.CitaSAT] INFO: Iniciando cita SAT...
2026-07-08 19:13:26,738 [tramites.CitaSAT] INFO: Cita SAT completada en 0.0s
2026-07-08 19:13:26,757 [tramites.ControlConfianza] INFO: Iniciando Control de Confianza...
2026-07-08 19:13:26,758 [tramites.ControlConfianza] INFO: Control de Confianza completado en 0.0s
2026-07-08 19:13:26,781 [tramites.Semanas] INFO: Iniciando consulta de semanas cotizadas...
2026-07-08 19:13:26,781 [tramites.Semanas] INFO: Semanas completadas en 0.0s
2026-07-08 19:13:26,799 [tramites.Semanas] INFO: Iniciando consulta de semanas cotizadas...
2026-07-08 19:13:26,800 [tramites.Semanas] ERROR: Error en 0.0s: boom
2026-07-08 19:13:26,810 [tramites.RFC] INFO: Iniciando consulta RFC...
2026-07-08 19:13:26,811 [tramites.RFC] INFO: RFC completado en 0.0s
2026-07-08 19:13:26,832 [tramites.ActaNacimiento] INFO: Iniciando consulta de Acta de Nacimiento...
2026-07-08 19:13:26,833 [tramites.ActaNacimiento] INFO: Acta completada en 0.0s
2026-07-08 19:13:26,853 [tramites.Pasaporte] INFO: Iniciando cita de pasaporte...
2026-07-08 19:13:26,853 [tramites.Pasaporte] INFO: Cita pasaporte completada en 0.0s
2026-07-08 19:13:54,162 [tramites.API] ERROR: Error en consulta CURP
Traceback (most recent call last):
  File "D:\automatizacion\src\api.py", line 237, in consultar_curp
    resultado = await modulo.consultar(curp=req.curp.upper())
                ^^^^^^^^^^^^^^^^^^^^^^^^^^^^^^^^^^^^^^^^^^^^^
  File "C:\Users\MK\AppData\Local\Programs\Python\Python314\Lib\unittest\mock.py", line 2333, in _execute_mock_call
    raise effect
Exception: Mocked module
2026-07-08 19:13:54,225 [tramites.API] ERROR: Error en consulta NSS
Traceback (most recent call last):
  File "D:\automatizacion\src\api.py", line 251, in consultar_nss
    resultado = await modulo.consultar(
                ^^^^^^^^^^^^^^^^^^^^^^^
        curp=req.curp.upper(), correo=req.correo
        ^^^^^^^^^^^^^^^^^^^^^^^^^^^^^^^^^^^^^^^^
    )
    ^
  File "C:\Users\MK\AppData\Local\Programs\Python\Python314\Lib\unittest\mock.py", line 2333, in _execute_mock_call
    raise effect
Exception: Mocked module
2026-07-08 19:13:59,446 [tramites.test_mod] INFO: hello
2026-07-08 19:13:59,448 [tramites.test_mod] ERROR: error!
2026-07-08 19:14:00,489 [tramites.Buro] INFO: Iniciando consulta Buró de Crédito...
2026-07-08 19:14:00,489 [tramites.Buro] INFO: Buró completado en 0.0s
2026-07-08 19:14:00,501 [tramites.Circulo] INFO: Iniciando consulta Círculo de Crédito...
2026-07-08 19:14:00,501 [tramites.Circulo] INFO: Círculo completado en 0.0s
2026-07-08 19:14:00,540 [tramites.Buro] INFO: Iniciando consulta Buró de Crédito...
2026-07-08 19:14:00,540 [tramites.Buro] ERROR: Error en 0.0s: boom
2026-07-08 19:14:00,570 [tramites.CURP] INFO: Iniciando consulta...
2026-07-08 19:14:00,570 [tramites.CURP] INFO: Completado en 0.0s
2026-07-08 19:14:00,585 [tramites.CURP] INFO: Iniciando consulta...
2026-07-08 19:14:00,594 [tramites.CURP] INFO: Iniciando consulta...
2026-07-08 19:14:00,604 [tramites.NSS] INFO: Iniciando consulta para CURP GALJ****
2026-07-08 19:14:00,604 [tramites.NSS] INFO: Completado en 0.0s
2026-07-08 19:14:00,620 [tramites.TENENCIA] INFO: Consultando tenencia para placa ABC123
2026-07-08 19:14:00,620 [tramites.TENENCIA] INFO: Completado en 0.0s
2026-07-08 19:14:00,640 [tramites.ANTECEDENTES] INFO: Iniciando trámite para CURP GALJ****
2026-07-08 19:14:00,640 [tramites.ANTECEDENTES] INFO: Completado en 0.0s
2026-07-08 19:14:00,660 [tramites.ANTECEDENTES] INFO: Iniciando trámite para CURP GALJ****
2026-07-08 19:14:00,671 [tramites.CitaINE] INFO: Iniciando cita INE...
2026-07-08 19:14:00,671 [tramites.CitaINE] INFO: Cita INE completada en 0.0s
2026-07-08 19:14:00,695 [tramites.CitaSAT] INFO: Iniciando cita SAT...
2026-07-08 19:14:00,695 [tramites.CitaSAT] INFO: Cita SAT completada en 0.0s
2026-07-08 19:14:00,714 [tramites.ControlConfianza] INFO: Iniciando Control de Confianza...
2026-07-08 19:14:00,715 [tramites.ControlConfianza] INFO: Control de Confianza completado en 0.0s
2026-07-08 19:14:00,732 [tramites.Semanas] INFO: Iniciando consulta de semanas cotizadas...
2026-07-08 19:14:00,732 [tramites.Semanas] INFO: Semanas completadas en 0.0s
2026-07-08 19:14:00,752 [tramites.Semanas] INFO: Iniciando consulta de semanas cotizadas...
2026-07-08 19:14:00,752 [tramites.Semanas] ERROR: Error en 0.0s: boom
2026-07-08 19:14:00,762 [tramites.RFC] INFO: Iniciando consulta RFC...
2026-07-08 19:14:00,762 [tramites.RFC] INFO: RFC completado en 0.0s
2026-07-08 19:14:00,780 [tramites.ActaNacimiento] INFO: Iniciando consulta de Acta de Nacimiento...
2026-07-08 19:14:00,780 [tramites.ActaNacimiento] INFO: Acta completada en 0.0s
2026-07-08 19:14:00,803 [tramites.Pasaporte] INFO: Iniciando cita de pasaporte...
2026-07-08 19:14:00,804 [tramites.Pasaporte] INFO: Cita pasaporte completada en 0.0s
2026-07-08 19:15:31,970 [tramites.API] ERROR: Error en consulta CURP
Traceback (most recent call last):
  File "D:\automatizacion\src\api.py", line 237, in consultar_curp
    resultado = await modulo.consultar(curp=req.curp.upper())
                ^^^^^^^^^^^^^^^^^^^^^^^^^^^^^^^^^^^^^^^^^^^^^
  File "C:\Users\MK\AppData\Local\Programs\Python\Python314\Lib\unittest\mock.py", line 2333, in _execute_mock_call
    raise effect
Exception: Mocked module
2026-07-08 19:15:32,017 [tramites.API] ERROR: Error en consulta NSS
Traceback (most recent call last):
  File "D:\automatizacion\src\api.py", line 251, in consultar_nss
    resultado = await modulo.consultar(
                ^^^^^^^^^^^^^^^^^^^^^^^
        curp=req.curp.upper(), correo=req.correo
        ^^^^^^^^^^^^^^^^^^^^^^^^^^^^^^^^^^^^^^^^
    )
    ^
  File "C:\Users\MK\AppData\Local\Programs\Python\Python314\Lib\unittest\mock.py", line 2333, in _execute_mock_call
    raise effect
Exception: Mocked module
2026-07-08 19:15:37,519 [tramites.test_mod] INFO: hello
2026-07-08 19:15:37,524 [tramites.test_mod] ERROR: error!
2026-07-08 19:15:38,671 [tramites.Buro] INFO: Iniciando consulta Buró de Crédito...
2026-07-08 19:15:38,672 [tramites.Buro] INFO: Buró completado en 0.0s
2026-07-08 19:15:38,686 [tramites.Circulo] INFO: Iniciando consulta Círculo de Crédito...
2026-07-08 19:15:38,687 [tramites.Circulo] INFO: Círculo completado en 0.0s
2026-07-08 19:15:38,723 [tramites.Buro] INFO: Iniciando consulta Buró de Crédito...
2026-07-08 19:15:38,723 [tramites.Buro] ERROR: Error en 0.0s: boom
2026-07-08 19:15:38,746 [tramites.CURP] INFO: Iniciando consulta...
2026-07-08 19:15:38,747 [tramites.CURP] INFO: Completado en 0.0s
2026-07-08 19:15:38,765 [tramites.CURP] INFO: Iniciando consulta...
2026-07-08 19:15:38,778 [tramites.CURP] INFO: Iniciando consulta...
2026-07-08 19:15:38,788 [tramites.NSS] INFO: Iniciando consulta para CURP GALJ****
2026-07-08 19:15:38,788 [tramites.NSS] INFO: Completado en 0.0s
2026-07-08 19:15:38,808 [tramites.TENENCIA] INFO: Consultando tenencia para placa ABC123
2026-07-08 19:15:38,808 [tramites.TENENCIA] INFO: Completado en 0.0s
2026-07-08 19:15:38,827 [tramites.ANTECEDENTES] INFO: Iniciando trámite para CURP GALJ****
2026-07-08 19:15:38,828 [tramites.ANTECEDENTES] INFO: Completado en 0.0s
2026-07-08 19:15:38,843 [tramites.ANTECEDENTES] INFO: Iniciando trámite para CURP GALJ****
2026-07-08 19:15:38,855 [tramites.CitaINE] INFO: Iniciando cita INE...
2026-07-08 19:15:38,855 [tramites.CitaINE] INFO: Cita INE completada en 0.0s
2026-07-08 19:15:38,875 [tramites.CitaSAT] INFO: Iniciando cita SAT...
2026-07-08 19:15:38,876 [tramites.CitaSAT] INFO: Cita SAT completada en 0.0s
2026-07-08 19:15:38,892 [tramites.ControlConfianza] INFO: Iniciando Control de Confianza...
2026-07-08 19:15:38,892 [tramites.ControlConfianza] INFO: Control de Confianza completado en 0.0s
2026-07-08 19:15:38,912 [tramites.Semanas] INFO: Iniciando consulta de semanas cotizadas...
2026-07-08 19:15:38,912 [tramites.Semanas] INFO: Semanas completadas en 0.0s
2026-07-08 19:15:38,929 [tramites.Semanas] INFO: Iniciando consulta de semanas cotizadas...
2026-07-08 19:15:38,929 [tramites.Semanas] ERROR: Error en 0.0s: boom
2026-07-08 19:15:38,938 [tramites.RFC] INFO: Iniciando consulta RFC...
2026-07-08 19:15:38,938 [tramites.RFC] INFO: RFC completado en 0.0s
2026-07-08 19:15:38,962 [tramites.ActaNacimiento] INFO: Iniciando consulta de Acta de Nacimiento...
2026-07-08 19:15:38,962 [tramites.ActaNacimiento] INFO: Acta completada en 0.0s
2026-07-08 19:15:38,982 [tramites.Pasaporte] INFO: Iniciando cita de pasaporte...
2026-07-08 19:15:38,982 [tramites.Pasaporte] INFO: Cita pasaporte completada en 0.0s
2026-07-08 19:16:04,921 [tramites.API] ERROR: Error en consulta CURP
Traceback (most recent call last):
  File "D:\automatizacion\src\api.py", line 237, in consultar_curp
    resultado = await modulo.consultar(curp=req.curp.upper())
                ^^^^^^^^^^^^^^^^^^^^^^^^^^^^^^^^^^^^^^^^^^^^^
  File "C:\Users\MK\AppData\Local\Programs\Python\Python314\Lib\unittest\mock.py", line 2333, in _execute_mock_call
    raise effect
Exception: Mocked module
2026-07-08 19:16:04,962 [tramites.API] ERROR: Error en consulta NSS
Traceback (most recent call last):
  File "D:\automatizacion\src\api.py", line 251, in consultar_nss
    resultado = await modulo.consultar(
                ^^^^^^^^^^^^^^^^^^^^^^^
        curp=req.curp.upper(), correo=req.correo
        ^^^^^^^^^^^^^^^^^^^^^^^^^^^^^^^^^^^^^^^^
    )
    ^
  File "C:\Users\MK\AppData\Local\Programs\Python\Python314\Lib\unittest\mock.py", line 2333, in _execute_mock_call
    raise effect
Exception: Mocked module
2026-07-08 19:16:10,278 [tramites.test_mod] INFO: hello
2026-07-08 19:16:10,282 [tramites.test_mod] ERROR: error!
2026-07-08 19:16:11,372 [tramites.Buro] INFO: Iniciando consulta Buró de Crédito...
2026-07-08 19:16:11,373 [tramites.Buro] INFO: Buró completado en 0.0s
2026-07-08 19:16:11,381 [tramites.Circulo] INFO: Iniciando consulta Círculo de Crédito...
2026-07-08 19:16:11,381 [tramites.Circulo] INFO: Círculo completado en 0.0s
2026-07-08 19:16:11,406 [tramites.Buro] INFO: Iniciando consulta Buró de Crédito...
2026-07-08 19:16:11,406 [tramites.Buro] ERROR: Error en 0.0s: boom
2026-07-08 19:16:11,434 [tramites.CURP] INFO: Iniciando consulta...
2026-07-08 19:16:11,434 [tramites.CURP] INFO: Completado en 0.0s
2026-07-08 19:16:11,453 [tramites.CURP] INFO: Iniciando consulta...
2026-07-08 19:16:11,466 [tramites.CURP] INFO: Iniciando consulta...
2026-07-08 19:16:11,482 [tramites.NSS] INFO: Iniciando consulta para CURP GALJ****
2026-07-08 19:16:11,483 [tramites.NSS] INFO: Completado en 0.0s
2026-07-08 19:16:11,500 [tramites.TENENCIA] INFO: Consultando tenencia para placa ABC123
2026-07-08 19:16:11,500 [tramites.TENENCIA] INFO: Completado en 0.0s
2026-07-08 19:16:11,517 [tramites.ANTECEDENTES] INFO: Iniciando trámite para CURP GALJ****
2026-07-08 19:16:11,517 [tramites.ANTECEDENTES] INFO: Completado en 0.0s
2026-07-08 19:16:11,539 [tramites.ANTECEDENTES] INFO: Iniciando trámite para CURP GALJ****
2026-07-08 19:16:11,548 [tramites.CitaINE] INFO: Iniciando cita INE...
2026-07-08 19:16:11,548 [tramites.CitaINE] INFO: Cita INE completada en 0.0s
2026-07-08 19:16:11,563 [tramites.CitaSAT] INFO: Iniciando cita SAT...
2026-07-08 19:16:11,564 [tramites.CitaSAT] INFO: Cita SAT completada en 0.0s
2026-07-08 19:16:11,584 [tramites.ControlConfianza] INFO: Iniciando Control de Confianza...
2026-07-08 19:16:11,585 [tramites.ControlConfianza] INFO: Control de Confianza completado en 0.0s
2026-07-08 19:16:11,602 [tramites.Semanas] INFO: Iniciando consulta de semanas cotizadas...
2026-07-08 19:16:11,603 [tramites.Semanas] INFO: Semanas completadas en 0.0s
2026-07-08 19:16:11,625 [tramites.Semanas] INFO: Iniciando consulta de semanas cotizadas...
2026-07-08 19:16:11,626 [tramites.Semanas] ERROR: Error en 0.0s: boom
2026-07-08 19:16:11,639 [tramites.RFC] INFO: Iniciando consulta RFC...
2026-07-08 19:16:11,639 [tramites.RFC] INFO: RFC completado en 0.0s
2026-07-08 19:16:11,663 [tramites.ActaNacimiento] INFO: Iniciando consulta de Acta de Nacimiento...
2026-07-08 19:16:11,663 [tramites.ActaNacimiento] INFO: Acta completada en 0.0s
2026-07-08 19:16:11,681 [tramites.Pasaporte] INFO: Iniciando cita de pasaporte...
2026-07-08 19:16:11,682 [tramites.Pasaporte] INFO: Cita pasaporte completada en 0.0s
2026-07-08 19:16:38,563 [tramites.API] ERROR: Error en consulta CURP
Traceback (most recent call last):
  File "D:\automatizacion\src\api.py", line 237, in consultar_curp
    resultado = await modulo.consultar(curp=req.curp.upper())
                ^^^^^^^^^^^^^^^^^^^^^^^^^^^^^^^^^^^^^^^^^^^^^
  File "C:\Users\MK\AppData\Local\Programs\Python\Python314\Lib\unittest\mock.py", line 2333, in _execute_mock_call
    raise effect
Exception: Mocked module
2026-07-08 19:16:38,605 [tramites.API] ERROR: Error en consulta NSS
Traceback (most recent call last):
  File "D:\automatizacion\src\api.py", line 251, in consultar_nss
    resultado = await modulo.consultar(
                ^^^^^^^^^^^^^^^^^^^^^^^
        curp=req.curp.upper(), correo=req.correo
        ^^^^^^^^^^^^^^^^^^^^^^^^^^^^^^^^^^^^^^^^
    )
    ^
  File "C:\Users\MK\AppData\Local\Programs\Python\Python314\Lib\unittest\mock.py", line 2333, in _execute_mock_call
    raise effect
Exception: Mocked module
2026-07-08 19:16:44,016 [tramites.test_mod] INFO: hello
2026-07-08 19:16:44,019 [tramites.test_mod] ERROR: error!
2026-07-08 19:16:45,121 [tramites.Buro] INFO: Iniciando consulta Buró de Crédito...
2026-07-08 19:16:45,122 [tramites.Buro] INFO: Buró completado en 0.0s
2026-07-08 19:16:45,132 [tramites.Circulo] INFO: Iniciando consulta Círculo de Crédito...
2026-07-08 19:16:45,133 [tramites.Circulo] INFO: Círculo completado en 0.0s
2026-07-08 19:16:45,170 [tramites.Buro] INFO: Iniciando consulta Buró de Crédito...
2026-07-08 19:16:45,170 [tramites.Buro] ERROR: Error en 0.0s: boom
2026-07-08 19:16:45,195 [tramites.CURP] INFO: Iniciando consulta...
2026-07-08 19:16:45,195 [tramites.CURP] INFO: Completado en 0.0s
2026-07-08 19:16:45,214 [tramites.CURP] INFO: Iniciando consulta...
2026-07-08 19:16:45,224 [tramites.CURP] INFO: Iniciando consulta...
2026-07-08 19:16:45,234 [tramites.NSS] INFO: Iniciando consulta para CURP GALJ****
2026-07-08 19:16:45,235 [tramites.NSS] INFO: Completado en 0.0s
2026-07-08 19:16:45,252 [tramites.TENENCIA] INFO: Consultando tenencia para placa ABC123
2026-07-08 19:16:45,253 [tramites.TENENCIA] INFO: Completado en 0.0s
2026-07-08 19:16:45,278 [tramites.ANTECEDENTES] INFO: Iniciando trámite para CURP GALJ****
2026-07-08 19:16:45,278 [tramites.ANTECEDENTES] INFO: Completado en 0.0s
2026-07-08 19:16:45,299 [tramites.ANTECEDENTES] INFO: Iniciando trámite para CURP GALJ****
2026-07-08 19:16:45,311 [tramites.CitaINE] INFO: Iniciando cita INE...
2026-07-08 19:16:45,311 [tramites.CitaINE] INFO: Cita INE completada en 0.0s
2026-07-08 19:16:45,331 [tramites.CitaSAT] INFO: Iniciando cita SAT...
2026-07-08 19:16:45,332 [tramites.CitaSAT] INFO: Cita SAT completada en 0.0s
2026-07-08 19:16:45,353 [tramites.ControlConfianza] INFO: Iniciando Control de Confianza...
2026-07-08 19:16:45,353 [tramites.ControlConfianza] INFO: Control de Confianza completado en 0.0s
2026-07-08 19:16:45,374 [tramites.Semanas] INFO: Iniciando consulta de semanas cotizadas...
2026-07-08 19:16:45,375 [tramites.Semanas] INFO: Semanas completadas en 0.0s
2026-07-08 19:16:45,394 [tramites.Semanas] INFO: Iniciando consulta de semanas cotizadas...
2026-07-08 19:16:45,394 [tramites.Semanas] ERROR: Error en 0.0s: boom
2026-07-08 19:16:45,405 [tramites.RFC] INFO: Iniciando consulta RFC...
2026-07-08 19:16:45,406 [tramites.RFC] INFO: RFC completado en 0.0s
2026-07-08 19:16:45,430 [tramites.ActaNacimiento] INFO: Iniciando consulta de Acta de Nacimiento...
2026-07-08 19:16:45,431 [tramites.ActaNacimiento] INFO: Acta completada en 0.0s
2026-07-08 19:16:45,454 [tramites.Pasaporte] INFO: Iniciando cita de pasaporte...
2026-07-08 19:16:45,454 [tramites.Pasaporte] INFO: Cita pasaporte completada en 0.0s
2026-07-08 19:21:13,375 [tramites.API] ERROR: Error en consulta CURP
Traceback (most recent call last):
  File "D:\automatizacion\src\api.py", line 237, in consultar_curp
    resultado = await modulo.consultar(curp=req.curp.upper())
                ^^^^^^^^^^^^^^^^^^^^^^^^^^^^^^^^^^^^^^^^^^^^^
  File "C:\Users\MK\AppData\Local\Programs\Python\Python314\Lib\unittest\mock.py", line 2333, in _execute_mock_call
    raise effect
Exception: Mocked module
2026-07-08 19:21:13,422 [tramites.API] ERROR: Error en consulta NSS
Traceback (most recent call last):
  File "D:\automatizacion\src\api.py", line 251, in consultar_nss
    resultado = await modulo.consultar(
                ^^^^^^^^^^^^^^^^^^^^^^^
        curp=req.curp.upper(), correo=req.correo
        ^^^^^^^^^^^^^^^^^^^^^^^^^^^^^^^^^^^^^^^^
    )
    ^
  File "C:\Users\MK\AppData\Local\Programs\Python\Python314\Lib\unittest\mock.py", line 2333, in _execute_mock_call
    raise effect
Exception: Mocked module
2026-07-08 19:21:18,778 [tramites.test_mod] INFO: hello
2026-07-08 19:21:18,781 [tramites.test_mod] ERROR: error!
2026-07-08 19:21:20,067 [tramites.Buro] INFO: Iniciando consulta Buró de Crédito...
2026-07-08 19:21:20,068 [tramites.Buro] INFO: Buró completado en 0.0s
2026-07-08 19:21:20,078 [tramites.Circulo] INFO: Iniciando consulta Círculo de Crédito...
2026-07-08 19:21:20,078 [tramites.Circulo] INFO: Círculo completado en 0.0s
2026-07-08 19:21:20,112 [tramites.Buro] INFO: Iniciando consulta Buró de Crédito...
2026-07-08 19:21:20,112 [tramites.Buro] ERROR: Error en 0.0s: boom
2026-07-08 19:21:20,135 [tramites.CURP] INFO: Iniciando consulta...
2026-07-08 19:21:20,136 [tramites.CURP] INFO: Completado en 0.0s
2026-07-08 19:21:20,151 [tramites.CURP] INFO: Iniciando consulta...
2026-07-08 19:21:20,160 [tramites.CURP] INFO: Iniciando consulta...
2026-07-08 19:21:20,169 [tramites.NSS] INFO: Iniciando consulta para CURP GALJ****
2026-07-08 19:21:20,170 [tramites.NSS] INFO: Completado en 0.0s
2026-07-08 19:21:20,193 [tramites.TENENCIA] INFO: Consultando tenencia para placa ABC123
2026-07-08 19:21:20,194 [tramites.TENENCIA] INFO: Completado en 0.0s
2026-07-08 19:21:20,217 [tramites.ANTECEDENTES] INFO: Iniciando trámite para CURP GALJ****
2026-07-08 19:21:20,217 [tramites.ANTECEDENTES] INFO: Completado en 0.0s
2026-07-08 19:21:20,236 [tramites.ANTECEDENTES] INFO: Iniciando trámite para CURP GALJ****
2026-07-08 19:21:20,249 [tramites.CitaINE] INFO: Iniciando cita INE...
2026-07-08 19:21:20,250 [tramites.CitaINE] INFO: Cita INE completada en 0.0s
2026-07-08 19:21:20,268 [tramites.CitaSAT] INFO: Iniciando cita SAT...
2026-07-08 19:21:20,269 [tramites.CitaSAT] INFO: Cita SAT completada en 0.0s
2026-07-08 19:21:20,290 [tramites.ControlConfianza] INFO: Iniciando Control de Confianza...
2026-07-08 19:21:20,290 [tramites.ControlConfianza] INFO: Control de Confianza completado en 0.0s
2026-07-08 19:21:20,307 [tramites.Semanas] INFO: Iniciando consulta de semanas cotizadas...
2026-07-08 19:21:20,307 [tramites.Semanas] INFO: Semanas completadas en 0.0s
2026-07-08 19:21:20,322 [tramites.Semanas] INFO: Iniciando consulta de semanas cotizadas...
2026-07-08 19:21:20,322 [tramites.Semanas] ERROR: Error en 0.0s: boom
2026-07-08 19:21:20,332 [tramites.RFC] INFO: Iniciando consulta RFC...
2026-07-08 19:21:20,332 [tramites.RFC] INFO: RFC completado en 0.0s
2026-07-08 19:21:20,351 [tramites.ActaNacimiento] INFO: Iniciando consulta de Acta de Nacimiento...
2026-07-08 19:21:20,352 [tramites.ActaNacimiento] INFO: Acta completada en 0.0s
2026-07-08 19:21:20,372 [tramites.Pasaporte] INFO: Iniciando cita de pasaporte...
2026-07-08 19:21:20,372 [tramites.Pasaporte] INFO: Cita pasaporte completada en 0.0s
2026-07-08 19:25:04,195 [tramites.API] ERROR: Error en consulta CURP
Traceback (most recent call last):
  File "D:\automatizacion\src\api.py", line 237, in consultar_curp
    resultado = await modulo.consultar(curp=req.curp.upper())
                ^^^^^^^^^^^^^^^^^^^^^^^^^^^^^^^^^^^^^^^^^^^^^
  File "C:\Users\MK\AppData\Local\Programs\Python\Python314\Lib\unittest\mock.py", line 2333, in _execute_mock_call
    raise effect
Exception: Mocked module
2026-07-08 19:25:04,242 [tramites.API] ERROR: Error en consulta NSS
Traceback (most recent call last):
  File "D:\automatizacion\src\api.py", line 251, in consultar_nss
    resultado = await modulo.consultar(
                ^^^^^^^^^^^^^^^^^^^^^^^
        curp=req.curp.upper(), correo=req.correo
        ^^^^^^^^^^^^^^^^^^^^^^^^^^^^^^^^^^^^^^^^
    )
    ^
  File "C:\Users\MK\AppData\Local\Programs\Python\Python314\Lib\unittest\mock.py", line 2333, in _execute_mock_call
    raise effect
Exception: Mocked module
2026-07-08 19:25:09,591 [tramites.test_mod] INFO: hello
2026-07-08 19:25:09,593 [tramites.test_mod] ERROR: error!
2026-07-08 19:25:10,612 [tramites.Buro] INFO: Iniciando consulta Buró de Crédito...
2026-07-08 19:25:10,613 [tramites.Buro] INFO: Buró completado en 0.0s
2026-07-08 19:25:10,622 [tramites.Circulo] INFO: Iniciando consulta Círculo de Crédito...
2026-07-08 19:25:10,623 [tramites.Circulo] INFO: Círculo completado en 0.0s
2026-07-08 19:25:10,649 [tramites.Buro] INFO: Iniciando consulta Buró de Crédito...
2026-07-08 19:25:10,650 [tramites.Buro] ERROR: Error en 0.0s: boom
2026-07-08 19:25:10,677 [tramites.CURP] INFO: Iniciando consulta...
2026-07-08 19:25:10,677 [tramites.CURP] INFO: Completado en 0.0s
2026-07-08 19:25:10,692 [tramites.CURP] INFO: Iniciando consulta...
2026-07-08 19:25:10,705 [tramites.CURP] INFO: Iniciando consulta...
2026-07-08 19:25:10,715 [tramites.NSS] INFO: Iniciando consulta para CURP GALJ****
2026-07-08 19:25:10,715 [tramites.NSS] INFO: Completado en 0.0s
2026-07-08 19:25:10,733 [tramites.TENENCIA] INFO: Consultando tenencia para placa ABC123
2026-07-08 19:25:10,733 [tramites.TENENCIA] INFO: Completado en 0.0s
2026-07-08 19:25:10,751 [tramites.ANTECEDENTES] INFO: Iniciando trámite para CURP GALJ****
2026-07-08 19:25:10,752 [tramites.ANTECEDENTES] INFO: Completado en 0.0s
2026-07-08 19:25:10,772 [tramites.ANTECEDENTES] INFO: Iniciando trámite para CURP GALJ****
2026-07-08 19:25:10,783 [tramites.CitaINE] INFO: Iniciando cita INE...
2026-07-08 19:25:10,784 [tramites.CitaINE] INFO: Cita INE completada en 0.0s
2026-07-08 19:25:10,802 [tramites.CitaSAT] INFO: Iniciando cita SAT...
2026-07-08 19:25:10,803 [tramites.CitaSAT] INFO: Cita SAT completada en 0.0s
2026-07-08 19:25:10,821 [tramites.ControlConfianza] INFO: Iniciando Control de Confianza...
2026-07-08 19:25:10,822 [tramites.ControlConfianza] INFO: Control de Confianza completado en 0.0s
2026-07-08 19:25:10,840 [tramites.Semanas] INFO: Iniciando consulta de semanas cotizadas...
2026-07-08 19:25:10,840 [tramites.Semanas] INFO: Semanas completadas en 0.0s
2026-07-08 19:25:10,859 [tramites.Semanas] INFO: Iniciando consulta de semanas cotizadas...
2026-07-08 19:25:10,859 [tramites.Semanas] ERROR: Error en 0.0s: boom
2026-07-08 19:25:10,871 [tramites.RFC] INFO: Iniciando consulta RFC...
2026-07-08 19:25:10,872 [tramites.RFC] INFO: RFC completado en 0.0s
2026-07-08 19:25:10,891 [tramites.ActaNacimiento] INFO: Iniciando consulta de Acta de Nacimiento...
2026-07-08 19:25:10,892 [tramites.ActaNacimiento] INFO: Acta completada en 0.0s
2026-07-08 19:25:10,909 [tramites.Pasaporte] INFO: Iniciando cita de pasaporte...
2026-07-08 19:25:10,909 [tramites.Pasaporte] INFO: Cita pasaporte completada en 0.0s
2026-07-08 19:25:42,440 [tramites.API] ERROR: Error en consulta CURP
Traceback (most recent call last):
  File "D:\automatizacion\src\api.py", line 237, in consultar_curp
    resultado = await modulo.consultar(curp=req.curp.upper())
                ^^^^^^^^^^^^^^^^^^^^^^^^^^^^^^^^^^^^^^^^^^^^^
  File "C:\Users\MK\AppData\Local\Programs\Python\Python314\Lib\unittest\mock.py", line 2333, in _execute_mock_call
    raise effect
Exception: Mocked module
2026-07-08 19:25:42,499 [tramites.API] ERROR: Error en consulta NSS
Traceback (most recent call last):
  File "D:\automatizacion\src\api.py", line 251, in consultar_nss
    resultado = await modulo.consultar(
                ^^^^^^^^^^^^^^^^^^^^^^^
        curp=req.curp.upper(), correo=req.correo
        ^^^^^^^^^^^^^^^^^^^^^^^^^^^^^^^^^^^^^^^^
    )
    ^
  File "C:\Users\MK\AppData\Local\Programs\Python\Python314\Lib\unittest\mock.py", line 2333, in _execute_mock_call
    raise effect
Exception: Mocked module
2026-07-08 19:25:48,642 [tramites.test_mod] INFO: hello
2026-07-08 19:25:48,649 [tramites.test_mod] ERROR: error!
2026-07-08 19:25:50,189 [tramites.Buro] INFO: Iniciando consulta Buró de Crédito...
2026-07-08 19:25:50,190 [tramites.Buro] INFO: Buró completado en 0.0s
2026-07-08 19:25:50,207 [tramites.Circulo] INFO: Iniciando consulta Círculo de Crédito...
2026-07-08 19:25:50,208 [tramites.Circulo] INFO: Círculo completado en 0.0s
2026-07-08 19:25:50,258 [tramites.Buro] INFO: Iniciando consulta Buró de Crédito...
2026-07-08 19:25:50,259 [tramites.Buro] ERROR: Error en 0.0s: boom
2026-07-08 19:25:50,301 [tramites.CURP] INFO: Iniciando consulta...
2026-07-08 19:25:50,302 [tramites.CURP] INFO: Completado en 0.0s
2026-07-08 19:25:50,327 [tramites.CURP] INFO: Iniciando consulta...
2026-07-08 19:25:50,344 [tramites.CURP] INFO: Iniciando consulta...
2026-07-08 19:25:50,361 [tramites.NSS] INFO: Iniciando consulta para CURP GALJ****
2026-07-08 19:25:50,362 [tramites.NSS] INFO: Completado en 0.0s
2026-07-08 19:25:50,392 [tramites.TENENCIA] INFO: Consultando tenencia para placa ABC123
2026-07-08 19:25:50,393 [tramites.TENENCIA] INFO: Completado en 0.0s
2026-07-08 19:25:50,424 [tramites.ANTECEDENTES] INFO: Iniciando trámite para CURP GALJ****
2026-07-08 19:25:50,424 [tramites.ANTECEDENTES] INFO: Completado en 0.0s
2026-07-08 19:25:50,451 [tramites.ANTECEDENTES] INFO: Iniciando trámite para CURP GALJ****
2026-07-08 19:25:50,469 [tramites.CitaINE] INFO: Iniciando cita INE...
2026-07-08 19:25:50,469 [tramites.CitaINE] INFO: Cita INE completada en 0.0s
2026-07-08 19:25:50,496 [tramites.CitaSAT] INFO: Iniciando cita SAT...
2026-07-08 19:25:50,496 [tramites.CitaSAT] INFO: Cita SAT completada en 0.0s
2026-07-08 19:25:50,526 [tramites.ControlConfianza] INFO: Iniciando Control de Confianza...
2026-07-08 19:25:50,527 [tramites.ControlConfianza] INFO: Control de Confianza completado en 0.0s
2026-07-08 19:25:50,559 [tramites.Semanas] INFO: Iniciando consulta de semanas cotizadas...
2026-07-08 19:25:50,560 [tramites.Semanas] INFO: Semanas completadas en 0.0s
2026-07-08 19:25:50,588 [tramites.Semanas] INFO: Iniciando consulta de semanas cotizadas...
2026-07-08 19:25:50,588 [tramites.Semanas] ERROR: Error en 0.0s: boom
2026-07-08 19:25:50,604 [tramites.RFC] INFO: Iniciando consulta RFC...
2026-07-08 19:25:50,605 [tramites.RFC] INFO: RFC completado en 0.0s
2026-07-08 19:25:50,633 [tramites.ActaNacimiento] INFO: Iniciando consulta de Acta de Nacimiento...
2026-07-08 19:25:50,634 [tramites.ActaNacimiento] INFO: Acta completada en 0.0s
2026-07-08 19:25:50,663 [tramites.Pasaporte] INFO: Iniciando cita de pasaporte...
2026-07-08 19:25:50,664 [tramites.Pasaporte] INFO: Cita pasaporte completada en 0.0s
2026-07-08 19:26:26,832 [tramites.API] ERROR: Error en consulta CURP
Traceback (most recent call last):
  File "D:\automatizacion\src\api.py", line 237, in consultar_curp
    resultado = await modulo.consultar(curp=req.curp.upper())
                ^^^^^^^^^^^^^^^^^^^^^^^^^^^^^^^^^^^^^^^^^^^^^
  File "C:\Users\MK\AppData\Local\Programs\Python\Python314\Lib\unittest\mock.py", line 2333, in _execute_mock_call
    raise effect
Exception: Mocked module
2026-07-08 19:26:26,892 [tramites.API] ERROR: Error en consulta NSS
Traceback (most recent call last):
  File "D:\automatizacion\src\api.py", line 251, in consultar_nss
    resultado = await modulo.consultar(
                ^^^^^^^^^^^^^^^^^^^^^^^
        curp=req.curp.upper(), correo=req.correo
        ^^^^^^^^^^^^^^^^^^^^^^^^^^^^^^^^^^^^^^^^
    )
    ^
  File "C:\Users\MK\AppData\Local\Programs\Python\Python314\Lib\unittest\mock.py", line 2333, in _execute_mock_call
    raise effect
Exception: Mocked module
2026-07-08 19:26:32,510 [tramites.test_mod] INFO: hello
2026-07-08 19:26:32,513 [tramites.test_mod] ERROR: error!
2026-07-08 19:26:33,816 [tramites.Buro] INFO: Iniciando consulta Buró de Crédito...
2026-07-08 19:26:33,816 [tramites.Buro] INFO: Buró completado en 0.0s
2026-07-08 19:26:33,828 [tramites.Circulo] INFO: Iniciando consulta Círculo de Crédito...
2026-07-08 19:26:33,828 [tramites.Circulo] INFO: Círculo completado en 0.0s
2026-07-08 19:26:33,867 [tramites.Buro] INFO: Iniciando consulta Buró de Crédito...
2026-07-08 19:26:33,868 [tramites.Buro] ERROR: Error en 0.0s: boom
2026-07-08 19:26:33,898 [tramites.CURP] INFO: Iniciando consulta...
2026-07-08 19:26:33,898 [tramites.CURP] INFO: Completado en 0.0s
2026-07-08 19:26:33,917 [tramites.CURP] INFO: Iniciando consulta...
2026-07-08 19:26:33,929 [tramites.CURP] INFO: Iniciando consulta...
2026-07-08 19:26:33,944 [tramites.NSS] INFO: Iniciando consulta para CURP GALJ****
2026-07-08 19:26:33,945 [tramites.NSS] INFO: Completado en 0.0s
2026-07-08 19:26:33,972 [tramites.TENENCIA] INFO: Consultando tenencia para placa ABC123
2026-07-08 19:26:33,973 [tramites.TENENCIA] INFO: Completado en 0.0s
2026-07-08 19:26:33,994 [tramites.ANTECEDENTES] INFO: Iniciando trámite para CURP GALJ****
2026-07-08 19:26:33,994 [tramites.ANTECEDENTES] INFO: Completado en 0.0s
2026-07-08 19:26:34,014 [tramites.ANTECEDENTES] INFO: Iniciando trámite para CURP GALJ****
2026-07-08 19:26:34,027 [tramites.CitaINE] INFO: Iniciando cita INE...
2026-07-08 19:26:34,027 [tramites.CitaINE] INFO: Cita INE completada en 0.0s
2026-07-08 19:26:34,050 [tramites.CitaSAT] INFO: Iniciando cita SAT...
2026-07-08 19:26:34,050 [tramites.CitaSAT] INFO: Cita SAT completada en 0.0s
2026-07-08 19:26:34,074 [tramites.ControlConfianza] INFO: Iniciando Control de Confianza...
2026-07-08 19:26:34,075 [tramites.ControlConfianza] INFO: Control de Confianza completado en 0.0s
2026-07-08 19:26:34,096 [tramites.Semanas] INFO: Iniciando consulta de semanas cotizadas...
2026-07-08 19:26:34,096 [tramites.Semanas] INFO: Semanas completadas en 0.0s
2026-07-08 19:26:34,120 [tramites.Semanas] INFO: Iniciando consulta de semanas cotizadas...
2026-07-08 19:26:34,120 [tramites.Semanas] ERROR: Error en 0.0s: boom
2026-07-08 19:26:34,133 [tramites.RFC] INFO: Iniciando consulta RFC...
2026-07-08 19:26:34,133 [tramites.RFC] INFO: RFC completado en 0.0s
2026-07-08 19:26:34,157 [tramites.ActaNacimiento] INFO: Iniciando consulta de Acta de Nacimiento...
2026-07-08 19:26:34,158 [tramites.ActaNacimiento] INFO: Acta completada en 0.0s
2026-07-08 19:26:34,182 [tramites.Pasaporte] INFO: Iniciando cita de pasaporte...
2026-07-08 19:26:34,183 [tramites.Pasaporte] INFO: Cita pasaporte completada en 0.0s
2026-07-08 19:44:31,507 [tramites.API] ERROR: Error en consulta CURP
Traceback (most recent call last):
  File "D:\automatizacion\src\api.py", line 237, in consultar_curp
    resultado = await modulo.consultar(curp=req.curp.upper())
                ^^^^^^^^^^^^^^^^^^^^^^^^^^^^^^^^^^^^^^^^^^^^^
  File "C:\Users\MK\AppData\Local\Programs\Python\Python314\Lib\unittest\mock.py", line 2333, in _execute_mock_call
    raise effect
Exception: Mocked module
2026-07-08 19:44:31,557 [tramites.API] ERROR: Error en consulta NSS
Traceback (most recent call last):
  File "D:\automatizacion\src\api.py", line 251, in consultar_nss
    resultado = await modulo.consultar(
                ^^^^^^^^^^^^^^^^^^^^^^^
        curp=req.curp.upper(), correo=req.correo
        ^^^^^^^^^^^^^^^^^^^^^^^^^^^^^^^^^^^^^^^^
    )
    ^
  File "C:\Users\MK\AppData\Local\Programs\Python\Python314\Lib\unittest\mock.py", line 2333, in _execute_mock_call
    raise effect
Exception: Mocked module
2026-07-08 19:44:37,832 [tramites.test_mod] INFO: hello
2026-07-08 19:44:37,840 [tramites.test_mod] ERROR: error!
2026-07-08 19:44:41,470 [tramites.Buro] INFO: Iniciando consulta Buró de Crédito...
2026-07-08 19:44:41,471 [tramites.Buro] INFO: Buró completado en 0.0s
2026-07-08 19:44:41,481 [tramites.Circulo] INFO: Iniciando consulta Círculo de Crédito...
2026-07-08 19:44:41,482 [tramites.Circulo] INFO: Círculo completado en 0.0s
2026-07-08 19:44:41,525 [tramites.Buro] INFO: Iniciando consulta Buró de Crédito...
2026-07-08 19:44:41,526 [tramites.Buro] ERROR: Error en 0.0s: boom
2026-07-08 19:44:41,584 [tramites.CURP] INFO: Iniciando consulta...
2026-07-08 19:44:41,585 [tramites.CURP] INFO: Completado en 0.0s
2026-07-08 19:44:41,607 [tramites.CURP] INFO: Iniciando consulta...
2026-07-08 19:44:41,618 [tramites.CURP] INFO: Iniciando consulta...
2026-07-08 19:44:41,665 [tramites.NSS] INFO: Iniciando consulta para CURP GALJ****
2026-07-08 19:44:41,665 [tramites.NSS] INFO: Completado en 0.0s
2026-07-08 19:44:41,705 [tramites.TENENCIA] INFO: Consultando tenencia para placa ABC123
2026-07-08 19:44:41,705 [tramites.TENENCIA] INFO: Completado en 0.0s
2026-07-08 19:44:41,749 [tramites.ANTECEDENTES] INFO: Iniciando trámite para CURP GALJ****
2026-07-08 19:44:41,749 [tramites.ANTECEDENTES] INFO: Completado en 0.0s
2026-07-08 19:44:41,769 [tramites.ANTECEDENTES] INFO: Iniciando trámite para CURP GALJ****
2026-07-08 19:44:41,806 [tramites.CitaINE] INFO: Iniciando cita INE...
2026-07-08 19:44:41,807 [tramites.CitaINE] INFO: Cita INE completada en 0.0s
2026-07-08 19:44:41,859 [tramites.CitaSAT] INFO: Iniciando cita SAT...
2026-07-08 19:44:41,860 [tramites.CitaSAT] INFO: Cita SAT completada en 0.0s
2026-07-08 19:44:41,910 [tramites.ControlConfianza] INFO: Iniciando Control de Confianza...
2026-07-08 19:44:41,911 [tramites.ControlConfianza] INFO: Control de Confianza completado en 0.0s
2026-07-08 19:44:41,951 [tramites.Semanas] INFO: Iniciando consulta de semanas cotizadas...
2026-07-08 19:44:41,952 [tramites.Semanas] INFO: Semanas completadas en 0.0s
2026-07-08 19:44:41,976 [tramites.Semanas] INFO: Iniciando consulta de semanas cotizadas...
2026-07-08 19:44:41,976 [tramites.Semanas] ERROR: Error en 0.0s: boom
2026-07-08 19:44:42,010 [tramites.RFC] INFO: Iniciando consulta RFC...
2026-07-08 19:44:42,011 [tramites.RFC] INFO: RFC completado en 0.0s
2026-07-08 19:44:42,048 [tramites.ActaNacimiento] INFO: Iniciando consulta de Acta de Nacimiento...
2026-07-08 19:44:42,049 [tramites.ActaNacimiento] INFO: Acta completada en 0.0s
2026-07-08 19:44:42,099 [tramites.Pasaporte] INFO: Iniciando cita de pasaporte...
2026-07-08 19:44:42,100 [tramites.Pasaporte] INFO: Cita pasaporte completada en 0.0s
2026-07-08 19:50:00,219 [tramites.API] ERROR: Error en consulta CURP
Traceback (most recent call last):
  File "D:\automatizacion\src\api.py", line 237, in consultar_curp
    resultado = await modulo.consultar(curp=req.curp.upper())
                ^^^^^^^^^^^^^^^^^^^^^^^^^^^^^^^^^^^^^^^^^^^^^
  File "C:\Users\MK\AppData\Local\Programs\Python\Python314\Lib\unittest\mock.py", line 2333, in _execute_mock_call
    raise effect
Exception: Mocked module
2026-07-08 19:50:00,265 [tramites.API] ERROR: Error en consulta NSS
Traceback (most recent call last):
  File "D:\automatizacion\src\api.py", line 251, in consultar_nss
    resultado = await modulo.consultar(
                ^^^^^^^^^^^^^^^^^^^^^^^
        curp=req.curp.upper(), correo=req.correo
        ^^^^^^^^^^^^^^^^^^^^^^^^^^^^^^^^^^^^^^^^
    )
    ^
  File "C:\Users\MK\AppData\Local\Programs\Python\Python314\Lib\unittest\mock.py", line 2333, in _execute_mock_call
    raise effect
Exception: Mocked module
2026-07-08 19:50:06,075 [tramites.test_mod] INFO: hello
2026-07-08 19:50:06,081 [tramites.test_mod] ERROR: error!
2026-07-08 19:50:09,312 [tramites.Buro] INFO: Iniciando consulta Buró de Crédito...
2026-07-08 19:50:09,312 [tramites.Buro] INFO: Buró completado en 0.0s
2026-07-08 19:50:09,320 [tramites.Circulo] INFO: Iniciando consulta Círculo de Crédito...
2026-07-08 19:50:09,321 [tramites.Circulo] INFO: Círculo completado en 0.0s
2026-07-08 19:50:09,347 [tramites.Buro] INFO: Iniciando consulta Buró de Crédito...
2026-07-08 19:50:09,347 [tramites.Buro] ERROR: Error en 0.0s: boom
2026-07-08 19:50:09,413 [tramites.CURP] INFO: Iniciando consulta...
2026-07-08 19:50:09,414 [tramites.CURP] INFO: Completado en 0.0s
2026-07-08 19:50:09,443 [tramites.CURP] INFO: Iniciando consulta...
2026-07-08 19:50:09,460 [tramites.CURP] INFO: Iniciando consulta...
2026-07-08 19:50:09,507 [tramites.NSS] INFO: Iniciando consulta para CURP GALJ****
2026-07-08 19:50:09,508 [tramites.NSS] INFO: Completado en 0.0s
2026-07-08 19:50:09,541 [tramites.TENENCIA] INFO: Consultando tenencia para placa ABC123
2026-07-08 19:50:09,542 [tramites.TENENCIA] INFO: Completado en 0.0s
2026-07-08 19:50:09,581 [tramites.ANTECEDENTES] INFO: Iniciando trámite para CURP GALJ****
2026-07-08 19:50:09,581 [tramites.ANTECEDENTES] INFO: Completado en 0.0s
2026-07-08 19:50:09,596 [tramites.ANTECEDENTES] INFO: Iniciando trámite para CURP GALJ****
2026-07-08 19:50:09,618 [tramites.CitaINE] INFO: Iniciando cita INE...
2026-07-08 19:50:09,618 [tramites.CitaINE] INFO: Cita INE completada en 0.0s
2026-07-08 19:50:09,660 [tramites.CitaSAT] INFO: Iniciando cita SAT...
2026-07-08 19:50:09,661 [tramites.CitaSAT] INFO: Cita SAT completada en 0.0s
2026-07-08 19:50:09,717 [tramites.ControlConfianza] INFO: Iniciando Control de Confianza...
2026-07-08 19:50:09,718 [tramites.ControlConfianza] INFO: Control de Confianza completado en 0.0s
2026-07-08 19:50:09,778 [tramites.Semanas] INFO: Iniciando consulta de semanas cotizadas...
2026-07-08 19:50:09,779 [tramites.Semanas] INFO: Semanas completadas en 0.0s
2026-07-08 19:50:09,807 [tramites.Semanas] INFO: Iniciando consulta de semanas cotizadas...
2026-07-08 19:50:09,807 [tramites.Semanas] ERROR: Error en 0.0s: boom
2026-07-08 19:50:09,845 [tramites.RFC] INFO: Iniciando consulta RFC...
2026-07-08 19:50:09,846 [tramites.RFC] INFO: RFC completado en 0.0s
2026-07-08 19:50:09,900 [tramites.ActaNacimiento] INFO: Iniciando consulta de Acta de Nacimiento...
2026-07-08 19:50:09,901 [tramites.ActaNacimiento] INFO: Acta completada en 0.0s
2026-07-08 19:50:09,947 [tramites.Pasaporte] INFO: Iniciando cita de pasaporte...
2026-07-08 19:50:09,947 [tramites.Pasaporte] INFO: Cita pasaporte completada en 0.0s
2026-07-08 19:52:13,932 [tramites.API] ERROR: Error en consulta CURP
Traceback (most recent call last):
  File "D:\automatizacion\src\api.py", line 237, in consultar_curp
    resultado = await modulo.consultar(curp=req.curp.upper())
                ^^^^^^^^^^^^^^^^^^^^^^^^^^^^^^^^^^^^^^^^^^^^^
  File "C:\Users\MK\AppData\Local\Programs\Python\Python314\Lib\unittest\mock.py", line 2333, in _execute_mock_call
    raise effect
Exception: Mocked module
2026-07-08 19:52:13,968 [tramites.API] ERROR: Error en consulta NSS
Traceback (most recent call last):
  File "D:\automatizacion\src\api.py", line 251, in consultar_nss
    resultado = await modulo.consultar(
                ^^^^^^^^^^^^^^^^^^^^^^^
        curp=req.curp.upper(), correo=req.correo
        ^^^^^^^^^^^^^^^^^^^^^^^^^^^^^^^^^^^^^^^^
    )
    ^
  File "C:\Users\MK\AppData\Local\Programs\Python\Python314\Lib\unittest\mock.py", line 2333, in _execute_mock_call
    raise effect
Exception: Mocked module
2026-07-08 19:52:19,096 [tramites.test_mod] INFO: hello
2026-07-08 19:52:19,099 [tramites.test_mod] ERROR: error!
2026-07-08 19:52:20,288 [tramites.Buro] INFO: Iniciando consulta Buró de Crédito...
2026-07-08 19:52:20,288 [tramites.Buro] INFO: Buró completado en 0.0s
2026-07-08 19:52:20,299 [tramites.Circulo] INFO: Iniciando consulta Círculo de Crédito...
2026-07-08 19:52:20,300 [tramites.Circulo] INFO: Círculo completado en 0.0s
2026-07-08 19:52:20,331 [tramites.Buro] INFO: Iniciando consulta Buró de Crédito...
2026-07-08 19:52:20,332 [tramites.Buro] ERROR: Error en 0.0s: boom
2026-07-08 19:52:20,353 [tramites.CURP] INFO: Iniciando consulta...
2026-07-08 19:52:20,354 [tramites.CURP] INFO: Completado en 0.0s
2026-07-08 19:52:20,372 [tramites.CURP] INFO: Iniciando consulta...
2026-07-08 19:52:20,382 [tramites.CURP] INFO: Iniciando consulta...
2026-07-08 19:52:20,392 [tramites.NSS] INFO: Iniciando consulta para CURP GALJ****
2026-07-08 19:52:20,392 [tramites.NSS] INFO: Completado en 0.0s
2026-07-08 19:52:20,412 [tramites.TENENCIA] INFO: Consultando tenencia para placa ABC123
2026-07-08 19:52:20,412 [tramites.TENENCIA] INFO: Completado en 0.0s
2026-07-08 19:52:20,430 [tramites.ANTECEDENTES] INFO: Iniciando trámite para CURP GALJ****
2026-07-08 19:52:20,431 [tramites.ANTECEDENTES] INFO: Completado en 0.0s
2026-07-08 19:52:20,448 [tramites.ANTECEDENTES] INFO: Iniciando trámite para CURP GALJ****
2026-07-08 19:52:20,459 [tramites.CitaINE] INFO: Iniciando cita INE...
2026-07-08 19:52:20,460 [tramites.CitaINE] INFO: Cita INE completada en 0.0s
2026-07-08 19:52:20,477 [tramites.CitaSAT] INFO: Iniciando cita SAT...
2026-07-08 19:52:20,478 [tramites.CitaSAT] INFO: Cita SAT completada en 0.0s
2026-07-08 19:52:20,493 [tramites.ControlConfianza] INFO: Iniciando Control de Confianza...
2026-07-08 19:52:20,493 [tramites.ControlConfianza] INFO: Control de Confianza completado en 0.0s
2026-07-08 19:52:20,514 [tramites.Semanas] INFO: Iniciando consulta de semanas cotizadas...
2026-07-08 19:52:20,514 [tramites.Semanas] INFO: Semanas completadas en 0.0s
2026-07-08 19:52:20,531 [tramites.Semanas] INFO: Iniciando consulta de semanas cotizadas...
2026-07-08 19:52:20,531 [tramites.Semanas] ERROR: Error en 0.0s: boom
2026-07-08 19:52:20,544 [tramites.RFC] INFO: Iniciando consulta RFC...
2026-07-08 19:52:20,544 [tramites.RFC] INFO: RFC completado en 0.0s
2026-07-08 19:52:20,561 [tramites.ActaNacimiento] INFO: Iniciando consulta de Acta de Nacimiento...
2026-07-08 19:52:20,562 [tramites.ActaNacimiento] INFO: Acta completada en 0.0s
2026-07-08 19:52:20,583 [tramites.Pasaporte] INFO: Iniciando cita de pasaporte...
2026-07-08 19:52:20,583 [tramites.Pasaporte] INFO: Cita pasaporte completada en 0.0s
2026-07-08 19:53:05,105 [tramites.API] ERROR: Error en consulta CURP
Traceback (most recent call last):
  File "D:\automatizacion\src\api.py", line 237, in consultar_curp
    resultado = await modulo.consultar(curp=req.curp.upper())
                ^^^^^^^^^^^^^^^^^^^^^^^^^^^^^^^^^^^^^^^^^^^^^
  File "C:\Users\MK\AppData\Local\Programs\Python\Python314\Lib\unittest\mock.py", line 2333, in _execute_mock_call
    raise effect
Exception: Mocked module
2026-07-08 19:53:05,155 [tramites.API] ERROR: Error en consulta NSS
Traceback (most recent call last):
  File "D:\automatizacion\src\api.py", line 251, in consultar_nss
    resultado = await modulo.consultar(
                ^^^^^^^^^^^^^^^^^^^^^^^
        curp=req.curp.upper(), correo=req.correo
        ^^^^^^^^^^^^^^^^^^^^^^^^^^^^^^^^^^^^^^^^
    )
    ^
  File "C:\Users\MK\AppData\Local\Programs\Python\Python314\Lib\unittest\mock.py", line 2333, in _execute_mock_call
    raise effect
Exception: Mocked module
2026-07-08 19:53:11,112 [tramites.test_mod] INFO: hello
2026-07-08 19:53:11,116 [tramites.test_mod] ERROR: error!
2026-07-08 19:53:14,281 [tramites.Buro] INFO: Iniciando consulta Buró de Crédito...
2026-07-08 19:53:14,282 [tramites.Buro] INFO: Buró completado en 0.0s
2026-07-08 19:53:14,293 [tramites.Circulo] INFO: Iniciando consulta Círculo de Crédito...
2026-07-08 19:53:14,294 [tramites.Circulo] INFO: Círculo completado en 0.0s
2026-07-08 19:53:14,324 [tramites.Buro] INFO: Iniciando consulta Buró de Crédito...
2026-07-08 19:53:14,324 [tramites.Buro] ERROR: Error en 0.0s: boom
2026-07-08 19:53:14,375 [tramites.CURP] INFO: Iniciando consulta...
2026-07-08 19:53:14,375 [tramites.CURP] INFO: Completado en 0.0s
2026-07-08 19:53:14,394 [tramites.CURP] INFO: Iniciando consulta...
2026-07-08 19:53:14,403 [tramites.CURP] INFO: Iniciando consulta...
2026-07-08 19:53:14,444 [tramites.NSS] INFO: Iniciando consulta para CURP GALJ****
2026-07-08 19:53:14,444 [tramites.NSS] INFO: Completado en 0.0s
2026-07-08 19:53:14,485 [tramites.TENENCIA] INFO: Consultando tenencia para placa ABC123
2026-07-08 19:53:14,485 [tramites.TENENCIA] INFO: Completado en 0.0s
2026-07-08 19:53:14,520 [tramites.ANTECEDENTES] INFO: Iniciando trámite para CURP GALJ****
2026-07-08 19:53:14,520 [tramites.ANTECEDENTES] INFO: Completado en 0.0s
2026-07-08 19:53:14,543 [tramites.ANTECEDENTES] INFO: Iniciando trámite para CURP GALJ****
2026-07-08 19:53:14,568 [tramites.CitaINE] INFO: Iniciando cita INE...
2026-07-08 19:53:14,568 [tramites.CitaINE] INFO: Cita INE completada en 0.0s
2026-07-08 19:53:14,602 [tramites.CitaSAT] INFO: Iniciando cita SAT...
2026-07-08 19:53:14,602 [tramites.CitaSAT] INFO: Cita SAT completada en 0.0s
2026-07-08 19:53:14,640 [tramites.ControlConfianza] INFO: Iniciando Control de Confianza...
2026-07-08 19:53:14,640 [tramites.ControlConfianza] INFO: Control de Confianza completado en 0.0s
2026-07-08 19:53:14,678 [tramites.Semanas] INFO: Iniciando consulta de semanas cotizadas...
2026-07-08 19:53:14,678 [tramites.Semanas] INFO: Semanas completadas en 0.0s
2026-07-08 19:53:14,701 [tramites.Semanas] INFO: Iniciando consulta de semanas cotizadas...
2026-07-08 19:53:14,701 [tramites.Semanas] ERROR: Error en 0.0s: boom
2026-07-08 19:53:14,727 [tramites.RFC] INFO: Iniciando consulta RFC...
2026-07-08 19:53:14,728 [tramites.RFC] INFO: RFC completado en 0.0s
2026-07-08 19:53:14,761 [tramites.ActaNacimiento] INFO: Iniciando consulta de Acta de Nacimiento...
2026-07-08 19:53:14,762 [tramites.ActaNacimiento] INFO: Acta completada en 0.0s
2026-07-08 19:53:14,806 [tramites.Pasaporte] INFO: Iniciando cita de pasaporte...
2026-07-08 19:53:14,806 [tramites.Pasaporte] INFO: Cita pasaporte completada en 0.0s
2026-07-08 20:08:31,675 [tramites.API] ERROR: Error en consulta CURP
Traceback (most recent call last):
  File "D:\automatizacion\src\api.py", line 237, in consultar_curp
    resultado = await modulo.consultar(curp=req.curp.upper())
                ^^^^^^^^^^^^^^^^^^^^^^^^^^^^^^^^^^^^^^^^^^^^^
  File "C:\Users\MK\AppData\Local\Programs\Python\Python314\Lib\unittest\mock.py", line 2333, in _execute_mock_call
    raise effect
Exception: Mocked module
2026-07-08 20:08:31,716 [tramites.API] ERROR: Error en consulta NSS
Traceback (most recent call last):
  File "D:\automatizacion\src\api.py", line 251, in consultar_nss
    resultado = await modulo.consultar(
                ^^^^^^^^^^^^^^^^^^^^^^^
        curp=req.curp.upper(), correo=req.correo
        ^^^^^^^^^^^^^^^^^^^^^^^^^^^^^^^^^^^^^^^^
    )
    ^
  File "C:\Users\MK\AppData\Local\Programs\Python\Python314\Lib\unittest\mock.py", line 2333, in _execute_mock_call
    raise effect
Exception: Mocked module
2026-07-08 20:08:36,950 [tramites.test_mod] INFO: hello
2026-07-08 20:08:36,952 [tramites.test_mod] ERROR: error!
2026-07-08 20:08:38,255 [tramites.Buro] INFO: Iniciando consulta Buró de Crédito...
2026-07-08 20:08:38,256 [tramites.Buro] INFO: Buró completado en 0.0s
2026-07-08 20:08:38,273 [tramites.Circulo] INFO: Iniciando consulta Círculo de Crédito...
2026-07-08 20:08:38,273 [tramites.Circulo] INFO: Círculo completado en 0.0s
2026-07-08 20:08:38,319 [tramites.Buro] INFO: Iniciando consulta Buró de Crédito...
2026-07-08 20:08:38,320 [tramites.Buro] ERROR: Error en 0.0s: boom
2026-07-08 20:08:38,357 [tramites.CURP] INFO: Iniciando consulta...
2026-07-08 20:08:38,357 [tramites.CURP] INFO: Completado en 0.0s
2026-07-08 20:08:38,386 [tramites.CURP] INFO: Iniciando consulta...
2026-07-08 20:08:38,405 [tramites.CURP] INFO: Iniciando consulta...
2026-07-08 20:08:38,423 [tramites.NSS] INFO: Iniciando consulta para CURP GALJ****
2026-07-08 20:08:38,423 [tramites.NSS] INFO: Completado en 0.0s
2026-07-08 20:08:38,448 [tramites.TENENCIA] INFO: Consultando tenencia para placa ABC123
2026-07-08 20:08:38,449 [tramites.TENENCIA] INFO: Completado en 0.0s
2026-07-08 20:08:38,474 [tramites.ANTECEDENTES] INFO: Iniciando trámite para CURP GALJ****
2026-07-08 20:08:38,475 [tramites.ANTECEDENTES] INFO: Completado en 0.0s
2026-07-08 20:08:38,497 [tramites.ANTECEDENTES] INFO: Iniciando trámite para CURP GALJ****
2026-07-08 20:08:38,512 [tramites.CitaINE] INFO: Iniciando cita INE...
2026-07-08 20:08:38,512 [tramites.CitaINE] INFO: Cita INE completada en 0.0s
2026-07-08 20:08:38,531 [tramites.CitaSAT] INFO: Iniciando cita SAT...
2026-07-08 20:08:38,532 [tramites.CitaSAT] INFO: Cita SAT completada en 0.0s
2026-07-08 20:08:38,549 [tramites.ControlConfianza] INFO: Iniciando Control de Confianza...
2026-07-08 20:08:38,550 [tramites.ControlConfianza] INFO: Control de Confianza completado en 0.0s
2026-07-08 20:08:38,571 [tramites.Semanas] INFO: Iniciando consulta de semanas cotizadas...
2026-07-08 20:08:38,571 [tramites.Semanas] INFO: Semanas completadas en 0.0s
2026-07-08 20:08:38,589 [tramites.Semanas] INFO: Iniciando consulta de semanas cotizadas...
2026-07-08 20:08:38,589 [tramites.Semanas] ERROR: Error en 0.0s: boom
2026-07-08 20:08:38,600 [tramites.RFC] INFO: Iniciando consulta RFC...
2026-07-08 20:08:38,600 [tramites.RFC] INFO: RFC completado en 0.0s
2026-07-08 20:08:38,620 [tramites.ActaNacimiento] INFO: Iniciando consulta de Acta de Nacimiento...
2026-07-08 20:08:38,621 [tramites.ActaNacimiento] INFO: Acta completada en 0.0s
2026-07-08 20:08:38,639 [tramites.Pasaporte] INFO: Iniciando cita de pasaporte...
2026-07-08 20:08:38,640 [tramites.Pasaporte] INFO: Cita pasaporte completada en 0.0s
2026-07-08 20:09:11,388 [tramites.API] ERROR: Error en consulta CURP
Traceback (most recent call last):
  File "D:\automatizacion\src\api.py", line 237, in consultar_curp
    resultado = await modulo.consultar(curp=req.curp.upper())
                ^^^^^^^^^^^^^^^^^^^^^^^^^^^^^^^^^^^^^^^^^^^^^
  File "C:\Users\MK\AppData\Local\Programs\Python\Python314\Lib\unittest\mock.py", line 2333, in _execute_mock_call
    raise effect
Exception: Mocked module
2026-07-08 20:09:11,424 [tramites.API] ERROR: Error en consulta NSS
Traceback (most recent call last):
  File "D:\automatizacion\src\api.py", line 251, in consultar_nss
    resultado = await modulo.consultar(
                ^^^^^^^^^^^^^^^^^^^^^^^
        curp=req.curp.upper(), correo=req.correo
        ^^^^^^^^^^^^^^^^^^^^^^^^^^^^^^^^^^^^^^^^
    )
    ^
  File "C:\Users\MK\AppData\Local\Programs\Python\Python314\Lib\unittest\mock.py", line 2333, in _execute_mock_call
    raise effect
Exception: Mocked module
2026-07-08 20:09:16,767 [tramites.test_mod] INFO: hello
2026-07-08 20:09:16,770 [tramites.test_mod] ERROR: error!
2026-07-08 20:09:17,947 [tramites.Buro] INFO: Iniciando consulta Buró de Crédito...
2026-07-08 20:09:17,948 [tramites.Buro] INFO: Buró completado en 0.0s
2026-07-08 20:09:17,957 [tramites.Circulo] INFO: Iniciando consulta Círculo de Crédito...
2026-07-08 20:09:17,958 [tramites.Circulo] INFO: Círculo completado en 0.0s
2026-07-08 20:09:17,989 [tramites.Buro] INFO: Iniciando consulta Buró de Crédito...
2026-07-08 20:09:17,990 [tramites.Buro] ERROR: Error en 0.0s: boom
2026-07-08 20:09:18,020 [tramites.CURP] INFO: Iniciando consulta...
2026-07-08 20:09:18,021 [tramites.CURP] INFO: Completado en 0.0s
2026-07-08 20:09:18,046 [tramites.CURP] INFO: Iniciando consulta...
2026-07-08 20:09:18,062 [tramites.CURP] INFO: Iniciando consulta...
2026-07-08 20:09:18,078 [tramites.NSS] INFO: Iniciando consulta para CURP GALJ****
2026-07-08 20:09:18,079 [tramites.NSS] INFO: Completado en 0.0s
2026-07-08 20:09:18,112 [tramites.TENENCIA] INFO: Consultando tenencia para placa ABC123
2026-07-08 20:09:18,113 [tramites.TENENCIA] INFO: Completado en 0.0s
2026-07-08 20:09:18,148 [tramites.ANTECEDENTES] INFO: Iniciando trámite para CURP GALJ****
2026-07-08 20:09:18,149 [tramites.ANTECEDENTES] INFO: Completado en 0.0s
2026-07-08 20:09:18,183 [tramites.ANTECEDENTES] INFO: Iniciando trámite para CURP GALJ****
2026-07-08 20:09:18,206 [tramites.CitaINE] INFO: Iniciando cita INE...
2026-07-08 20:09:18,207 [tramites.CitaINE] INFO: Cita INE completada en 0.0s
2026-07-08 20:09:18,241 [tramites.CitaSAT] INFO: Iniciando cita SAT...
2026-07-08 20:09:18,242 [tramites.CitaSAT] INFO: Cita SAT completada en 0.0s
2026-07-08 20:09:18,271 [tramites.ControlConfianza] INFO: Iniciando Control de Confianza...
2026-07-08 20:09:18,272 [tramites.ControlConfianza] INFO: Control de Confianza completado en 0.0s
2026-07-08 20:09:18,301 [tramites.Semanas] INFO: Iniciando consulta de semanas cotizadas...
2026-07-08 20:09:18,302 [tramites.Semanas] INFO: Semanas completadas en 0.0s
2026-07-08 20:09:18,327 [tramites.Semanas] INFO: Iniciando consulta de semanas cotizadas...
2026-07-08 20:09:18,328 [tramites.Semanas] ERROR: Error en 0.0s: boom
2026-07-08 20:09:18,345 [tramites.RFC] INFO: Iniciando consulta RFC...
2026-07-08 20:09:18,346 [tramites.RFC] INFO: RFC completado en 0.0s
2026-07-08 20:09:18,374 [tramites.ActaNacimiento] INFO: Iniciando consulta de Acta de Nacimiento...
2026-07-08 20:09:18,375 [tramites.ActaNacimiento] INFO: Acta completada en 0.0s
2026-07-08 20:09:18,405 [tramites.Pasaporte] INFO: Iniciando cita de pasaporte...
2026-07-08 20:09:18,406 [tramites.Pasaporte] INFO: Cita pasaporte completada en 0.0s
2026-07-08 20:14:40,214 [tramites.API] ERROR: Error en consulta CURP
Traceback (most recent call last):
  File "D:\automatizacion\src\api.py", line 237, in consultar_curp
    resultado = await modulo.consultar(curp=req.curp.upper())
                ^^^^^^^^^^^^^^^^^^^^^^^^^^^^^^^^^^^^^^^^^^^^^
  File "C:\Users\MK\AppData\Local\Programs\Python\Python314\Lib\unittest\mock.py", line 2333, in _execute_mock_call
    raise effect
Exception: Mocked module
2026-07-08 20:14:40,255 [tramites.API] ERROR: Error en consulta NSS
Traceback (most recent call last):
  File "D:\automatizacion\src\api.py", line 251, in consultar_nss
    resultado = await modulo.consultar(
                ^^^^^^^^^^^^^^^^^^^^^^^
        curp=req.curp.upper(), correo=req.correo
        ^^^^^^^^^^^^^^^^^^^^^^^^^^^^^^^^^^^^^^^^
    )
    ^
  File "C:\Users\MK\AppData\Local\Programs\Python\Python314\Lib\unittest\mock.py", line 2333, in _execute_mock_call
    raise effect
Exception: Mocked module
2026-07-08 20:14:45,623 [tramites.test_mod] INFO: hello
2026-07-08 20:14:45,627 [tramites.test_mod] ERROR: error!
2026-07-08 20:14:46,947 [tramites.Buro] INFO: Iniciando consulta Buró de Crédito...
2026-07-08 20:14:46,947 [tramites.Buro] INFO: Buró completado en 0.0s
2026-07-08 20:14:46,957 [tramites.Circulo] INFO: Iniciando consulta Círculo de Crédito...
2026-07-08 20:14:46,958 [tramites.Circulo] INFO: Círculo completado en 0.0s
2026-07-08 20:14:46,989 [tramites.Buro] INFO: Iniciando consulta Buró de Crédito...
2026-07-08 20:14:46,989 [tramites.Buro] ERROR: Error en 0.0s: boom
2026-07-08 20:14:47,019 [tramites.CURP] INFO: Iniciando consulta...
2026-07-08 20:14:47,020 [tramites.CURP] INFO: Completado en 0.0s
2026-07-08 20:14:47,046 [tramites.CURP] INFO: Iniciando consulta...
2026-07-08 20:14:47,062 [tramites.CURP] INFO: Iniciando consulta...
2026-07-08 20:14:47,079 [tramites.NSS] INFO: Iniciando consulta para CURP GALJ****
2026-07-08 20:14:47,079 [tramites.NSS] INFO: Completado en 0.0s
2026-07-08 20:14:47,107 [tramites.TENENCIA] INFO: Consultando tenencia para placa ABC123
2026-07-08 20:14:47,108 [tramites.TENENCIA] INFO: Completado en 0.0s
2026-07-08 20:14:47,126 [tramites.ANTECEDENTES] INFO: Iniciando trámite para CURP GALJ****
2026-07-08 20:14:47,126 [tramites.ANTECEDENTES] INFO: Completado en 0.0s
2026-07-08 20:14:47,143 [tramites.ANTECEDENTES] INFO: Iniciando trámite para CURP GALJ****
2026-07-08 20:14:47,154 [tramites.CitaINE] INFO: Iniciando cita INE...
2026-07-08 20:14:47,155 [tramites.CitaINE] INFO: Cita INE completada en 0.0s
2026-07-08 20:14:47,171 [tramites.CitaSAT] INFO: Iniciando cita SAT...
2026-07-08 20:14:47,171 [tramites.CitaSAT] INFO: Cita SAT completada en 0.0s
2026-07-08 20:14:47,195 [tramites.ControlConfianza] INFO: Iniciando Control de Confianza...
2026-07-08 20:14:47,196 [tramites.ControlConfianza] INFO: Control de Confianza completado en 0.0s
2026-07-08 20:14:47,217 [tramites.Semanas] INFO: Iniciando consulta de semanas cotizadas...
2026-07-08 20:14:47,217 [tramites.Semanas] INFO: Semanas completadas en 0.0s
2026-07-08 20:14:47,239 [tramites.Semanas] INFO: Iniciando consulta de semanas cotizadas...
2026-07-08 20:14:47,239 [tramites.Semanas] ERROR: Error en 0.0s: boom
2026-07-08 20:14:47,250 [tramites.RFC] INFO: Iniciando consulta RFC...
2026-07-08 20:14:47,251 [tramites.RFC] INFO: RFC completado en 0.0s
2026-07-08 20:14:47,276 [tramites.ActaNacimiento] INFO: Iniciando consulta de Acta de Nacimiento...
2026-07-08 20:14:47,277 [tramites.ActaNacimiento] INFO: Acta completada en 0.0s
2026-07-08 20:14:47,300 [tramites.Pasaporte] INFO: Iniciando cita de pasaporte...
2026-07-08 20:14:47,300 [tramites.Pasaporte] INFO: Cita pasaporte completada en 0.0s
2026-07-08 20:19:34,551 [tramites.API] ERROR: Error en consulta CURP
Traceback (most recent call last):
  File "D:\automatizacion\src\api.py", line 237, in consultar_curp
    resultado = await modulo.consultar(curp=req.curp.upper())
                ^^^^^^^^^^^^^^^^^^^^^^^^^^^^^^^^^^^^^^^^^^^^^
  File "C:\Users\MK\AppData\Local\Programs\Python\Python314\Lib\unittest\mock.py", line 2333, in _execute_mock_call
    raise effect
Exception: Mocked module
2026-07-08 20:19:34,604 [tramites.API] ERROR: Error en consulta NSS
Traceback (most recent call last):
  File "D:\automatizacion\src\api.py", line 251, in consultar_nss
    resultado = await modulo.consultar(
                ^^^^^^^^^^^^^^^^^^^^^^^
        curp=req.curp.upper(), correo=req.correo
        ^^^^^^^^^^^^^^^^^^^^^^^^^^^^^^^^^^^^^^^^
    )
    ^
  File "C:\Users\MK\AppData\Local\Programs\Python\Python314\Lib\unittest\mock.py", line 2333, in _execute_mock_call
    raise effect
Exception: Mocked module
2026-07-08 20:19:40,652 [tramites.test_mod] INFO: hello
2026-07-08 20:19:40,656 [tramites.test_mod] ERROR: error!
2026-07-08 20:19:42,344 [tramites.Buro] INFO: Iniciando consulta Buró de Crédito...
2026-07-08 20:19:42,344 [tramites.Buro] INFO: Buró completado en 0.0s
2026-07-08 20:19:42,360 [tramites.Circulo] INFO: Iniciando consulta Círculo de Crédito...
2026-07-08 20:19:42,361 [tramites.Circulo] INFO: Círculo completado en 0.0s
2026-07-08 20:19:42,407 [tramites.Buro] INFO: Iniciando consulta Buró de Crédito...
2026-07-08 20:19:42,408 [tramites.Buro] ERROR: Error en 0.0s: boom
2026-07-08 20:19:42,446 [tramites.CURP] INFO: Iniciando consulta...
2026-07-08 20:19:42,446 [tramites.CURP] INFO: Completado en 0.0s
2026-07-08 20:19:42,469 [tramites.CURP] INFO: Iniciando consulta...
2026-07-08 20:19:42,487 [tramites.CURP] INFO: Iniciando consulta...
2026-07-08 20:19:42,502 [tramites.NSS] INFO: Iniciando consulta para CURP GALJ****
2026-07-08 20:19:42,503 [tramites.NSS] INFO: Completado en 0.0s
2026-07-08 20:19:42,529 [tramites.TENENCIA] INFO: Consultando tenencia para placa ABC123
2026-07-08 20:19:42,529 [tramites.TENENCIA] INFO: Completado en 0.0s
2026-07-08 20:19:42,554 [tramites.ANTECEDENTES] INFO: Iniciando trámite para CURP GALJ****
2026-07-08 20:19:42,555 [tramites.ANTECEDENTES] INFO: Completado en 0.0s
2026-07-08 20:19:42,580 [tramites.ANTECEDENTES] INFO: Iniciando trámite para CURP GALJ****
2026-07-08 20:19:42,596 [tramites.CitaINE] INFO: Iniciando cita INE...
2026-07-08 20:19:42,597 [tramites.CitaINE] INFO: Cita INE completada en 0.0s
2026-07-08 20:19:42,622 [tramites.CitaSAT] INFO: Iniciando cita SAT...
2026-07-08 20:19:42,622 [tramites.CitaSAT] INFO: Cita SAT completada en 0.0s
2026-07-08 20:19:42,650 [tramites.ControlConfianza] INFO: Iniciando Control de Confianza...
2026-07-08 20:19:42,650 [tramites.ControlConfianza] INFO: Control de Confianza completado en 0.0s
2026-07-08 20:19:42,675 [tramites.Semanas] INFO: Iniciando consulta de semanas cotizadas...
2026-07-08 20:19:42,676 [tramites.Semanas] INFO: Semanas completadas en 0.0s
2026-07-08 20:19:42,705 [tramites.Semanas] INFO: Iniciando consulta de semanas cotizadas...
2026-07-08 20:19:42,705 [tramites.Semanas] ERROR: Error en 0.0s: boom
2026-07-08 20:19:42,721 [tramites.RFC] INFO: Iniciando consulta RFC...
2026-07-08 20:19:42,721 [tramites.RFC] INFO: RFC completado en 0.0s
2026-07-08 20:19:42,746 [tramites.ActaNacimiento] INFO: Iniciando consulta de Acta de Nacimiento...
2026-07-08 20:19:42,746 [tramites.ActaNacimiento] INFO: Acta completada en 0.0s
2026-07-08 20:19:42,769 [tramites.Pasaporte] INFO: Iniciando cita de pasaporte...
2026-07-08 20:19:42,769 [tramites.Pasaporte] INFO: Cita pasaporte completada en 0.0s
2026-07-08 20:24:29,877 [tramites.API] ERROR: Error en consulta CURP
Traceback (most recent call last):
  File "D:\automatizacion\src\api.py", line 237, in consultar_curp
    resultado = await modulo.consultar(curp=req.curp.upper())
                ^^^^^^^^^^^^^^^^^^^^^^^^^^^^^^^^^^^^^^^^^^^^^
  File "C:\Users\MK\AppData\Local\Programs\Python\Python314\Lib\unittest\mock.py", line 2333, in _execute_mock_call
    raise effect
Exception: Mocked module
2026-07-08 20:24:29,914 [tramites.API] ERROR: Error en consulta NSS
Traceback (most recent call last):
  File "D:\automatizacion\src\api.py", line 251, in consultar_nss
    resultado = await modulo.consultar(
                ^^^^^^^^^^^^^^^^^^^^^^^
        curp=req.curp.upper(), correo=req.correo
        ^^^^^^^^^^^^^^^^^^^^^^^^^^^^^^^^^^^^^^^^
    )
    ^
  File "C:\Users\MK\AppData\Local\Programs\Python\Python314\Lib\unittest\mock.py", line 2333, in _execute_mock_call
    raise effect
Exception: Mocked module
2026-07-08 20:24:35,249 [tramites.test_mod] INFO: hello
2026-07-08 20:24:35,253 [tramites.test_mod] ERROR: error!
2026-07-08 20:24:36,391 [tramites.Buro] INFO: Iniciando consulta Buró de Crédito...
2026-07-08 20:24:36,391 [tramites.Buro] INFO: Buró completado en 0.0s
2026-07-08 20:24:36,403 [tramites.Circulo] INFO: Iniciando consulta Círculo de Crédito...
2026-07-08 20:24:36,403 [tramites.Circulo] INFO: Círculo completado en 0.0s
2026-07-08 20:24:36,434 [tramites.Buro] INFO: Iniciando consulta Buró de Crédito...
2026-07-08 20:24:36,434 [tramites.Buro] ERROR: Error en 0.0s: boom
2026-07-08 20:24:36,462 [tramites.CURP] INFO: Iniciando consulta...
2026-07-08 20:24:36,463 [tramites.CURP] INFO: Completado en 0.0s
2026-07-08 20:24:36,483 [tramites.CURP] INFO: Iniciando consulta...
2026-07-08 20:24:36,493 [tramites.CURP] INFO: Iniciando consulta...
2026-07-08 20:24:36,503 [tramites.NSS] INFO: Iniciando consulta para CURP GALJ****
2026-07-08 20:24:36,504 [tramites.NSS] INFO: Completado en 0.0s
2026-07-08 20:24:36,524 [tramites.TENENCIA] INFO: Consultando tenencia para placa ABC123
2026-07-08 20:24:36,525 [tramites.TENENCIA] INFO: Completado en 0.0s
2026-07-08 20:24:36,548 [tramites.ANTECEDENTES] INFO: Iniciando trámite para CURP GALJ****
2026-07-08 20:24:36,549 [tramites.ANTECEDENTES] INFO: Completado en 0.0s
2026-07-08 20:24:36,567 [tramites.ANTECEDENTES] INFO: Iniciando trámite para CURP GALJ****
2026-07-08 20:24:36,580 [tramites.CitaINE] INFO: Iniciando cita INE...
2026-07-08 20:24:36,581 [tramites.CitaINE] INFO: Cita INE completada en 0.0s
2026-07-08 20:24:36,602 [tramites.CitaSAT] INFO: Iniciando cita SAT...
2026-07-08 20:24:36,603 [tramites.CitaSAT] INFO: Cita SAT completada en 0.0s
2026-07-08 20:24:36,619 [tramites.ControlConfianza] INFO: Iniciando Control de Confianza...
2026-07-08 20:24:36,619 [tramites.ControlConfianza] INFO: Control de Confianza completado en 0.0s
2026-07-08 20:24:36,637 [tramites.Semanas] INFO: Iniciando consulta de semanas cotizadas...
2026-07-08 20:24:36,637 [tramites.Semanas] INFO: Semanas completadas en 0.0s
2026-07-08 20:24:36,653 [tramites.Semanas] INFO: Iniciando consulta de semanas cotizadas...
2026-07-08 20:24:36,653 [tramites.Semanas] ERROR: Error en 0.0s: boom
2026-07-08 20:24:36,662 [tramites.RFC] INFO: Iniciando consulta RFC...
2026-07-08 20:24:36,663 [tramites.RFC] INFO: RFC completado en 0.0s
2026-07-08 20:24:36,679 [tramites.ActaNacimiento] INFO: Iniciando consulta de Acta de Nacimiento...
2026-07-08 20:24:36,680 [tramites.ActaNacimiento] INFO: Acta completada en 0.0s
2026-07-08 20:24:36,700 [tramites.Pasaporte] INFO: Iniciando cita de pasaporte...
2026-07-08 20:24:36,701 [tramites.Pasaporte] INFO: Cita pasaporte completada en 0.0s
2026-07-08 20:29:57,408 [tramites.API] ERROR: Error en consulta CURP
Traceback (most recent call last):
  File "D:\automatizacion\src\api.py", line 237, in consultar_curp
    resultado = await modulo.consultar(curp=req.curp.upper())
                ^^^^^^^^^^^^^^^^^^^^^^^^^^^^^^^^^^^^^^^^^^^^^
  File "C:\Users\MK\AppData\Local\Programs\Python\Python314\Lib\unittest\mock.py", line 2333, in _execute_mock_call
    raise effect
Exception: Mocked module
2026-07-08 20:29:57,448 [tramites.API] ERROR: Error en consulta NSS
Traceback (most recent call last):
  File "D:\automatizacion\src\api.py", line 251, in consultar_nss
    resultado = await modulo.consultar(
                ^^^^^^^^^^^^^^^^^^^^^^^
        curp=req.curp.upper(), correo=req.correo
        ^^^^^^^^^^^^^^^^^^^^^^^^^^^^^^^^^^^^^^^^
    )
    ^
  File "C:\Users\MK\AppData\Local\Programs\Python\Python314\Lib\unittest\mock.py", line 2333, in _execute_mock_call
    raise effect
Exception: Mocked module
2026-07-08 20:30:06,950 [tramites.test_mod] INFO: hello
2026-07-08 20:30:06,952 [tramites.test_mod] ERROR: error!
2026-07-08 20:30:08,116 [tramites.Buro] INFO: Iniciando consulta Buró de Crédito...
2026-07-08 20:30:08,117 [tramites.Buro] INFO: Buró completado en 0.0s
2026-07-08 20:30:08,129 [tramites.Circulo] INFO: Iniciando consulta Círculo de Crédito...
2026-07-08 20:30:08,129 [tramites.Circulo] INFO: Círculo completado en 0.0s
2026-07-08 20:30:08,160 [tramites.Buro] INFO: Iniciando consulta Buró de Crédito...
2026-07-08 20:30:08,161 [tramites.Buro] ERROR: Error en 0.0s: boom
2026-07-08 20:30:08,184 [tramites.CURP] INFO: Iniciando consulta...
2026-07-08 20:30:08,185 [tramites.CURP] INFO: Completado en 0.0s
2026-07-08 20:30:08,203 [tramites.CURP] INFO: Iniciando consulta...
2026-07-08 20:30:08,212 [tramites.CURP] INFO: Iniciando consulta...
2026-07-08 20:30:08,221 [tramites.NSS] INFO: Iniciando consulta para CURP GALJ****
2026-07-08 20:30:08,222 [tramites.NSS] INFO: Completado en 0.0s
2026-07-08 20:30:08,245 [tramites.TENENCIA] INFO: Consultando tenencia para placa ABC123
2026-07-08 20:30:08,245 [tramites.TENENCIA] INFO: Completado en 0.0s
2026-07-08 20:30:08,270 [tramites.ANTECEDENTES] INFO: Iniciando trámite para CURP GALJ****
2026-07-08 20:30:08,271 [tramites.ANTECEDENTES] INFO: Completado en 0.0s
2026-07-08 20:30:08,297 [tramites.ANTECEDENTES] INFO: Iniciando trámite para CURP GALJ****
2026-07-08 20:30:08,309 [tramites.CitaINE] INFO: Iniciando cita INE...
2026-07-08 20:30:08,309 [tramites.CitaINE] INFO: Cita INE completada en 0.0s
2026-07-08 20:30:08,331 [tramites.CitaSAT] INFO: Iniciando cita SAT...
2026-07-08 20:30:08,332 [tramites.CitaSAT] INFO: Cita SAT completada en 0.0s
2026-07-08 20:30:08,359 [tramites.ControlConfianza] INFO: Iniciando Control de Confianza...
2026-07-08 20:30:08,360 [tramites.ControlConfianza] INFO: Control de Confianza completado en 0.0s
2026-07-08 20:30:08,378 [tramites.Semanas] INFO: Iniciando consulta de semanas cotizadas...
2026-07-08 20:30:08,378 [tramites.Semanas] INFO: Semanas completadas en 0.0s
2026-07-08 20:30:08,397 [tramites.Semanas] INFO: Iniciando consulta de semanas cotizadas...
2026-07-08 20:30:08,398 [tramites.Semanas] ERROR: Error en 0.0s: boom
2026-07-08 20:30:08,408 [tramites.RFC] INFO: Iniciando consulta RFC...
2026-07-08 20:30:08,408 [tramites.RFC] INFO: RFC completado en 0.0s
2026-07-08 20:30:08,428 [tramites.ActaNacimiento] INFO: Iniciando consulta de Acta de Nacimiento...
2026-07-08 20:30:08,429 [tramites.ActaNacimiento] INFO: Acta completada en 0.0s
2026-07-08 20:30:08,449 [tramites.Pasaporte] INFO: Iniciando cita de pasaporte...
2026-07-08 20:30:08,450 [tramites.Pasaporte] INFO: Cita pasaporte completada en 0.0s
2026-07-08 20:30:48,405 [tramites.API] ERROR: Error en consulta CURP
Traceback (most recent call last):
  File "D:\automatizacion\src\api.py", line 237, in consultar_curp
    resultado = await modulo.consultar(curp=req.curp.upper())
                ^^^^^^^^^^^^^^^^^^^^^^^^^^^^^^^^^^^^^^^^^^^^^
  File "C:\Users\MK\AppData\Local\Programs\Python\Python314\Lib\unittest\mock.py", line 2333, in _execute_mock_call
    raise effect
Exception: Mocked module
2026-07-08 20:30:48,458 [tramites.API] ERROR: Error en consulta NSS
Traceback (most recent call last):
  File "D:\automatizacion\src\api.py", line 251, in consultar_nss
    resultado = await modulo.consultar(
                ^^^^^^^^^^^^^^^^^^^^^^^
        curp=req.curp.upper(), correo=req.correo
        ^^^^^^^^^^^^^^^^^^^^^^^^^^^^^^^^^^^^^^^^
    )
    ^
  File "C:\Users\MK\AppData\Local\Programs\Python\Python314\Lib\unittest\mock.py", line 2333, in _execute_mock_call
    raise effect
Exception: Mocked module
2026-07-08 20:30:58,185 [tramites.test_mod] INFO: hello
2026-07-08 20:30:58,188 [tramites.test_mod] ERROR: error!
2026-07-08 20:30:59,682 [tramites.Buro] INFO: Iniciando consulta Buró de Crédito...
2026-07-08 20:30:59,683 [tramites.Buro] INFO: Buró completado en 0.0s
2026-07-08 20:30:59,693 [tramites.Circulo] INFO: Iniciando consulta Círculo de Crédito...
2026-07-08 20:30:59,693 [tramites.Circulo] INFO: Círculo completado en 0.0s
2026-07-08 20:30:59,724 [tramites.Buro] INFO: Iniciando consulta Buró de Crédito...
2026-07-08 20:30:59,725 [tramites.Buro] ERROR: Error en 0.0s: boom
2026-07-08 20:30:59,756 [tramites.CURP] INFO: Iniciando consulta...
2026-07-08 20:30:59,757 [tramites.CURP] INFO: Completado en 0.0s
2026-07-08 20:30:59,775 [tramites.CURP] INFO: Iniciando consulta...
2026-07-08 20:30:59,785 [tramites.CURP] INFO: Iniciando consulta...
2026-07-08 20:30:59,796 [tramites.NSS] INFO: Iniciando consulta para CURP GALJ****
2026-07-08 20:30:59,797 [tramites.NSS] INFO: Completado en 0.0s
2026-07-08 20:30:59,821 [tramites.TENENCIA] INFO: Consultando tenencia para placa ABC123
2026-07-08 20:30:59,821 [tramites.TENENCIA] INFO: Completado en 0.0s
2026-07-08 20:30:59,846 [tramites.ANTECEDENTES] INFO: Iniciando trámite para CURP GALJ****
2026-07-08 20:30:59,846 [tramites.ANTECEDENTES] INFO: Completado en 0.0s
2026-07-08 20:30:59,868 [tramites.ANTECEDENTES] INFO: Iniciando trámite para CURP GALJ****
2026-07-08 20:30:59,880 [tramites.CitaINE] INFO: Iniciando cita INE...
2026-07-08 20:30:59,881 [tramites.CitaINE] INFO: Cita INE completada en 0.0s
2026-07-08 20:30:59,900 [tramites.CitaSAT] INFO: Iniciando cita SAT...
2026-07-08 20:30:59,900 [tramites.CitaSAT] INFO: Cita SAT completada en 0.0s
2026-07-08 20:30:59,923 [tramites.ControlConfianza] INFO: Iniciando Control de Confianza...
2026-07-08 20:30:59,924 [tramites.ControlConfianza] INFO: Control de Confianza completado en 0.0s
2026-07-08 20:30:59,944 [tramites.Semanas] INFO: Iniciando consulta de semanas cotizadas...
2026-07-08 20:30:59,944 [tramites.Semanas] INFO: Semanas completadas en 0.0s
2026-07-08 20:30:59,963 [tramites.Semanas] INFO: Iniciando consulta de semanas cotizadas...
2026-07-08 20:30:59,964 [tramites.Semanas] ERROR: Error en 0.0s: boom
2026-07-08 20:30:59,975 [tramites.RFC] INFO: Iniciando consulta RFC...
2026-07-08 20:30:59,975 [tramites.RFC] INFO: RFC completado en 0.0s
2026-07-08 20:30:59,994 [tramites.ActaNacimiento] INFO: Iniciando consulta de Acta de Nacimiento...
2026-07-08 20:30:59,995 [tramites.ActaNacimiento] INFO: Acta completada en 0.0s
2026-07-08 20:31:00,021 [tramites.Pasaporte] INFO: Iniciando cita de pasaporte...
2026-07-08 20:31:00,022 [tramites.Pasaporte] INFO: Cita pasaporte completada en 0.0s
2026-07-08 20:35:00,434 [tramites.API] ERROR: Error en consulta CURP
Traceback (most recent call last):
  File "D:\automatizacion\src\api.py", line 237, in consultar_curp
    resultado = await modulo.consultar(curp=req.curp.upper())
                ^^^^^^^^^^^^^^^^^^^^^^^^^^^^^^^^^^^^^^^^^^^^^
  File "C:\Users\MK\AppData\Local\Programs\Python\Python314\Lib\unittest\mock.py", line 2333, in _execute_mock_call
    raise effect
Exception: Mocked module
2026-07-08 20:35:00,475 [tramites.API] ERROR: Error en consulta NSS
Traceback (most recent call last):
  File "D:\automatizacion\src\api.py", line 251, in consultar_nss
    resultado = await modulo.consultar(
                ^^^^^^^^^^^^^^^^^^^^^^^
        curp=req.curp.upper(), correo=req.correo
        ^^^^^^^^^^^^^^^^^^^^^^^^^^^^^^^^^^^^^^^^
    )
    ^
  File "C:\Users\MK\AppData\Local\Programs\Python\Python314\Lib\unittest\mock.py", line 2333, in _execute_mock_call
    raise effect
Exception: Mocked module
2026-07-08 20:35:11,393 [tramites.test_mod] INFO: hello
2026-07-08 20:35:11,396 [tramites.test_mod] ERROR: error!
2026-07-08 20:35:12,448 [tramites.Buro] INFO: Iniciando consulta Buró de Crédito...
2026-07-08 20:35:12,449 [tramites.Buro] INFO: Buró completado en 0.0s
2026-07-08 20:35:12,461 [tramites.Circulo] INFO: Iniciando consulta Círculo de Crédito...
2026-07-08 20:35:12,462 [tramites.Circulo] INFO: Círculo completado en 0.0s
2026-07-08 20:35:12,490 [tramites.Buro] INFO: Iniciando consulta Buró de Crédito...
2026-07-08 20:35:12,490 [tramites.Buro] ERROR: Error en 0.0s: boom
2026-07-08 20:35:12,514 [tramites.CURP] INFO: Iniciando consulta...
2026-07-08 20:35:12,515 [tramites.CURP] INFO: Completado en 0.0s
2026-07-08 20:35:12,530 [tramites.CURP] INFO: Iniciando consulta...
2026-07-08 20:35:12,540 [tramites.CURP] INFO: Iniciando consulta...
2026-07-08 20:35:12,551 [tramites.NSS] INFO: Iniciando consulta para CURP GALJ****
2026-07-08 20:35:12,552 [tramites.NSS] INFO: Completado en 0.0s
2026-07-08 20:35:12,578 [tramites.TENENCIA] INFO: Consultando tenencia para placa ABC123
2026-07-08 20:35:12,578 [tramites.TENENCIA] INFO: Completado en 0.0s
2026-07-08 20:35:12,600 [tramites.ANTECEDENTES] INFO: Iniciando trámite para CURP GALJ****
2026-07-08 20:35:12,601 [tramites.ANTECEDENTES] INFO: Completado en 0.0s
2026-07-08 20:35:12,618 [tramites.ANTECEDENTES] INFO: Iniciando trámite para CURP GALJ****
2026-07-08 20:35:12,631 [tramites.CitaINE] INFO: Iniciando cita INE...
2026-07-08 20:35:12,632 [tramites.CitaINE] INFO: Cita INE completada en 0.0s
2026-07-08 20:35:12,652 [tramites.CitaSAT] INFO: Iniciando cita SAT...
2026-07-08 20:35:12,653 [tramites.CitaSAT] INFO: Cita SAT completada en 0.0s
2026-07-08 20:35:12,675 [tramites.ControlConfianza] INFO: Iniciando Control de Confianza...
2026-07-08 20:35:12,676 [tramites.ControlConfianza] INFO: Control de Confianza completado en 0.0s
2026-07-08 20:35:12,696 [tramites.Semanas] INFO: Iniciando consulta de semanas cotizadas...
2026-07-08 20:35:12,697 [tramites.Semanas] INFO: Semanas completadas en 0.0s
2026-07-08 20:35:12,718 [tramites.Semanas] INFO: Iniciando consulta de semanas cotizadas...
2026-07-08 20:35:12,718 [tramites.Semanas] ERROR: Error en 0.0s: boom
2026-07-08 20:35:12,731 [tramites.RFC] INFO: Iniciando consulta RFC...
2026-07-08 20:35:12,731 [tramites.RFC] INFO: RFC completado en 0.0s
2026-07-08 20:35:12,753 [tramites.ActaNacimiento] INFO: Iniciando consulta de Acta de Nacimiento...
2026-07-08 20:35:12,753 [tramites.ActaNacimiento] INFO: Acta completada en 0.0s
2026-07-08 20:35:12,773 [tramites.Pasaporte] INFO: Iniciando cita de pasaporte...
2026-07-08 20:35:12,774 [tramites.Pasaporte] INFO: Cita pasaporte completada en 0.0s
2026-07-08 20:38:48,867 [tramites.API] ERROR: Error en consulta CURP
Traceback (most recent call last):
  File "D:\automatizacion\src\api.py", line 237, in consultar_curp
    resultado = await modulo.consultar(curp=req.curp.upper())
                ^^^^^^^^^^^^^^^^^^^^^^^^^^^^^^^^^^^^^^^^^^^^^
  File "C:\Users\MK\AppData\Local\Programs\Python\Python314\Lib\unittest\mock.py", line 2333, in _execute_mock_call
    raise effect
Exception: Mocked module
2026-07-08 20:38:48,906 [tramites.API] ERROR: Error en consulta NSS
Traceback (most recent call last):
  File "D:\automatizacion\src\api.py", line 251, in consultar_nss
    resultado = await modulo.consultar(
                ^^^^^^^^^^^^^^^^^^^^^^^
        curp=req.curp.upper(), correo=req.correo
        ^^^^^^^^^^^^^^^^^^^^^^^^^^^^^^^^^^^^^^^^
    )
    ^
  File "C:\Users\MK\AppData\Local\Programs\Python\Python314\Lib\unittest\mock.py", line 2333, in _execute_mock_call
    raise effect
Exception: Mocked module
2026-07-08 20:39:00,725 [tramites.test_mod] INFO: hello
2026-07-08 20:39:00,728 [tramites.test_mod] ERROR: error!
2026-07-08 20:39:01,707 [tramites.Buro] INFO: Iniciando consulta Buró de Crédito...
2026-07-08 20:39:01,708 [tramites.Buro] INFO: Buró completado en 0.0s
2026-07-08 20:39:01,725 [tramites.Circulo] INFO: Iniciando consulta Círculo de Crédito...
2026-07-08 20:39:01,725 [tramites.Circulo] INFO: Círculo completado en 0.0s
2026-07-08 20:39:01,753 [tramites.Buro] INFO: Iniciando consulta Buró de Crédito...
2026-07-08 20:39:01,753 [tramites.Buro] ERROR: Error en 0.0s: boom
2026-07-08 20:39:01,790 [tramites.CURP] INFO: Iniciando consulta...
2026-07-08 20:39:01,791 [tramites.CURP] INFO: Completado en 0.0s
2026-07-08 20:39:01,822 [tramites.CURP] INFO: Iniciando consulta...
2026-07-08 20:39:01,839 [tramites.CURP] INFO: Iniciando consulta...
2026-07-08 20:39:01,858 [tramites.NSS] INFO: Iniciando consulta para CURP GALJ****
2026-07-08 20:39:01,859 [tramites.NSS] INFO: Completado en 0.0s
2026-07-08 20:39:01,897 [tramites.TENENCIA] INFO: Consultando tenencia para placa ABC123
2026-07-08 20:39:01,898 [tramites.TENENCIA] INFO: Completado en 0.0s
2026-07-08 20:39:01,922 [tramites.ANTECEDENTES] INFO: Iniciando trámite para CURP GALJ****
2026-07-08 20:39:01,923 [tramites.ANTECEDENTES] INFO: Completado en 0.0s
2026-07-08 20:39:01,947 [tramites.ANTECEDENTES] INFO: Iniciando trámite para CURP GALJ****
2026-07-08 20:39:01,959 [tramites.CitaINE] INFO: Iniciando cita INE...
2026-07-08 20:39:01,960 [tramites.CitaINE] INFO: Cita INE completada en 0.0s
2026-07-08 20:39:01,982 [tramites.CitaSAT] INFO: Iniciando cita SAT...
2026-07-08 20:39:01,983 [tramites.CitaSAT] INFO: Cita SAT completada en 0.0s
2026-07-08 20:39:02,010 [tramites.ControlConfianza] INFO: Iniciando Control de Confianza...
2026-07-08 20:39:02,011 [tramites.ControlConfianza] INFO: Control de Confianza completado en 0.0s
2026-07-08 20:39:02,035 [tramites.Semanas] INFO: Iniciando consulta de semanas cotizadas...
2026-07-08 20:39:02,036 [tramites.Semanas] INFO: Semanas completadas en 0.0s
2026-07-08 20:39:02,057 [tramites.Semanas] INFO: Iniciando consulta de semanas cotizadas...
2026-07-08 20:39:02,058 [tramites.Semanas] ERROR: Error en 0.0s: boom
2026-07-08 20:39:02,068 [tramites.RFC] INFO: Iniciando consulta RFC...
2026-07-08 20:39:02,069 [tramites.RFC] INFO: RFC completado en 0.0s
2026-07-08 20:39:02,089 [tramites.ActaNacimiento] INFO: Iniciando consulta de Acta de Nacimiento...
2026-07-08 20:39:02,089 [tramites.ActaNacimiento] INFO: Acta completada en 0.0s
2026-07-08 20:39:02,113 [tramites.Pasaporte] INFO: Iniciando cita de pasaporte...
2026-07-08 20:39:02,113 [tramites.Pasaporte] INFO: Cita pasaporte completada en 0.0s
2026-07-08 20:40:00,139 [tramites.API] ERROR: Error en consulta CURP
Traceback (most recent call last):
  File "D:\automatizacion\src\api.py", line 237, in consultar_curp
    resultado = await modulo.consultar(curp=req.curp.upper())
                ^^^^^^^^^^^^^^^^^^^^^^^^^^^^^^^^^^^^^^^^^^^^^
  File "C:\Users\MK\AppData\Local\Programs\Python\Python314\Lib\unittest\mock.py", line 2333, in _execute_mock_call
    raise effect
Exception: Mocked module
2026-07-08 20:40:00,180 [tramites.API] ERROR: Error en consulta NSS
Traceback (most recent call last):
  File "D:\automatizacion\src\api.py", line 251, in consultar_nss
    resultado = await modulo.consultar(
                ^^^^^^^^^^^^^^^^^^^^^^^
        curp=req.curp.upper(), correo=req.correo
        ^^^^^^^^^^^^^^^^^^^^^^^^^^^^^^^^^^^^^^^^
    )
    ^
  File "C:\Users\MK\AppData\Local\Programs\Python\Python314\Lib\unittest\mock.py", line 2333, in _execute_mock_call
    raise effect
Exception: Mocked module
2026-07-08 20:40:11,610 [tramites.test_mod] INFO: hello
2026-07-08 20:40:11,613 [tramites.test_mod] ERROR: error!
2026-07-08 20:40:12,526 [tramites.Buro] INFO: Iniciando consulta Buró de Crédito...
2026-07-08 20:40:12,527 [tramites.Buro] INFO: Buró completado en 0.0s
2026-07-08 20:40:12,539 [tramites.Circulo] INFO: Iniciando consulta Círculo de Crédito...
2026-07-08 20:40:12,540 [tramites.Circulo] INFO: Círculo completado en 0.0s
2026-07-08 20:40:12,564 [tramites.Buro] INFO: Iniciando consulta Buró de Crédito...
2026-07-08 20:40:12,564 [tramites.Buro] ERROR: Error en 0.0s: boom
2026-07-08 20:40:12,589 [tramites.CURP] INFO: Iniciando consulta...
2026-07-08 20:40:12,589 [tramites.CURP] INFO: Completado en 0.0s
2026-07-08 20:40:12,604 [tramites.CURP] INFO: Iniciando consulta...
2026-07-08 20:40:12,612 [tramites.CURP] INFO: Iniciando consulta...
2026-07-08 20:40:12,621 [tramites.NSS] INFO: Iniciando consulta para CURP GALJ****
2026-07-08 20:40:12,621 [tramites.NSS] INFO: Completado en 0.0s
2026-07-08 20:40:12,640 [tramites.TENENCIA] INFO: Consultando tenencia para placa ABC123
2026-07-08 20:40:12,640 [tramites.TENENCIA] INFO: Completado en 0.0s
2026-07-08 20:40:12,660 [tramites.ANTECEDENTES] INFO: Iniciando trámite para CURP GALJ****
2026-07-08 20:40:12,660 [tramites.ANTECEDENTES] INFO: Completado en 0.0s
2026-07-08 20:40:12,675 [tramites.ANTECEDENTES] INFO: Iniciando trámite para CURP GALJ****
2026-07-08 20:40:12,686 [tramites.CitaINE] INFO: Iniciando cita INE...
2026-07-08 20:40:12,686 [tramites.CitaINE] INFO: Cita INE completada en 0.0s
2026-07-08 20:40:12,705 [tramites.CitaSAT] INFO: Iniciando cita SAT...
2026-07-08 20:40:12,705 [tramites.CitaSAT] INFO: Cita SAT completada en 0.0s
2026-07-08 20:40:12,723 [tramites.ControlConfianza] INFO: Iniciando Control de Confianza...
2026-07-08 20:40:12,724 [tramites.ControlConfianza] INFO: Control de Confianza completado en 0.0s
2026-07-08 20:40:12,739 [tramites.Semanas] INFO: Iniciando consulta de semanas cotizadas...
2026-07-08 20:40:12,740 [tramites.Semanas] INFO: Semanas completadas en 0.0s
2026-07-08 20:40:12,759 [tramites.Semanas] INFO: Iniciando consulta de semanas cotizadas...
2026-07-08 20:40:12,760 [tramites.Semanas] ERROR: Error en 0.0s: boom
2026-07-08 20:40:12,770 [tramites.RFC] INFO: Iniciando consulta RFC...
2026-07-08 20:40:12,771 [tramites.RFC] INFO: RFC completado en 0.0s
2026-07-08 20:40:12,786 [tramites.ActaNacimiento] INFO: Iniciando consulta de Acta de Nacimiento...
2026-07-08 20:40:12,786 [tramites.ActaNacimiento] INFO: Acta completada en 0.0s
2026-07-08 20:40:12,803 [tramites.Pasaporte] INFO: Iniciando cita de pasaporte...
2026-07-08 20:40:12,804 [tramites.Pasaporte] INFO: Cita pasaporte completada en 0.0s
2026-07-08 21:27:10,392 [tramites.API] ERROR: Error en consulta CURP
Traceback (most recent call last):
  File "D:\automatizacion\src\api.py", line 237, in consultar_curp
    resultado = await modulo.consultar(curp=req.curp.upper())
                ^^^^^^^^^^^^^^^^^^^^^^^^^^^^^^^^^^^^^^^^^^^^^
  File "C:\Users\MK\AppData\Local\Programs\Python\Python314\Lib\unittest\mock.py", line 2333, in _execute_mock_call
    raise effect
Exception: Mocked module
2026-07-08 21:27:10,437 [tramites.API] ERROR: Error en consulta NSS
Traceback (most recent call last):
  File "D:\automatizacion\src\api.py", line 251, in consultar_nss
    resultado = await modulo.consultar(
                ^^^^^^^^^^^^^^^^^^^^^^^
        curp=req.curp.upper(), correo=req.correo
        ^^^^^^^^^^^^^^^^^^^^^^^^^^^^^^^^^^^^^^^^
    )
    ^
  File "C:\Users\MK\AppData\Local\Programs\Python\Python314\Lib\unittest\mock.py", line 2333, in _execute_mock_call
    raise effect
Exception: Mocked module
2026-07-08 21:27:22,275 [tramites.test_mod] INFO: hello
2026-07-08 21:27:22,278 [tramites.test_mod] ERROR: error!
2026-07-08 21:27:23,065 [tramites.Buro] INFO: Iniciando consulta Buró de Crédito...
2026-07-08 21:27:23,065 [tramites.Buro] INFO: Buró completado en 0.0s
2026-07-08 21:27:23,077 [tramites.Circulo] INFO: Iniciando consulta Círculo de Crédito...
2026-07-08 21:27:23,078 [tramites.Circulo] INFO: Círculo completado en 0.0s
2026-07-08 21:27:23,116 [tramites.Buro] INFO: Iniciando consulta Buró de Crédito...
2026-07-08 21:27:23,116 [tramites.Buro] ERROR: Error en 0.0s: boom
2026-07-08 21:27:23,139 [tramites.CURP] INFO: Iniciando consulta...
2026-07-08 21:27:23,139 [tramites.CURP] INFO: Completado en 0.0s
2026-07-08 21:27:23,153 [tramites.CURP] INFO: Iniciando consulta...
2026-07-08 21:27:23,164 [tramites.CURP] INFO: Iniciando consulta...
2026-07-08 21:27:23,174 [tramites.NSS] INFO: Iniciando consulta para CURP GALJ****
2026-07-08 21:27:23,175 [tramites.NSS] INFO: Completado en 0.0s
2026-07-08 21:27:23,191 [tramites.TENENCIA] INFO: Consultando tenencia para placa ABC123
2026-07-08 21:27:23,191 [tramites.TENENCIA] INFO: Completado en 0.0s
2026-07-08 21:27:23,207 [tramites.ANTECEDENTES] INFO: Iniciando trámite para CURP GALJ****
2026-07-08 21:27:23,207 [tramites.ANTECEDENTES] INFO: Completado en 0.0s
2026-07-08 21:27:23,234 [tramites.ANTECEDENTES] INFO: Iniciando trámite para CURP GALJ****
2026-07-08 21:27:23,249 [tramites.CitaINE] INFO: Iniciando cita INE...
2026-07-08 21:27:23,250 [tramites.CitaINE] INFO: Cita INE completada en 0.0s
2026-07-08 21:27:23,270 [tramites.CitaSAT] INFO: Iniciando cita SAT...
2026-07-08 21:27:23,271 [tramites.CitaSAT] INFO: Cita SAT completada en 0.0s
2026-07-08 21:27:23,287 [tramites.ControlConfianza] INFO: Iniciando Control de Confianza...
2026-07-08 21:27:23,288 [tramites.ControlConfianza] INFO: Control de Confianza completado en 0.0s
2026-07-08 21:27:23,306 [tramites.Semanas] INFO: Iniciando consulta de semanas cotizadas...
2026-07-08 21:27:23,306 [tramites.Semanas] INFO: Semanas completadas en 0.0s
2026-07-08 21:27:23,325 [tramites.Semanas] INFO: Iniciando consulta de semanas cotizadas...
2026-07-08 21:27:23,325 [tramites.Semanas] ERROR: Error en 0.0s: boom
2026-07-08 21:27:23,339 [tramites.RFC] INFO: Iniciando consulta RFC...
2026-07-08 21:27:23,340 [tramites.RFC] INFO: RFC completado en 0.0s
2026-07-08 21:27:23,357 [tramites.ActaNacimiento] INFO: Iniciando consulta de Acta de Nacimiento...
2026-07-08 21:27:23,357 [tramites.ActaNacimiento] INFO: Acta completada en 0.0s
2026-07-08 21:27:23,380 [tramites.Pasaporte] INFO: Iniciando cita de pasaporte...
2026-07-08 21:27:23,380 [tramites.Pasaporte] INFO: Cita pasaporte completada en 0.0s
2026-07-08 21:27:58,418 [tramites.API] ERROR: Error en consulta CURP
Traceback (most recent call last):
  File "D:\automatizacion\src\api.py", line 237, in consultar_curp
    resultado = await modulo.consultar(curp=req.curp.upper())
                ^^^^^^^^^^^^^^^^^^^^^^^^^^^^^^^^^^^^^^^^^^^^^
  File "C:\Users\MK\AppData\Local\Programs\Python\Python314\Lib\unittest\mock.py", line 2333, in _execute_mock_call
    raise effect
Exception: Mocked module
2026-07-08 21:27:58,465 [tramites.API] ERROR: Error en consulta NSS
Traceback (most recent call last):
  File "D:\automatizacion\src\api.py", line 251, in consultar_nss
    resultado = await modulo.consultar(
                ^^^^^^^^^^^^^^^^^^^^^^^
        curp=req.curp.upper(), correo=req.correo
        ^^^^^^^^^^^^^^^^^^^^^^^^^^^^^^^^^^^^^^^^
    )
    ^
  File "C:\Users\MK\AppData\Local\Programs\Python\Python314\Lib\unittest\mock.py", line 2333, in _execute_mock_call
    raise effect
Exception: Mocked module
2026-07-08 21:28:10,369 [tramites.test_mod] INFO: hello
2026-07-08 21:28:10,372 [tramites.test_mod] ERROR: error!
2026-07-08 21:28:11,177 [tramites.Buro] INFO: Iniciando consulta Buró de Crédito...
2026-07-08 21:28:11,177 [tramites.Buro] INFO: Buró completado en 0.0s
2026-07-08 21:28:11,186 [tramites.Circulo] INFO: Iniciando consulta Círculo de Crédito...
2026-07-08 21:28:11,186 [tramites.Circulo] INFO: Círculo completado en 0.0s
2026-07-08 21:28:11,220 [tramites.Buro] INFO: Iniciando consulta Buró de Crédito...
2026-07-08 21:28:11,220 [tramites.Buro] ERROR: Error en 0.0s: boom
2026-07-08 21:28:11,246 [tramites.CURP] INFO: Iniciando consulta...
2026-07-08 21:28:11,246 [tramites.CURP] INFO: Completado en 0.0s
2026-07-08 21:28:11,261 [tramites.CURP] INFO: Iniciando consulta...
2026-07-08 21:28:11,269 [tramites.CURP] INFO: Iniciando consulta...
2026-07-08 21:28:11,277 [tramites.NSS] INFO: Iniciando consulta para CURP GALJ****
2026-07-08 21:28:11,278 [tramites.NSS] INFO: Completado en 0.0s
2026-07-08 21:28:11,298 [tramites.TENENCIA] INFO: Consultando tenencia para placa ABC123
2026-07-08 21:28:11,299 [tramites.TENENCIA] INFO: Completado en 0.0s
2026-07-08 21:28:11,317 [tramites.ANTECEDENTES] INFO: Iniciando trámite para CURP GALJ****
2026-07-08 21:28:11,318 [tramites.ANTECEDENTES] INFO: Completado en 0.0s
2026-07-08 21:28:11,340 [tramites.ANTECEDENTES] INFO: Iniciando trámite para CURP GALJ****
2026-07-08 21:28:11,351 [tramites.CitaINE] INFO: Iniciando cita INE...
2026-07-08 21:28:11,351 [tramites.CitaINE] INFO: Cita INE completada en 0.0s
2026-07-08 21:28:11,370 [tramites.CitaSAT] INFO: Iniciando cita SAT...
2026-07-08 21:28:11,371 [tramites.CitaSAT] INFO: Cita SAT completada en 0.0s
2026-07-08 21:28:11,394 [tramites.ControlConfianza] INFO: Iniciando Control de Confianza...
2026-07-08 21:28:11,395 [tramites.ControlConfianza] INFO: Control de Confianza completado en 0.0s
2026-07-08 21:28:11,412 [tramites.Semanas] INFO: Iniciando consulta de semanas cotizadas...
2026-07-08 21:28:11,413 [tramites.Semanas] INFO: Semanas completadas en 0.0s
2026-07-08 21:28:11,428 [tramites.Semanas] INFO: Iniciando consulta de semanas cotizadas...
2026-07-08 21:28:11,428 [tramites.Semanas] ERROR: Error en 0.0s: boom
2026-07-08 21:28:11,437 [tramites.RFC] INFO: Iniciando consulta RFC...
2026-07-08 21:28:11,438 [tramites.RFC] INFO: RFC completado en 0.0s
2026-07-08 21:28:11,458 [tramites.ActaNacimiento] INFO: Iniciando consulta de Acta de Nacimiento...
2026-07-08 21:28:11,458 [tramites.ActaNacimiento] INFO: Acta completada en 0.0s
2026-07-08 21:28:11,476 [tramites.Pasaporte] INFO: Iniciando cita de pasaporte...
2026-07-08 21:28:11,476 [tramites.Pasaporte] INFO: Cita pasaporte completada en 0.0s
2026-07-08 21:28:48,472 [tramites.API] ERROR: Error en consulta CURP
Traceback (most recent call last):
  File "D:\automatizacion\src\api.py", line 237, in consultar_curp
    resultado = await modulo.consultar(curp=req.curp.upper())
                ^^^^^^^^^^^^^^^^^^^^^^^^^^^^^^^^^^^^^^^^^^^^^
  File "C:\Users\MK\AppData\Local\Programs\Python\Python314\Lib\unittest\mock.py", line 2333, in _execute_mock_call
    raise effect
Exception: Mocked module
2026-07-08 21:28:48,519 [tramites.API] ERROR: Error en consulta NSS
Traceback (most recent call last):
  File "D:\automatizacion\src\api.py", line 251, in consultar_nss
    resultado = await modulo.consultar(
                ^^^^^^^^^^^^^^^^^^^^^^^
        curp=req.curp.upper(), correo=req.correo
        ^^^^^^^^^^^^^^^^^^^^^^^^^^^^^^^^^^^^^^^^
    )
    ^
  File "C:\Users\MK\AppData\Local\Programs\Python\Python314\Lib\unittest\mock.py", line 2333, in _execute_mock_call
    raise effect
Exception: Mocked module
2026-07-08 21:29:00,154 [tramites.test_mod] INFO: hello
2026-07-08 21:29:00,156 [tramites.test_mod] ERROR: error!
2026-07-08 21:29:01,043 [tramites.Buro] INFO: Iniciando consulta Buró de Crédito...
2026-07-08 21:29:01,044 [tramites.Buro] INFO: Buró completado en 0.0s
2026-07-08 21:29:01,054 [tramites.Circulo] INFO: Iniciando consulta Círculo de Crédito...
2026-07-08 21:29:01,055 [tramites.Circulo] INFO: Círculo completado en 0.0s
2026-07-08 21:29:01,086 [tramites.Buro] INFO: Iniciando consulta Buró de Crédito...
2026-07-08 21:29:01,086 [tramites.Buro] ERROR: Error en 0.0s: boom
2026-07-08 21:29:01,110 [tramites.CURP] INFO: Iniciando consulta...
2026-07-08 21:29:01,110 [tramites.CURP] INFO: Completado en 0.0s
2026-07-08 21:29:01,128 [tramites.CURP] INFO: Iniciando consulta...
2026-07-08 21:29:01,138 [tramites.CURP] INFO: Iniciando consulta...
2026-07-08 21:29:01,149 [tramites.NSS] INFO: Iniciando consulta para CURP GALJ****
2026-07-08 21:29:01,149 [tramites.NSS] INFO: Completado en 0.0s
2026-07-08 21:29:01,165 [tramites.TENENCIA] INFO: Consultando tenencia para placa ABC123
2026-07-08 21:29:01,166 [tramites.TENENCIA] INFO: Completado en 0.0s
2026-07-08 21:29:01,185 [tramites.ANTECEDENTES] INFO: Iniciando trámite para CURP GALJ****
2026-07-08 21:29:01,185 [tramites.ANTECEDENTES] INFO: Completado en 0.0s
2026-07-08 21:29:01,204 [tramites.ANTECEDENTES] INFO: Iniciando trámite para CURP GALJ****
2026-07-08 21:29:01,215 [tramites.CitaINE] INFO: Iniciando cita INE...
2026-07-08 21:29:01,215 [tramites.CitaINE] INFO: Cita INE completada en 0.0s
2026-07-08 21:29:01,241 [tramites.CitaSAT] INFO: Iniciando cita SAT...
2026-07-08 21:29:01,241 [tramites.CitaSAT] INFO: Cita SAT completada en 0.0s
2026-07-08 21:29:01,264 [tramites.ControlConfianza] INFO: Iniciando Control de Confianza...
2026-07-08 21:29:01,264 [tramites.ControlConfianza] INFO: Control de Confianza completado en 0.0s
2026-07-08 21:29:01,282 [tramites.Semanas] INFO: Iniciando consulta de semanas cotizadas...
2026-07-08 21:29:01,282 [tramites.Semanas] INFO: Semanas completadas en 0.0s
2026-07-08 21:29:01,297 [tramites.Semanas] INFO: Iniciando consulta de semanas cotizadas...
2026-07-08 21:29:01,297 [tramites.Semanas] ERROR: Error en 0.0s: boom
2026-07-08 21:29:01,306 [tramites.RFC] INFO: Iniciando consulta RFC...
2026-07-08 21:29:01,307 [tramites.RFC] INFO: RFC completado en 0.0s
2026-07-08 21:29:01,323 [tramites.ActaNacimiento] INFO: Iniciando consulta de Acta de Nacimiento...
2026-07-08 21:29:01,324 [tramites.ActaNacimiento] INFO: Acta completada en 0.0s
2026-07-08 21:29:01,343 [tramites.Pasaporte] INFO: Iniciando cita de pasaporte...
2026-07-08 21:29:01,343 [tramites.Pasaporte] INFO: Cita pasaporte completada en 0.0s
2026-07-08 21:30:01,049 [tramites.API] ERROR: Error en consulta CURP
Traceback (most recent call last):
  File "D:\automatizacion\src\api.py", line 237, in consultar_curp
    resultado = await modulo.consultar(curp=req.curp.upper())
                ^^^^^^^^^^^^^^^^^^^^^^^^^^^^^^^^^^^^^^^^^^^^^
  File "C:\Users\MK\AppData\Local\Programs\Python\Python314\Lib\unittest\mock.py", line 2333, in _execute_mock_call
    raise effect
Exception: Mocked module
2026-07-08 21:30:01,098 [tramites.API] ERROR: Error en consulta NSS
Traceback (most recent call last):
  File "D:\automatizacion\src\api.py", line 251, in consultar_nss
    resultado = await modulo.consultar(
                ^^^^^^^^^^^^^^^^^^^^^^^
        curp=req.curp.upper(), correo=req.correo
        ^^^^^^^^^^^^^^^^^^^^^^^^^^^^^^^^^^^^^^^^
    )
    ^
  File "C:\Users\MK\AppData\Local\Programs\Python\Python314\Lib\unittest\mock.py", line 2333, in _execute_mock_call
    raise effect
Exception: Mocked module
2026-07-08 21:30:13,895 [tramites.test_mod] INFO: hello
2026-07-08 21:30:13,897 [tramites.test_mod] ERROR: error!
2026-07-08 21:30:14,941 [tramites.Buro] INFO: Iniciando consulta Buró de Crédito...
2026-07-08 21:30:14,942 [tramites.Buro] INFO: Buró completado en 0.0s
2026-07-08 21:30:14,955 [tramites.Circulo] INFO: Iniciando consulta Círculo de Crédito...
2026-07-08 21:30:14,955 [tramites.Circulo] INFO: Círculo completado en 0.0s
2026-07-08 21:30:14,987 [tramites.Buro] INFO: Iniciando consulta Buró de Crédito...
2026-07-08 21:30:14,988 [tramites.Buro] ERROR: Error en 0.0s: boom
2026-07-08 21:30:15,019 [tramites.CURP] INFO: Iniciando consulta...
2026-07-08 21:30:15,020 [tramites.CURP] INFO: Completado en 0.0s
2026-07-08 21:30:15,038 [tramites.CURP] INFO: Iniciando consulta...
2026-07-08 21:30:15,053 [tramites.CURP] INFO: Iniciando consulta...
2026-07-08 21:30:15,065 [tramites.NSS] INFO: Iniciando consulta para CURP GALJ****
2026-07-08 21:30:15,066 [tramites.NSS] INFO: Completado en 0.0s
2026-07-08 21:30:15,084 [tramites.TENENCIA] INFO: Consultando tenencia para placa ABC123
2026-07-08 21:30:15,084 [tramites.TENENCIA] INFO: Completado en 0.0s
2026-07-08 21:30:15,103 [tramites.ANTECEDENTES] INFO: Iniciando trámite para CURP GALJ****
2026-07-08 21:30:15,104 [tramites.ANTECEDENTES] INFO: Completado en 0.0s
2026-07-08 21:30:15,128 [tramites.ANTECEDENTES] INFO: Iniciando trámite para CURP GALJ****
2026-07-08 21:30:15,138 [tramites.CitaINE] INFO: Iniciando cita INE...
2026-07-08 21:30:15,138 [tramites.CitaINE] INFO: Cita INE completada en 0.0s
2026-07-08 21:30:15,154 [tramites.CitaSAT] INFO: Iniciando cita SAT...
2026-07-08 21:30:15,154 [tramites.CitaSAT] INFO: Cita SAT completada en 0.0s
2026-07-08 21:30:15,173 [tramites.ControlConfianza] INFO: Iniciando Control de Confianza...
2026-07-08 21:30:15,173 [tramites.ControlConfianza] INFO: Control de Confianza completado en 0.0s
2026-07-08 21:30:15,190 [tramites.Semanas] INFO: Iniciando consulta de semanas cotizadas...
2026-07-08 21:30:15,190 [tramites.Semanas] INFO: Semanas completadas en 0.0s
2026-07-08 21:30:15,208 [tramites.Semanas] INFO: Iniciando consulta de semanas cotizadas...
2026-07-08 21:30:15,209 [tramites.Semanas] ERROR: Error en 0.0s: boom
2026-07-08 21:30:15,220 [tramites.RFC] INFO: Iniciando consulta RFC...
2026-07-08 21:30:15,220 [tramites.RFC] INFO: RFC completado en 0.0s
2026-07-08 21:30:15,244 [tramites.ActaNacimiento] INFO: Iniciando consulta de Acta de Nacimiento...
2026-07-08 21:30:15,245 [tramites.ActaNacimiento] INFO: Acta completada en 0.0s
2026-07-08 21:30:15,266 [tramites.Pasaporte] INFO: Iniciando cita de pasaporte...
2026-07-08 21:30:15,266 [tramites.Pasaporte] INFO: Cita pasaporte completada en 0.0s
2026-07-08 21:30:53,566 [tramites.API] ERROR: Error en consulta CURP
Traceback (most recent call last):
  File "D:\automatizacion\src\api.py", line 237, in consultar_curp
    resultado = await modulo.consultar(curp=req.curp.upper())
                ^^^^^^^^^^^^^^^^^^^^^^^^^^^^^^^^^^^^^^^^^^^^^
  File "C:\Users\MK\AppData\Local\Programs\Python\Python314\Lib\unittest\mock.py", line 2333, in _execute_mock_call
    raise effect
Exception: Mocked module
2026-07-08 21:30:53,631 [tramites.API] ERROR: Error en consulta NSS
Traceback (most recent call last):
  File "D:\automatizacion\src\api.py", line 251, in consultar_nss
    resultado = await modulo.consultar(
                ^^^^^^^^^^^^^^^^^^^^^^^
        curp=req.curp.upper(), correo=req.correo
        ^^^^^^^^^^^^^^^^^^^^^^^^^^^^^^^^^^^^^^^^
    )
    ^
  File "C:\Users\MK\AppData\Local\Programs\Python\Python314\Lib\unittest\mock.py", line 2333, in _execute_mock_call
    raise effect
Exception: Mocked module
2026-07-08 21:31:06,447 [tramites.test_mod] INFO: hello
2026-07-08 21:31:06,451 [tramites.test_mod] ERROR: error!
2026-07-08 21:31:07,738 [tramites.Buro] INFO: Iniciando consulta Buró de Crédito...
2026-07-08 21:31:07,739 [tramites.Buro] INFO: Buró completado en 0.0s
2026-07-08 21:31:07,751 [tramites.Circulo] INFO: Iniciando consulta Círculo de Crédito...
2026-07-08 21:31:07,752 [tramites.Circulo] INFO: Círculo completado en 0.0s
2026-07-08 21:31:07,807 [tramites.Buro] INFO: Iniciando consulta Buró de Crédito...
2026-07-08 21:31:07,808 [tramites.Buro] ERROR: Error en 0.0s: boom
2026-07-08 21:31:07,852 [tramites.CURP] INFO: Iniciando consulta...
2026-07-08 21:31:07,852 [tramites.CURP] INFO: Completado en 0.0s
2026-07-08 21:31:07,883 [tramites.CURP] INFO: Iniciando consulta...
2026-07-08 21:31:07,897 [tramites.CURP] INFO: Iniciando consulta...
2026-07-08 21:31:07,913 [tramites.NSS] INFO: Iniciando consulta para CURP GALJ****
2026-07-08 21:31:07,915 [tramites.NSS] INFO: Completado en 0.0s
2026-07-08 21:31:07,944 [tramites.TENENCIA] INFO: Consultando tenencia para placa ABC123
2026-07-08 21:31:07,945 [tramites.TENENCIA] INFO: Completado en 0.0s
2026-07-08 21:31:07,974 [tramites.ANTECEDENTES] INFO: Iniciando trámite para CURP GALJ****
2026-07-08 21:31:07,975 [tramites.ANTECEDENTES] INFO: Completado en 0.0s
2026-07-08 21:31:08,015 [tramites.ANTECEDENTES] INFO: Iniciando trámite para CURP GALJ****
2026-07-08 21:31:08,041 [tramites.CitaINE] INFO: Iniciando cita INE...
2026-07-08 21:31:08,042 [tramites.CitaINE] INFO: Cita INE completada en 0.0s
2026-07-08 21:31:08,069 [tramites.CitaSAT] INFO: Iniciando cita SAT...
2026-07-08 21:31:08,070 [tramites.CitaSAT] INFO: Cita SAT completada en 0.0s
2026-07-08 21:31:08,102 [tramites.ControlConfianza] INFO: Iniciando Control de Confianza...
2026-07-08 21:31:08,103 [tramites.ControlConfianza] INFO: Control de Confianza completado en 0.0s
2026-07-08 21:31:08,132 [tramites.Semanas] INFO: Iniciando consulta de semanas cotizadas...
2026-07-08 21:31:08,133 [tramites.Semanas] INFO: Semanas completadas en 0.0s
2026-07-08 21:31:08,156 [tramites.Semanas] INFO: Iniciando consulta de semanas cotizadas...
2026-07-08 21:31:08,156 [tramites.Semanas] ERROR: Error en 0.0s: boom
2026-07-08 21:31:08,169 [tramites.RFC] INFO: Iniciando consulta RFC...
2026-07-08 21:31:08,170 [tramites.RFC] INFO: RFC completado en 0.0s
2026-07-08 21:31:08,196 [tramites.ActaNacimiento] INFO: Iniciando consulta de Acta de Nacimiento...
2026-07-08 21:31:08,197 [tramites.ActaNacimiento] INFO: Acta completada en 0.0s
2026-07-08 21:31:08,220 [tramites.Pasaporte] INFO: Iniciando cita de pasaporte...
2026-07-08 21:31:08,221 [tramites.Pasaporte] INFO: Cita pasaporte completada en 0.0s
2026-07-08 21:37:50,598 [tramites.API] ERROR: Error en consulta CURP
Traceback (most recent call last):
  File "D:\automatizacion\src\api.py", line 237, in consultar_curp
    resultado = await modulo.consultar(curp=req.curp.upper())
                ^^^^^^^^^^^^^^^^^^^^^^^^^^^^^^^^^^^^^^^^^^^^^
  File "C:\Users\MK\AppData\Local\Programs\Python\Python314\Lib\unittest\mock.py", line 2333, in _execute_mock_call
    raise effect
Exception: Mocked module
2026-07-08 21:37:50,651 [tramites.API] ERROR: Error en consulta NSS
Traceback (most recent call last):
  File "D:\automatizacion\src\api.py", line 251, in consultar_nss
    resultado = await modulo.consultar(
                ^^^^^^^^^^^^^^^^^^^^^^^
        curp=req.curp.upper(), correo=req.correo
        ^^^^^^^^^^^^^^^^^^^^^^^^^^^^^^^^^^^^^^^^
    )
    ^
  File "C:\Users\MK\AppData\Local\Programs\Python\Python314\Lib\unittest\mock.py", line 2333, in _execute_mock_call
    raise effect
Exception: Mocked module
2026-07-08 21:38:02,642 [tramites.test_mod] INFO: hello
2026-07-08 21:38:02,645 [tramites.test_mod] ERROR: error!
2026-07-08 21:38:03,504 [tramites.Buro] INFO: Iniciando consulta Buró de Crédito...
2026-07-08 21:38:03,505 [tramites.Buro] INFO: Buró completado en 0.0s
2026-07-08 21:38:03,522 [tramites.Circulo] INFO: Iniciando consulta Círculo de Crédito...
2026-07-08 21:38:03,523 [tramites.Circulo] INFO: Círculo completado en 0.0s
2026-07-08 21:38:03,561 [tramites.Buro] INFO: Iniciando consulta Buró de Crédito...
2026-07-08 21:38:03,561 [tramites.Buro] ERROR: Error en 0.0s: boom
2026-07-08 21:38:03,586 [tramites.CURP] INFO: Iniciando consulta...
2026-07-08 21:38:03,586 [tramites.CURP] INFO: Completado en 0.0s
2026-07-08 21:38:03,610 [tramites.CURP] INFO: Iniciando consulta...
2026-07-08 21:38:03,622 [tramites.CURP] INFO: Iniciando consulta...
2026-07-08 21:38:03,633 [tramites.NSS] INFO: Iniciando consulta para CURP GALJ****
2026-07-08 21:38:03,635 [tramites.NSS] INFO: Completado en 0.0s
2026-07-08 21:38:03,652 [tramites.TENENCIA] INFO: Consultando tenencia para placa ABC123
2026-07-08 21:38:03,652 [tramites.TENENCIA] INFO: Completado en 0.0s
2026-07-08 21:38:03,667 [tramites.ANTECEDENTES] INFO: Iniciando trámite para CURP GALJ****
2026-07-08 21:38:03,667 [tramites.ANTECEDENTES] INFO: Completado en 0.0s
2026-07-08 21:38:03,688 [tramites.ANTECEDENTES] INFO: Iniciando trámite para CURP GALJ****
2026-07-08 21:38:03,700 [tramites.CitaINE] INFO: Iniciando cita INE...
2026-07-08 21:38:03,700 [tramites.CitaINE] INFO: Cita INE completada en 0.0s
2026-07-08 21:38:03,719 [tramites.CitaSAT] INFO: Iniciando cita SAT...
2026-07-08 21:38:03,720 [tramites.CitaSAT] INFO: Cita SAT completada en 0.0s
2026-07-08 21:38:03,743 [tramites.ControlConfianza] INFO: Iniciando Control de Confianza...
2026-07-08 21:38:03,744 [tramites.ControlConfianza] INFO: Control de Confianza completado en 0.0s
2026-07-08 21:38:03,768 [tramites.Semanas] INFO: Iniciando consulta de semanas cotizadas...
2026-07-08 21:38:03,768 [tramites.Semanas] INFO: Semanas completadas en 0.0s
2026-07-08 21:38:03,790 [tramites.Semanas] INFO: Iniciando consulta de semanas cotizadas...
2026-07-08 21:38:03,791 [tramites.Semanas] ERROR: Error en 0.0s: boom
2026-07-08 21:38:03,804 [tramites.RFC] INFO: Iniciando consulta RFC...
2026-07-08 21:38:03,804 [tramites.RFC] INFO: RFC completado en 0.0s
2026-07-08 21:38:03,823 [tramites.ActaNacimiento] INFO: Iniciando consulta de Acta de Nacimiento...
2026-07-08 21:38:03,824 [tramites.ActaNacimiento] INFO: Acta completada en 0.0s
2026-07-08 21:38:03,840 [tramites.Pasaporte] INFO: Iniciando cita de pasaporte...
2026-07-08 21:38:03,840 [tramites.Pasaporte] INFO: Cita pasaporte completada en 0.0s
2026-07-08 21:38:39,568 [tramites.API] ERROR: Error en consulta CURP
Traceback (most recent call last):
  File "D:\automatizacion\src\api.py", line 237, in consultar_curp
    resultado = await modulo.consultar(curp=req.curp.upper())
                ^^^^^^^^^^^^^^^^^^^^^^^^^^^^^^^^^^^^^^^^^^^^^
  File "C:\Users\MK\AppData\Local\Programs\Python\Python314\Lib\unittest\mock.py", line 2333, in _execute_mock_call
    raise effect
Exception: Mocked module
2026-07-08 21:38:39,618 [tramites.API] ERROR: Error en consulta NSS
Traceback (most recent call last):
  File "D:\automatizacion\src\api.py", line 251, in consultar_nss
    resultado = await modulo.consultar(
                ^^^^^^^^^^^^^^^^^^^^^^^
        curp=req.curp.upper(), correo=req.correo
        ^^^^^^^^^^^^^^^^^^^^^^^^^^^^^^^^^^^^^^^^
    )
    ^
  File "C:\Users\MK\AppData\Local\Programs\Python\Python314\Lib\unittest\mock.py", line 2333, in _execute_mock_call
    raise effect
Exception: Mocked module
2026-07-08 21:38:51,143 [tramites.test_mod] INFO: hello
2026-07-08 21:38:51,146 [tramites.test_mod] ERROR: error!
2026-07-08 21:38:51,917 [tramites.Buro] INFO: Iniciando consulta Buró de Crédito...
2026-07-08 21:38:51,918 [tramites.Buro] INFO: Buró completado en 0.0s
2026-07-08 21:38:51,929 [tramites.Circulo] INFO: Iniciando consulta Círculo de Crédito...
2026-07-08 21:38:51,930 [tramites.Circulo] INFO: Círculo completado en 0.0s
2026-07-08 21:38:51,963 [tramites.Buro] INFO: Iniciando consulta Buró de Crédito...
2026-07-08 21:38:51,964 [tramites.Buro] ERROR: Error en 0.0s: boom
2026-07-08 21:38:51,993 [tramites.CURP] INFO: Iniciando consulta...
2026-07-08 21:38:51,993 [tramites.CURP] INFO: Completado en 0.0s
2026-07-08 21:38:52,015 [tramites.CURP] INFO: Iniciando consulta...
2026-07-08 21:38:52,027 [tramites.CURP] INFO: Iniciando consulta...
2026-07-08 21:38:52,038 [tramites.NSS] INFO: Iniciando consulta para CURP GALJ****
2026-07-08 21:38:52,038 [tramites.NSS] INFO: Completado en 0.0s
2026-07-08 21:38:52,054 [tramites.TENENCIA] INFO: Consultando tenencia para placa ABC123
2026-07-08 21:38:52,055 [tramites.TENENCIA] INFO: Completado en 0.0s
2026-07-08 21:38:52,070 [tramites.ANTECEDENTES] INFO: Iniciando trámite para CURP GALJ****
2026-07-08 21:38:52,070 [tramites.ANTECEDENTES] INFO: Completado en 0.0s
2026-07-08 21:38:52,091 [tramites.ANTECEDENTES] INFO: Iniciando trámite para CURP GALJ****
2026-07-08 21:38:52,101 [tramites.CitaINE] INFO: Iniciando cita INE...
2026-07-08 21:38:52,102 [tramites.CitaINE] INFO: Cita INE completada en 0.0s
2026-07-08 21:38:52,141 [tramites.CitaSAT] INFO: Iniciando cita SAT...
2026-07-08 21:38:52,142 [tramites.CitaSAT] INFO: Cita SAT completada en 0.0s
2026-07-08 21:38:52,171 [tramites.ControlConfianza] INFO: Iniciando Control de Confianza...
2026-07-08 21:38:52,172 [tramites.ControlConfianza] INFO: Control de Confianza completado en 0.0s
2026-07-08 21:38:52,204 [tramites.Semanas] INFO: Iniciando consulta de semanas cotizadas...
2026-07-08 21:38:52,205 [tramites.Semanas] INFO: Semanas completadas en 0.0s
2026-07-08 21:38:52,238 [tramites.Semanas] INFO: Iniciando consulta de semanas cotizadas...
2026-07-08 21:38:52,238 [tramites.Semanas] ERROR: Error en 0.0s: boom
2026-07-08 21:38:52,253 [tramites.RFC] INFO: Iniciando consulta RFC...
2026-07-08 21:38:52,253 [tramites.RFC] INFO: RFC completado en 0.0s
2026-07-08 21:38:52,284 [tramites.ActaNacimiento] INFO: Iniciando consulta de Acta de Nacimiento...
2026-07-08 21:38:52,285 [tramites.ActaNacimiento] INFO: Acta completada en 0.0s
2026-07-08 21:38:52,310 [tramites.Pasaporte] INFO: Iniciando cita de pasaporte...
2026-07-08 21:38:52,310 [tramites.Pasaporte] INFO: Cita pasaporte completada en 0.0s
2026-07-08 21:39:28,286 [tramites.API] ERROR: Error en consulta CURP
Traceback (most recent call last):
  File "D:\automatizacion\src\api.py", line 237, in consultar_curp
    resultado = await modulo.consultar(curp=req.curp.upper())
                ^^^^^^^^^^^^^^^^^^^^^^^^^^^^^^^^^^^^^^^^^^^^^
  File "C:\Users\MK\AppData\Local\Programs\Python\Python314\Lib\unittest\mock.py", line 2333, in _execute_mock_call
    raise effect
Exception: Mocked module
2026-07-08 21:39:28,332 [tramites.API] ERROR: Error en consulta NSS
Traceback (most recent call last):
  File "D:\automatizacion\src\api.py", line 251, in consultar_nss
    resultado = await modulo.consultar(
                ^^^^^^^^^^^^^^^^^^^^^^^
        curp=req.curp.upper(), correo=req.correo
        ^^^^^^^^^^^^^^^^^^^^^^^^^^^^^^^^^^^^^^^^
    )
    ^
  File "C:\Users\MK\AppData\Local\Programs\Python\Python314\Lib\unittest\mock.py", line 2333, in _execute_mock_call
    raise effect
Exception: Mocked module
2026-07-08 21:39:40,462 [tramites.test_mod] INFO: hello
2026-07-08 21:39:40,465 [tramites.test_mod] ERROR: error!
2026-07-08 21:39:41,330 [tramites.Buro] INFO: Iniciando consulta Buró de Crédito...
2026-07-08 21:39:41,330 [tramites.Buro] INFO: Buró completado en 0.0s
2026-07-08 21:39:41,342 [tramites.Circulo] INFO: Iniciando consulta Círculo de Crédito...
2026-07-08 21:39:41,343 [tramites.Circulo] INFO: Círculo completado en 0.0s
2026-07-08 21:39:41,375 [tramites.Buro] INFO: Iniciando consulta Buró de Crédito...
2026-07-08 21:39:41,375 [tramites.Buro] ERROR: Error en 0.0s: boom
2026-07-08 21:39:41,403 [tramites.CURP] INFO: Iniciando consulta...
2026-07-08 21:39:41,404 [tramites.CURP] INFO: Completado en 0.0s
2026-07-08 21:39:41,421 [tramites.CURP] INFO: Iniciando consulta...
2026-07-08 21:39:41,431 [tramites.CURP] INFO: Iniciando consulta...
2026-07-08 21:39:41,443 [tramites.NSS] INFO: Iniciando consulta para CURP GALJ****
2026-07-08 21:39:41,444 [tramites.NSS] INFO: Completado en 0.0s
2026-07-08 21:39:41,462 [tramites.TENENCIA] INFO: Consultando tenencia para placa ABC123
2026-07-08 21:39:41,462 [tramites.TENENCIA] INFO: Completado en 0.0s
2026-07-08 21:39:41,479 [tramites.ANTECEDENTES] INFO: Iniciando trámite para CURP GALJ****
2026-07-08 21:39:41,479 [tramites.ANTECEDENTES] INFO: Completado en 0.0s
2026-07-08 21:39:41,502 [tramites.ANTECEDENTES] INFO: Iniciando trámite para CURP GALJ****
2026-07-08 21:39:41,511 [tramites.CitaINE] INFO: Iniciando cita INE...
2026-07-08 21:39:41,512 [tramites.CitaINE] INFO: Cita INE completada en 0.0s
2026-07-08 21:39:41,530 [tramites.CitaSAT] INFO: Iniciando cita SAT...
2026-07-08 21:39:41,531 [tramites.CitaSAT] INFO: Cita SAT completada en 0.0s
2026-07-08 21:39:41,547 [tramites.ControlConfianza] INFO: Iniciando Control de Confianza...
2026-07-08 21:39:41,548 [tramites.ControlConfianza] INFO: Control de Confianza completado en 0.0s
2026-07-08 21:39:41,565 [tramites.Semanas] INFO: Iniciando consulta de semanas cotizadas...
2026-07-08 21:39:41,566 [tramites.Semanas] INFO: Semanas completadas en 0.0s
2026-07-08 21:39:41,581 [tramites.Semanas] INFO: Iniciando consulta de semanas cotizadas...
2026-07-08 21:39:41,581 [tramites.Semanas] ERROR: Error en 0.0s: boom
2026-07-08 21:39:41,591 [tramites.RFC] INFO: Iniciando consulta RFC...
2026-07-08 21:39:41,592 [tramites.RFC] INFO: RFC completado en 0.0s
2026-07-08 21:39:41,610 [tramites.ActaNacimiento] INFO: Iniciando consulta de Acta de Nacimiento...
2026-07-08 21:39:41,611 [tramites.ActaNacimiento] INFO: Acta completada en 0.0s
2026-07-08 21:39:41,628 [tramites.Pasaporte] INFO: Iniciando cita de pasaporte...
2026-07-08 21:39:41,628 [tramites.Pasaporte] INFO: Cita pasaporte completada en 0.0s
2026-07-08 21:40:20,574 [tramites.API] ERROR: Error en consulta CURP
Traceback (most recent call last):
  File "D:\automatizacion\src\api.py", line 237, in consultar_curp
    resultado = await modulo.consultar(curp=req.curp.upper())
                ^^^^^^^^^^^^^^^^^^^^^^^^^^^^^^^^^^^^^^^^^^^^^
  File "C:\Users\MK\AppData\Local\Programs\Python\Python314\Lib\unittest\mock.py", line 2333, in _execute_mock_call
    raise effect
Exception: Mocked module
2026-07-08 21:40:20,618 [tramites.API] ERROR: Error en consulta NSS
Traceback (most recent call last):
  File "D:\automatizacion\src\api.py", line 251, in consultar_nss
    resultado = await modulo.consultar(
                ^^^^^^^^^^^^^^^^^^^^^^^
        curp=req.curp.upper(), correo=req.correo
        ^^^^^^^^^^^^^^^^^^^^^^^^^^^^^^^^^^^^^^^^
    )
    ^
  File "C:\Users\MK\AppData\Local\Programs\Python\Python314\Lib\unittest\mock.py", line 2333, in _execute_mock_call
    raise effect
Exception: Mocked module
2026-07-08 21:40:33,033 [tramites.test_mod] INFO: hello
2026-07-08 21:40:33,038 [tramites.test_mod] ERROR: error!
2026-07-08 21:40:33,869 [tramites.Buro] INFO: Iniciando consulta Buró de Crédito...
2026-07-08 21:40:33,869 [tramites.Buro] INFO: Buró completado en 0.0s
2026-07-08 21:40:33,880 [tramites.Circulo] INFO: Iniciando consulta Círculo de Crédito...
2026-07-08 21:40:33,880 [tramites.Circulo] INFO: Círculo completado en 0.0s
2026-07-08 21:40:33,905 [tramites.Buro] INFO: Iniciando consulta Buró de Crédito...
2026-07-08 21:40:33,906 [tramites.Buro] ERROR: Error en 0.0s: boom
2026-07-08 21:40:33,937 [tramites.CURP] INFO: Iniciando consulta...
2026-07-08 21:40:33,937 [tramites.CURP] INFO: Completado en 0.0s
2026-07-08 21:40:33,952 [tramites.CURP] INFO: Iniciando consulta...
2026-07-08 21:40:33,962 [tramites.CURP] INFO: Iniciando consulta...
2026-07-08 21:40:33,972 [tramites.NSS] INFO: Iniciando consulta para CURP GALJ****
2026-07-08 21:40:33,974 [tramites.NSS] INFO: Completado en 0.0s
2026-07-08 21:40:33,995 [tramites.TENENCIA] INFO: Consultando tenencia para placa ABC123
2026-07-08 21:40:33,995 [tramites.TENENCIA] INFO: Completado en 0.0s
2026-07-08 21:40:34,013 [tramites.ANTECEDENTES] INFO: Iniciando trámite para CURP GALJ****
2026-07-08 21:40:34,014 [tramites.ANTECEDENTES] INFO: Completado en 0.0s
2026-07-08 21:40:34,043 [tramites.ANTECEDENTES] INFO: Iniciando trámite para CURP GALJ****
2026-07-08 21:40:34,054 [tramites.CitaINE] INFO: Iniciando cita INE...
2026-07-08 21:40:34,054 [tramites.CitaINE] INFO: Cita INE completada en 0.0s
2026-07-08 21:40:34,070 [tramites.CitaSAT] INFO: Iniciando cita SAT...
2026-07-08 21:40:34,071 [tramites.CitaSAT] INFO: Cita SAT completada en 0.0s
2026-07-08 21:40:34,089 [tramites.ControlConfianza] INFO: Iniciando Control de Confianza...
2026-07-08 21:40:34,090 [tramites.ControlConfianza] INFO: Control de Confianza completado en 0.0s
2026-07-08 21:40:34,108 [tramites.Semanas] INFO: Iniciando consulta de semanas cotizadas...
2026-07-08 21:40:34,108 [tramites.Semanas] INFO: Semanas completadas en 0.0s
2026-07-08 21:40:34,133 [tramites.Semanas] INFO: Iniciando consulta de semanas cotizadas...
2026-07-08 21:40:34,134 [tramites.Semanas] ERROR: Error en 0.0s: boom
2026-07-08 21:40:34,149 [tramites.RFC] INFO: Iniciando consulta RFC...
2026-07-08 21:40:34,149 [tramites.RFC] INFO: RFC completado en 0.0s
2026-07-08 21:40:34,172 [tramites.ActaNacimiento] INFO: Iniciando consulta de Acta de Nacimiento...
2026-07-08 21:40:34,172 [tramites.ActaNacimiento] INFO: Acta completada en 0.0s
2026-07-08 21:40:34,196 [tramites.Pasaporte] INFO: Iniciando cita de pasaporte...
2026-07-08 21:40:34,196 [tramites.Pasaporte] INFO: Cita pasaporte completada en 0.0s
2026-07-08 21:44:00,434 [tramites.API] ERROR: Error en consulta CURP
Traceback (most recent call last):
  File "D:\automatizacion\src\api.py", line 237, in consultar_curp
    resultado = await modulo.consultar(curp=req.curp.upper())
                ^^^^^^^^^^^^^^^^^^^^^^^^^^^^^^^^^^^^^^^^^^^^^
  File "C:\Users\MK\AppData\Local\Programs\Python\Python314\Lib\unittest\mock.py", line 2333, in _execute_mock_call
    raise effect
Exception: Mocked module
2026-07-08 21:44:00,479 [tramites.API] ERROR: Error en consulta NSS
Traceback (most recent call last):
  File "D:\automatizacion\src\api.py", line 251, in consultar_nss
    resultado = await modulo.consultar(
                ^^^^^^^^^^^^^^^^^^^^^^^
        curp=req.curp.upper(), correo=req.correo
        ^^^^^^^^^^^^^^^^^^^^^^^^^^^^^^^^^^^^^^^^
    )
    ^
  File "C:\Users\MK\AppData\Local\Programs\Python\Python314\Lib\unittest\mock.py", line 2333, in _execute_mock_call
    raise effect
Exception: Mocked module
2026-07-08 21:44:12,289 [tramites.test_mod] INFO: hello
2026-07-08 21:44:12,292 [tramites.test_mod] ERROR: error!
2026-07-08 21:44:13,245 [tramites.Buro] INFO: Iniciando consulta Buró de Crédito...
2026-07-08 21:44:13,245 [tramites.Buro] INFO: Buró completado en 0.0s
2026-07-08 21:44:13,254 [tramites.Circulo] INFO: Iniciando consulta Círculo de Crédito...
2026-07-08 21:44:13,255 [tramites.Circulo] INFO: Círculo completado en 0.0s
2026-07-08 21:44:13,279 [tramites.Buro] INFO: Iniciando consulta Buró de Crédito...
2026-07-08 21:44:13,279 [tramites.Buro] ERROR: Error en 0.0s: boom
2026-07-08 21:44:13,304 [tramites.CURP] INFO: Iniciando consulta...
2026-07-08 21:44:13,304 [tramites.CURP] INFO: Completado en 0.0s
2026-07-08 21:44:13,321 [tramites.CURP] INFO: Iniciando consulta...
2026-07-08 21:44:13,330 [tramites.CURP] INFO: Iniciando consulta...
2026-07-08 21:44:13,340 [tramites.NSS] INFO: Iniciando consulta para CURP GALJ****
2026-07-08 21:44:13,341 [tramites.NSS] INFO: Completado en 0.0s
2026-07-08 21:44:13,360 [tramites.TENENCIA] INFO: Consultando tenencia para placa ABC123
2026-07-08 21:44:13,361 [tramites.TENENCIA] INFO: Completado en 0.0s
2026-07-08 21:44:13,377 [tramites.ANTECEDENTES] INFO: Iniciando trámite para CURP GALJ****
2026-07-08 21:44:13,377 [tramites.ANTECEDENTES] INFO: Completado en 0.0s
2026-07-08 21:44:13,399 [tramites.ANTECEDENTES] INFO: Iniciando trámite para CURP GALJ****
2026-07-08 21:44:13,408 [tramites.CitaINE] INFO: Iniciando cita INE...
2026-07-08 21:44:13,408 [tramites.CitaINE] INFO: Cita INE completada en 0.0s
2026-07-08 21:44:13,426 [tramites.CitaSAT] INFO: Iniciando cita SAT...
2026-07-08 21:44:13,426 [tramites.CitaSAT] INFO: Cita SAT completada en 0.0s
2026-07-08 21:44:13,443 [tramites.ControlConfianza] INFO: Iniciando Control de Confianza...
2026-07-08 21:44:13,444 [tramites.ControlConfianza] INFO: Control de Confianza completado en 0.0s
2026-07-08 21:44:13,461 [tramites.Semanas] INFO: Iniciando consulta de semanas cotizadas...
2026-07-08 21:44:13,461 [tramites.Semanas] INFO: Semanas completadas en 0.0s
2026-07-08 21:44:13,479 [tramites.Semanas] INFO: Iniciando consulta de semanas cotizadas...
2026-07-08 21:44:13,479 [tramites.Semanas] ERROR: Error en 0.0s: boom
2026-07-08 21:44:13,490 [tramites.RFC] INFO: Iniciando consulta RFC...
2026-07-08 21:44:13,491 [tramites.RFC] INFO: RFC completado en 0.0s
2026-07-08 21:44:13,510 [tramites.ActaNacimiento] INFO: Iniciando consulta de Acta de Nacimiento...
2026-07-08 21:44:13,510 [tramites.ActaNacimiento] INFO: Acta completada en 0.0s
2026-07-08 21:44:13,526 [tramites.Pasaporte] INFO: Iniciando cita de pasaporte...
2026-07-08 21:44:13,526 [tramites.Pasaporte] INFO: Cita pasaporte completada en 0.0s
2026-07-08 21:45:22,186 [tramites.API] ERROR: Error en consulta CURP
Traceback (most recent call last):
  File "D:\automatizacion\src\api.py", line 237, in consultar_curp
    resultado = await modulo.consultar(curp=req.curp.upper())
                ^^^^^^^^^^^^^^^^^^^^^^^^^^^^^^^^^^^^^^^^^^^^^
  File "C:\Users\MK\AppData\Local\Programs\Python\Python314\Lib\unittest\mock.py", line 2333, in _execute_mock_call
    raise effect
Exception: Mocked module
2026-07-08 21:45:22,230 [tramites.API] ERROR: Error en consulta NSS
Traceback (most recent call last):
  File "D:\automatizacion\src\api.py", line 251, in consultar_nss
    resultado = await modulo.consultar(
                ^^^^^^^^^^^^^^^^^^^^^^^
        curp=req.curp.upper(), correo=req.correo
        ^^^^^^^^^^^^^^^^^^^^^^^^^^^^^^^^^^^^^^^^
    )
    ^
  File "C:\Users\MK\AppData\Local\Programs\Python\Python314\Lib\unittest\mock.py", line 2333, in _execute_mock_call
    raise effect
Exception: Mocked module
2026-07-08 21:45:34,451 [tramites.test_mod] INFO: hello
2026-07-08 21:45:34,455 [tramites.test_mod] ERROR: error!
2026-07-08 21:45:35,374 [tramites.Buro] INFO: Iniciando consulta Buró de Crédito...
2026-07-08 21:45:35,374 [tramites.Buro] INFO: Buró completado en 0.0s
2026-07-08 21:45:35,385 [tramites.Circulo] INFO: Iniciando consulta Círculo de Crédito...
2026-07-08 21:45:35,385 [tramites.Circulo] INFO: Círculo completado en 0.0s
2026-07-08 21:45:35,417 [tramites.Buro] INFO: Iniciando consulta Buró de Crédito...
2026-07-08 21:45:35,418 [tramites.Buro] ERROR: Error en 0.0s: boom
2026-07-08 21:45:35,447 [tramites.CURP] INFO: Iniciando consulta...
2026-07-08 21:45:35,448 [tramites.CURP] INFO: Completado en 0.0s
2026-07-08 21:45:35,465 [tramites.CURP] INFO: Iniciando consulta...
2026-07-08 21:45:35,474 [tramites.CURP] INFO: Iniciando consulta...
2026-07-08 21:45:35,487 [tramites.NSS] INFO: Iniciando consulta para CURP GALJ****
2026-07-08 21:45:35,487 [tramites.NSS] INFO: Completado en 0.0s
2026-07-08 21:45:35,508 [tramites.TENENCIA] INFO: Consultando tenencia para placa ABC123
2026-07-08 21:45:35,508 [tramites.TENENCIA] INFO: Completado en 0.0s
2026-07-08 21:45:35,533 [tramites.ANTECEDENTES] INFO: Iniciando trámite para CURP GALJ****
2026-07-08 21:45:35,533 [tramites.ANTECEDENTES] INFO: Completado en 0.0s
2026-07-08 21:45:35,555 [tramites.ANTECEDENTES] INFO: Iniciando trámite para CURP GALJ****
2026-07-08 21:45:35,568 [tramites.CitaINE] INFO: Iniciando cita INE...
2026-07-08 21:45:35,568 [tramites.CitaINE] INFO: Cita INE completada en 0.0s
2026-07-08 21:45:35,585 [tramites.CitaSAT] INFO: Iniciando cita SAT...
2026-07-08 21:45:35,586 [tramites.CitaSAT] INFO: Cita SAT completada en 0.0s
2026-07-08 21:45:35,606 [tramites.ControlConfianza] INFO: Iniciando Control de Confianza...
2026-07-08 21:45:35,607 [tramites.ControlConfianza] INFO: Control de Confianza completado en 0.0s
2026-07-08 21:45:35,629 [tramites.Semanas] INFO: Iniciando consulta de semanas cotizadas...
2026-07-08 21:45:35,629 [tramites.Semanas] INFO: Semanas completadas en 0.0s
2026-07-08 21:45:35,647 [tramites.Semanas] INFO: Iniciando consulta de semanas cotizadas...
2026-07-08 21:45:35,647 [tramites.Semanas] ERROR: Error en 0.0s: boom
2026-07-08 21:45:35,658 [tramites.RFC] INFO: Iniciando consulta RFC...
2026-07-08 21:45:35,659 [tramites.RFC] INFO: RFC completado en 0.0s
2026-07-08 21:45:35,676 [tramites.ActaNacimiento] INFO: Iniciando consulta de Acta de Nacimiento...
2026-07-08 21:45:35,677 [tramites.ActaNacimiento] INFO: Acta completada en 0.0s
2026-07-08 21:45:35,696 [tramites.Pasaporte] INFO: Iniciando cita de pasaporte...
2026-07-08 21:45:35,697 [tramites.Pasaporte] INFO: Cita pasaporte completada en 0.0s
2026-07-08 22:31:41,940 [tramites.API] ERROR: Error en consulta CURP
Traceback (most recent call last):
  File "D:\automatizacion\src\api.py", line 237, in consultar_curp
    resultado = await modulo.consultar(curp=req.curp.upper())
                ^^^^^^^^^^^^^^^^^^^^^^^^^^^^^^^^^^^^^^^^^^^^^
  File "C:\Users\MK\AppData\Local\Programs\Python\Python314\Lib\unittest\mock.py", line 2333, in _execute_mock_call
    raise effect
Exception: Mocked module
2026-07-08 22:31:41,979 [tramites.API] ERROR: Error en consulta NSS
Traceback (most recent call last):
  File "D:\automatizacion\src\api.py", line 251, in consultar_nss
    resultado = await modulo.consultar(
                ^^^^^^^^^^^^^^^^^^^^^^^
        curp=req.curp.upper(), correo=req.correo
        ^^^^^^^^^^^^^^^^^^^^^^^^^^^^^^^^^^^^^^^^
    )
    ^
  File "C:\Users\MK\AppData\Local\Programs\Python\Python314\Lib\unittest\mock.py", line 2333, in _execute_mock_call
    raise effect
Exception: Mocked module
2026-07-08 22:32:36,546 [tramites.test_mod] INFO: hello
2026-07-08 22:32:36,549 [tramites.test_mod] ERROR: error!
2026-07-08 22:32:37,399 [tramites.Buro] INFO: Iniciando consulta Buró de Crédito...
2026-07-08 22:32:37,400 [tramites.Buro] INFO: Buró completado en 0.0s
2026-07-08 22:32:37,408 [tramites.Circulo] INFO: Iniciando consulta Círculo de Crédito...
2026-07-08 22:32:37,408 [tramites.Circulo] INFO: Círculo completado en 0.0s
2026-07-08 22:32:37,431 [tramites.Buro] INFO: Iniciando consulta Buró de Crédito...
2026-07-08 22:32:37,432 [tramites.Buro] ERROR: Error en 0.0s: boom
2026-07-08 22:32:37,456 [tramites.CURP] INFO: Iniciando consulta...
2026-07-08 22:32:37,457 [tramites.CURP] INFO: Completado en 0.0s
2026-07-08 22:32:37,474 [tramites.CURP] INFO: Iniciando consulta...
2026-07-08 22:32:37,483 [tramites.CURP] INFO: Iniciando consulta...
2026-07-08 22:32:37,492 [tramites.NSS] INFO: Iniciando consulta para CURP GALJ****
2026-07-08 22:32:37,493 [tramites.NSS] INFO: Completado en 0.0s
2026-07-08 22:32:37,511 [tramites.TENENCIA] INFO: Consultando tenencia para placa ABC123
2026-07-08 22:32:37,512 [tramites.TENENCIA] INFO: Completado en 0.0s
2026-07-08 22:32:37,527 [tramites.ANTECEDENTES] INFO: Iniciando trámite para CURP GALJ****
2026-07-08 22:32:37,527 [tramites.ANTECEDENTES] INFO: Completado en 0.0s
2026-07-08 22:32:37,545 [tramites.ANTECEDENTES] INFO: Iniciando trámite para CURP GALJ****
2026-07-08 22:32:37,557 [tramites.CitaINE] INFO: Iniciando cita INE...
2026-07-08 22:32:37,557 [tramites.CitaINE] INFO: Cita INE completada en 0.0s
2026-07-08 22:32:37,573 [tramites.CitaSAT] INFO: Iniciando cita SAT...
2026-07-08 22:32:37,573 [tramites.CitaSAT] INFO: Cita SAT completada en 0.0s
2026-07-08 22:32:37,592 [tramites.ControlConfianza] INFO: Iniciando Control de Confianza...
2026-07-08 22:32:37,592 [tramites.ControlConfianza] INFO: Control de Confianza completado en 0.0s
2026-07-08 22:32:37,611 [tramites.Semanas] INFO: Iniciando consulta de semanas cotizadas...
2026-07-08 22:32:37,611 [tramites.Semanas] INFO: Semanas completadas en 0.0s
2026-07-08 22:32:37,625 [tramites.Semanas] INFO: Iniciando consulta de semanas cotizadas...
2026-07-08 22:32:37,626 [tramites.Semanas] ERROR: Error en 0.0s: boom
2026-07-08 22:32:37,634 [tramites.RFC] INFO: Iniciando consulta RFC...
2026-07-08 22:32:37,634 [tramites.RFC] INFO: RFC completado en 0.0s
2026-07-08 22:32:37,653 [tramites.ActaNacimiento] INFO: Iniciando consulta de Acta de Nacimiento...
2026-07-08 22:32:37,654 [tramites.ActaNacimiento] INFO: Acta completada en 0.0s
2026-07-08 22:32:37,671 [tramites.Pasaporte] INFO: Iniciando cita de pasaporte...
2026-07-08 22:32:37,671 [tramites.Pasaporte] INFO: Cita pasaporte completada en 0.0s
2026-07-08 22:35:23,568 [tramites.API] ERROR: Error en consulta CURP
Traceback (most recent call last):
  File "D:\automatizacion\src\api.py", line 237, in consultar_curp
    resultado = await modulo.consultar(curp=req.curp.upper())
                ^^^^^^^^^^^^^^^^^^^^^^^^^^^^^^^^^^^^^^^^^^^^^
  File "C:\Users\MK\AppData\Local\Programs\Python\Python314\Lib\unittest\mock.py", line 2333, in _execute_mock_call
    raise effect
Exception: Mocked module
2026-07-08 22:35:23,601 [tramites.API] ERROR: Error en consulta NSS
Traceback (most recent call last):
  File "D:\automatizacion\src\api.py", line 251, in consultar_nss
    resultado = await modulo.consultar(
                ^^^^^^^^^^^^^^^^^^^^^^^
        curp=req.curp.upper(), correo=req.correo
        ^^^^^^^^^^^^^^^^^^^^^^^^^^^^^^^^^^^^^^^^
    )
    ^
  File "C:\Users\MK\AppData\Local\Programs\Python\Python314\Lib\unittest\mock.py", line 2333, in _execute_mock_call
    raise effect
Exception: Mocked module
2026-07-08 22:36:18,540 [tramites.test_mod] INFO: hello
2026-07-08 22:36:18,543 [tramites.test_mod] ERROR: error!
2026-07-08 22:36:19,449 [tramites.Buro] INFO: Iniciando consulta Buró de Crédito...
2026-07-08 22:36:19,450 [tramites.Buro] INFO: Buró completado en 0.0s
2026-07-08 22:36:19,463 [tramites.Circulo] INFO: Iniciando consulta Círculo de Crédito...
2026-07-08 22:36:19,464 [tramites.Circulo] INFO: Círculo completado en 0.0s
2026-07-08 22:36:19,505 [tramites.Buro] INFO: Iniciando consulta Buró de Crédito...
2026-07-08 22:36:19,505 [tramites.Buro] ERROR: Error en 0.0s: boom
2026-07-08 22:36:19,536 [tramites.CURP] INFO: Iniciando consulta...
2026-07-08 22:36:19,536 [tramites.CURP] INFO: Completado en 0.0s
2026-07-08 22:36:19,558 [tramites.CURP] INFO: Iniciando consulta...
2026-07-08 22:36:19,569 [tramites.CURP] INFO: Iniciando consulta...
2026-07-08 22:36:19,584 [tramites.NSS] INFO: Iniciando consulta para CURP GALJ****
2026-07-08 22:36:19,585 [tramites.NSS] INFO: Completado en 0.0s
2026-07-08 22:36:19,608 [tramites.TENENCIA] INFO: Consultando tenencia para placa ABC123
2026-07-08 22:36:19,609 [tramites.TENENCIA] INFO: Completado en 0.0s
2026-07-08 22:36:19,626 [tramites.ANTECEDENTES] INFO: Iniciando trámite para CURP GALJ****
2026-07-08 22:36:19,627 [tramites.ANTECEDENTES] INFO: Completado en 0.0s
2026-07-08 22:36:19,647 [tramites.ANTECEDENTES] INFO: Iniciando trámite para CURP GALJ****
2026-07-08 22:36:19,660 [tramites.CitaINE] INFO: Iniciando cita INE...
2026-07-08 22:36:19,660 [tramites.CitaINE] INFO: Cita INE completada en 0.0s
2026-07-08 22:36:19,689 [tramites.CitaSAT] INFO: Iniciando cita SAT...
2026-07-08 22:36:19,690 [tramites.CitaSAT] INFO: Cita SAT completada en 0.0s
2026-07-08 22:36:19,710 [tramites.ControlConfianza] INFO: Iniciando Control de Confianza...
2026-07-08 22:36:19,710 [tramites.ControlConfianza] INFO: Control de Confianza completado en 0.0s
2026-07-08 22:36:19,736 [tramites.Semanas] INFO: Iniciando consulta de semanas cotizadas...
2026-07-08 22:36:19,737 [tramites.Semanas] INFO: Semanas completadas en 0.0s
2026-07-08 22:36:19,755 [tramites.Semanas] INFO: Iniciando consulta de semanas cotizadas...
2026-07-08 22:36:19,756 [tramites.Semanas] ERROR: Error en 0.0s: boom
2026-07-08 22:36:19,767 [tramites.RFC] INFO: Iniciando consulta RFC...
2026-07-08 22:36:19,768 [tramites.RFC] INFO: RFC completado en 0.0s
2026-07-08 22:36:19,789 [tramites.ActaNacimiento] INFO: Iniciando consulta de Acta de Nacimiento...
2026-07-08 22:36:19,790 [tramites.ActaNacimiento] INFO: Acta completada en 0.0s
2026-07-08 22:36:19,813 [tramites.Pasaporte] INFO: Iniciando cita de pasaporte...
2026-07-08 22:36:19,813 [tramites.Pasaporte] INFO: Cita pasaporte completada en 0.0s
2026-07-08 22:39:04,104 [tramites.API] ERROR: Error en consulta CURP
Traceback (most recent call last):
  File "D:\automatizacion\src\api.py", line 237, in consultar_curp
    resultado = await modulo.consultar(curp=req.curp.upper())
                ^^^^^^^^^^^^^^^^^^^^^^^^^^^^^^^^^^^^^^^^^^^^^
  File "C:\Users\MK\AppData\Local\Programs\Python\Python314\Lib\unittest\mock.py", line 2333, in _execute_mock_call
    raise effect
Exception: Mocked module
2026-07-08 22:39:04,143 [tramites.API] ERROR: Error en consulta NSS
Traceback (most recent call last):
  File "D:\automatizacion\src\api.py", line 251, in consultar_nss
    resultado = await modulo.consultar(
                ^^^^^^^^^^^^^^^^^^^^^^^
        curp=req.curp.upper(), correo=req.correo
        ^^^^^^^^^^^^^^^^^^^^^^^^^^^^^^^^^^^^^^^^
    )
    ^
  File "C:\Users\MK\AppData\Local\Programs\Python\Python314\Lib\unittest\mock.py", line 2333, in _execute_mock_call
    raise effect
Exception: Mocked module
2026-07-08 22:39:59,000 [tramites.test_mod] INFO: hello
2026-07-08 22:39:59,002 [tramites.test_mod] ERROR: error!
2026-07-08 22:39:59,810 [tramites.Buro] INFO: Iniciando consulta Buró de Crédito...
2026-07-08 22:39:59,810 [tramites.Buro] INFO: Buró completado en 0.0s
2026-07-08 22:39:59,819 [tramites.Circulo] INFO: Iniciando consulta Círculo de Crédito...
2026-07-08 22:39:59,819 [tramites.Circulo] INFO: Círculo completado en 0.0s
2026-07-08 22:39:59,845 [tramites.Buro] INFO: Iniciando consulta Buró de Crédito...
2026-07-08 22:39:59,846 [tramites.Buro] ERROR: Error en 0.0s: boom
2026-07-08 22:39:59,870 [tramites.CURP] INFO: Iniciando consulta...
2026-07-08 22:39:59,871 [tramites.CURP] INFO: Completado en 0.0s
2026-07-08 22:39:59,886 [tramites.CURP] INFO: Iniciando consulta...
2026-07-08 22:39:59,894 [tramites.CURP] INFO: Iniciando consulta...
2026-07-08 22:39:59,910 [tramites.NSS] INFO: Iniciando consulta para CURP GALJ****
2026-07-08 22:39:59,910 [tramites.NSS] INFO: Completado en 0.0s
2026-07-08 22:39:59,926 [tramites.TENENCIA] INFO: Consultando tenencia para placa ABC123
2026-07-08 22:39:59,927 [tramites.TENENCIA] INFO: Completado en 0.0s
2026-07-08 22:39:59,940 [tramites.ANTECEDENTES] INFO: Iniciando trámite para CURP GALJ****
2026-07-08 22:39:59,941 [tramites.ANTECEDENTES] INFO: Completado en 0.0s
2026-07-08 22:39:59,956 [tramites.ANTECEDENTES] INFO: Iniciando trámite para CURP GALJ****
2026-07-08 22:39:59,968 [tramites.CitaINE] INFO: Iniciando cita INE...
2026-07-08 22:39:59,969 [tramites.CitaINE] INFO: Cita INE completada en 0.0s
2026-07-08 22:39:59,985 [tramites.CitaSAT] INFO: Iniciando cita SAT...
2026-07-08 22:39:59,985 [tramites.CitaSAT] INFO: Cita SAT completada en 0.0s
2026-07-08 22:40:00,002 [tramites.ControlConfianza] INFO: Iniciando Control de Confianza...
2026-07-08 22:40:00,002 [tramites.ControlConfianza] INFO: Control de Confianza completado en 0.0s
2026-07-08 22:40:00,026 [tramites.Semanas] INFO: Iniciando consulta de semanas cotizadas...
2026-07-08 22:40:00,027 [tramites.Semanas] INFO: Semanas completadas en 0.0s
2026-07-08 22:40:00,049 [tramites.Semanas] INFO: Iniciando consulta de semanas cotizadas...
2026-07-08 22:40:00,050 [tramites.Semanas] ERROR: Error en 0.0s: boom
2026-07-08 22:40:00,062 [tramites.RFC] INFO: Iniciando consulta RFC...
2026-07-08 22:40:00,062 [tramites.RFC] INFO: RFC completado en 0.0s
2026-07-08 22:40:00,081 [tramites.ActaNacimiento] INFO: Iniciando consulta de Acta de Nacimiento...
2026-07-08 22:40:00,082 [tramites.ActaNacimiento] INFO: Acta completada en 0.0s
2026-07-08 22:40:00,103 [tramites.Pasaporte] INFO: Iniciando cita de pasaporte...
2026-07-08 22:40:00,104 [tramites.Pasaporte] INFO: Cita pasaporte completada en 0.0s
2026-07-08 22:42:44,912 [tramites.API] ERROR: Error en consulta CURP
Traceback (most recent call last):
  File "D:\automatizacion\src\api.py", line 237, in consultar_curp
    resultado = await modulo.consultar(curp=req.curp.upper())
                ^^^^^^^^^^^^^^^^^^^^^^^^^^^^^^^^^^^^^^^^^^^^^
  File "C:\Users\MK\AppData\Local\Programs\Python\Python314\Lib\unittest\mock.py", line 2333, in _execute_mock_call
    raise effect
Exception: Mocked module
2026-07-08 22:42:44,951 [tramites.API] ERROR: Error en consulta NSS
Traceback (most recent call last):
  File "D:\automatizacion\src\api.py", line 251, in consultar_nss
    resultado = await modulo.consultar(
                ^^^^^^^^^^^^^^^^^^^^^^^
        curp=req.curp.upper(), correo=req.correo
        ^^^^^^^^^^^^^^^^^^^^^^^^^^^^^^^^^^^^^^^^
    )
    ^
  File "C:\Users\MK\AppData\Local\Programs\Python\Python314\Lib\unittest\mock.py", line 2333, in _execute_mock_call
    raise effect
Exception: Mocked module
2026-07-08 22:43:40,038 [tramites.test_mod] INFO: hello
2026-07-08 22:43:40,042 [tramites.test_mod] ERROR: error!
2026-07-08 22:43:40,841 [tramites.Buro] INFO: Iniciando consulta Buró de Crédito...
2026-07-08 22:43:40,842 [tramites.Buro] INFO: Buró completado en 0.0s
2026-07-08 22:43:40,851 [tramites.Circulo] INFO: Iniciando consulta Círculo de Crédito...
2026-07-08 22:43:40,851 [tramites.Circulo] INFO: Círculo completado en 0.0s
2026-07-08 22:43:40,880 [tramites.Buro] INFO: Iniciando consulta Buró de Crédito...
2026-07-08 22:43:40,880 [tramites.Buro] ERROR: Error en 0.0s: boom
2026-07-08 22:43:40,903 [tramites.CURP] INFO: Iniciando consulta...
2026-07-08 22:43:40,903 [tramites.CURP] INFO: Completado en 0.0s
2026-07-08 22:43:40,921 [tramites.CURP] INFO: Iniciando consulta...
2026-07-08 22:43:40,933 [tramites.CURP] INFO: Iniciando consulta...
2026-07-08 22:43:40,946 [tramites.NSS] INFO: Iniciando consulta para CURP GALJ****
2026-07-08 22:43:40,947 [tramites.NSS] INFO: Completado en 0.0s
2026-07-08 22:43:40,975 [tramites.TENENCIA] INFO: Consultando tenencia para placa ABC123
2026-07-08 22:43:40,975 [tramites.TENENCIA] INFO: Completado en 0.0s
2026-07-08 22:43:40,991 [tramites.ANTECEDENTES] INFO: Iniciando trámite para CURP GALJ****
2026-07-08 22:43:40,992 [tramites.ANTECEDENTES] INFO: Completado en 0.0s
2026-07-08 22:43:41,008 [tramites.ANTECEDENTES] INFO: Iniciando trámite para CURP GALJ****
2026-07-08 22:43:41,019 [tramites.CitaINE] INFO: Iniciando cita INE...
2026-07-08 22:43:41,019 [tramites.CitaINE] INFO: Cita INE completada en 0.0s
2026-07-08 22:43:41,036 [tramites.CitaSAT] INFO: Iniciando cita SAT...
2026-07-08 22:43:41,036 [tramites.CitaSAT] INFO: Cita SAT completada en 0.0s
2026-07-08 22:43:41,054 [tramites.ControlConfianza] INFO: Iniciando Control de Confianza...
2026-07-08 22:43:41,055 [tramites.ControlConfianza] INFO: Control de Confianza completado en 0.0s
2026-07-08 22:43:41,076 [tramites.Semanas] INFO: Iniciando consulta de semanas cotizadas...
2026-07-08 22:43:41,077 [tramites.Semanas] INFO: Semanas completadas en 0.0s
2026-07-08 22:43:41,092 [tramites.Semanas] INFO: Iniciando consulta de semanas cotizadas...
2026-07-08 22:43:41,092 [tramites.Semanas] ERROR: Error en 0.0s: boom
2026-07-08 22:43:41,102 [tramites.RFC] INFO: Iniciando consulta RFC...
2026-07-08 22:43:41,103 [tramites.RFC] INFO: RFC completado en 0.0s
2026-07-08 22:43:41,123 [tramites.ActaNacimiento] INFO: Iniciando consulta de Acta de Nacimiento...
2026-07-08 22:43:41,123 [tramites.ActaNacimiento] INFO: Acta completada en 0.0s
2026-07-08 22:43:41,141 [tramites.Pasaporte] INFO: Iniciando cita de pasaporte...
2026-07-08 22:43:41,141 [tramites.Pasaporte] INFO: Cita pasaporte completada en 0.0s
2026-07-08 22:46:32,895 [tramites.API] ERROR: Error en consulta CURP
Traceback (most recent call last):
  File "D:\automatizacion\src\api.py", line 237, in consultar_curp
    resultado = await modulo.consultar(curp=req.curp.upper())
                ^^^^^^^^^^^^^^^^^^^^^^^^^^^^^^^^^^^^^^^^^^^^^
  File "C:\Users\MK\AppData\Local\Programs\Python\Python314\Lib\unittest\mock.py", line 2333, in _execute_mock_call
    raise effect
Exception: Mocked module
2026-07-08 22:46:32,939 [tramites.API] ERROR: Error en consulta NSS
Traceback (most recent call last):
  File "D:\automatizacion\src\api.py", line 251, in consultar_nss
    resultado = await modulo.consultar(
                ^^^^^^^^^^^^^^^^^^^^^^^
        curp=req.curp.upper(), correo=req.correo
        ^^^^^^^^^^^^^^^^^^^^^^^^^^^^^^^^^^^^^^^^
    )
    ^
  File "C:\Users\MK\AppData\Local\Programs\Python\Python314\Lib\unittest\mock.py", line 2333, in _execute_mock_call
    raise effect
Exception: Mocked module
2026-07-08 22:47:28,103 [tramites.test_mod] INFO: hello
2026-07-08 22:47:28,108 [tramites.test_mod] ERROR: error!
2026-07-08 22:47:29,022 [tramites.Buro] INFO: Iniciando consulta Buró de Crédito...
2026-07-08 22:47:29,022 [tramites.Buro] INFO: Buró completado en 0.0s
2026-07-08 22:47:29,036 [tramites.Circulo] INFO: Iniciando consulta Círculo de Crédito...
2026-07-08 22:47:29,036 [tramites.Circulo] INFO: Círculo completado en 0.0s
2026-07-08 22:47:29,065 [tramites.Buro] INFO: Iniciando consulta Buró de Crédito...
2026-07-08 22:47:29,065 [tramites.Buro] ERROR: Error en 0.0s: boom
2026-07-08 22:47:29,089 [tramites.CURP] INFO: Iniciando consulta...
2026-07-08 22:47:29,089 [tramites.CURP] INFO: Completado en 0.0s
2026-07-08 22:47:29,113 [tramites.CURP] INFO: Iniciando consulta...
2026-07-08 22:47:29,125 [tramites.CURP] INFO: Iniciando consulta...
2026-07-08 22:47:29,134 [tramites.NSS] INFO: Iniciando consulta para CURP GALJ****
2026-07-08 22:47:29,134 [tramites.NSS] INFO: Completado en 0.0s
2026-07-08 22:47:29,156 [tramites.TENENCIA] INFO: Consultando tenencia para placa ABC123
2026-07-08 22:47:29,156 [tramites.TENENCIA] INFO: Completado en 0.0s
2026-07-08 22:47:29,170 [tramites.ANTECEDENTES] INFO: Iniciando trámite para CURP GALJ****
2026-07-08 22:47:29,170 [tramites.ANTECEDENTES] INFO: Completado en 0.0s
2026-07-08 22:47:29,184 [tramites.ANTECEDENTES] INFO: Iniciando trámite para CURP GALJ****
2026-07-08 22:47:29,192 [tramites.CitaINE] INFO: Iniciando cita INE...
2026-07-08 22:47:29,192 [tramites.CitaINE] INFO: Cita INE completada en 0.0s
2026-07-08 22:47:29,207 [tramites.CitaSAT] INFO: Iniciando cita SAT...
2026-07-08 22:47:29,208 [tramites.CitaSAT] INFO: Cita SAT completada en 0.0s
2026-07-08 22:47:29,224 [tramites.ControlConfianza] INFO: Iniciando Control de Confianza...
2026-07-08 22:47:29,225 [tramites.ControlConfianza] INFO: Control de Confianza completado en 0.0s
2026-07-08 22:47:29,243 [tramites.Semanas] INFO: Iniciando consulta de semanas cotizadas...
2026-07-08 22:47:29,243 [tramites.Semanas] INFO: Semanas completadas en 0.0s
2026-07-08 22:47:29,259 [tramites.Semanas] INFO: Iniciando consulta de semanas cotizadas...
2026-07-08 22:47:29,259 [tramites.Semanas] ERROR: Error en 0.0s: boom
2026-07-08 22:47:29,268 [tramites.RFC] INFO: Iniciando consulta RFC...
2026-07-08 22:47:29,268 [tramites.RFC] INFO: RFC completado en 0.0s
2026-07-08 22:47:29,283 [tramites.ActaNacimiento] INFO: Iniciando consulta de Acta de Nacimiento...
2026-07-08 22:47:29,283 [tramites.ActaNacimiento] INFO: Acta completada en 0.0s
2026-07-08 22:47:29,296 [tramites.Pasaporte] INFO: Iniciando cita de pasaporte...
2026-07-08 22:47:29,297 [tramites.Pasaporte] INFO: Cita pasaporte completada en 0.0s
2026-07-08 22:50:24,527 [tramites.API] ERROR: Error en consulta CURP
Traceback (most recent call last):
  File "D:\automatizacion\src\api.py", line 237, in consultar_curp
    resultado = await modulo.consultar(curp=req.curp.upper())
                ^^^^^^^^^^^^^^^^^^^^^^^^^^^^^^^^^^^^^^^^^^^^^
  File "C:\Users\MK\AppData\Local\Programs\Python\Python314\Lib\unittest\mock.py", line 2333, in _execute_mock_call
    raise effect
Exception: Mocked module
2026-07-08 22:50:24,581 [tramites.API] ERROR: Error en consulta NSS
Traceback (most recent call last):
  File "D:\automatizacion\src\api.py", line 251, in consultar_nss
    resultado = await modulo.consultar(
                ^^^^^^^^^^^^^^^^^^^^^^^
        curp=req.curp.upper(), correo=req.correo
        ^^^^^^^^^^^^^^^^^^^^^^^^^^^^^^^^^^^^^^^^
    )
    ^
  File "C:\Users\MK\AppData\Local\Programs\Python\Python314\Lib\unittest\mock.py", line 2333, in _execute_mock_call
    raise effect
Exception: Mocked module
2026-07-08 22:51:20,884 [tramites.test_mod] INFO: hello
2026-07-08 22:51:20,888 [tramites.test_mod] ERROR: error!
2026-07-08 22:51:21,920 [tramites.Buro] INFO: Iniciando consulta Buró de Crédito...
2026-07-08 22:51:21,921 [tramites.Buro] INFO: Buró completado en 0.0s
2026-07-08 22:51:21,931 [tramites.Circulo] INFO: Iniciando consulta Círculo de Crédito...
2026-07-08 22:51:21,932 [tramites.Circulo] INFO: Círculo completado en 0.0s
2026-07-08 22:51:21,968 [tramites.Buro] INFO: Iniciando consulta Buró de Crédito...
2026-07-08 22:51:21,968 [tramites.Buro] ERROR: Error en 0.0s: boom
2026-07-08 22:51:21,997 [tramites.CURP] INFO: Iniciando consulta...
2026-07-08 22:51:21,998 [tramites.CURP] INFO: Completado en 0.0s
2026-07-08 22:51:22,019 [tramites.CURP] INFO: Iniciando consulta...
2026-07-08 22:51:22,029 [tramites.CURP] INFO: Iniciando consulta...
2026-07-08 22:51:22,048 [tramites.NSS] INFO: Iniciando consulta para CURP GALJ****
2026-07-08 22:51:22,049 [tramites.NSS] INFO: Completado en 0.0s
2026-07-08 22:51:22,071 [tramites.TENENCIA] INFO: Consultando tenencia para placa ABC123
2026-07-08 22:51:22,071 [tramites.TENENCIA] INFO: Completado en 0.0s
2026-07-08 22:51:22,090 [tramites.ANTECEDENTES] INFO: Iniciando trámite para CURP GALJ****
2026-07-08 22:51:22,090 [tramites.ANTECEDENTES] INFO: Completado en 0.0s
2026-07-08 22:51:22,110 [tramites.ANTECEDENTES] INFO: Iniciando trámite para CURP GALJ****
2026-07-08 22:51:22,118 [tramites.CitaINE] INFO: Iniciando cita INE...
2026-07-08 22:51:22,119 [tramites.CitaINE] INFO: Cita INE completada en 0.0s
2026-07-08 22:51:22,135 [tramites.CitaSAT] INFO: Iniciando cita SAT...
2026-07-08 22:51:22,136 [tramites.CitaSAT] INFO: Cita SAT completada en 0.0s
2026-07-08 22:51:22,154 [tramites.ControlConfianza] INFO: Iniciando Control de Confianza...
2026-07-08 22:51:22,155 [tramites.ControlConfianza] INFO: Control de Confianza completado en 0.0s
2026-07-08 22:51:22,177 [tramites.Semanas] INFO: Iniciando consulta de semanas cotizadas...
2026-07-08 22:51:22,178 [tramites.Semanas] INFO: Semanas completadas en 0.0s
2026-07-08 22:51:22,197 [tramites.Semanas] INFO: Iniciando consulta de semanas cotizadas...
2026-07-08 22:51:22,197 [tramites.Semanas] ERROR: Error en 0.0s: boom
2026-07-08 22:51:22,207 [tramites.RFC] INFO: Iniciando consulta RFC...
2026-07-08 22:51:22,208 [tramites.RFC] INFO: RFC completado en 0.0s
2026-07-08 22:51:22,223 [tramites.ActaNacimiento] INFO: Iniciando consulta de Acta de Nacimiento...
2026-07-08 22:51:22,223 [tramites.ActaNacimiento] INFO: Acta completada en 0.0s
2026-07-08 22:51:22,243 [tramites.Pasaporte] INFO: Iniciando cita de pasaporte...
2026-07-08 22:51:22,244 [tramites.Pasaporte] INFO: Cita pasaporte completada en 0.0s
2026-07-08 22:55:45,080 [tramites.API] ERROR: Error en consulta CURP
Traceback (most recent call last):
  File "D:\automatizacion\src\api.py", line 237, in consultar_curp
    resultado = await modulo.consultar(curp=req.curp.upper())
                ^^^^^^^^^^^^^^^^^^^^^^^^^^^^^^^^^^^^^^^^^^^^^
  File "C:\Users\MK\AppData\Local\Programs\Python\Python314\Lib\unittest\mock.py", line 2333, in _execute_mock_call
    raise effect
Exception: Mocked module
2026-07-08 22:55:45,203 [tramites.API] ERROR: Error en consulta NSS
Traceback (most recent call last):
  File "D:\automatizacion\src\api.py", line 251, in consultar_nss
    resultado = await modulo.consultar(
                ^^^^^^^^^^^^^^^^^^^^^^^
        curp=req.curp.upper(), correo=req.correo
        ^^^^^^^^^^^^^^^^^^^^^^^^^^^^^^^^^^^^^^^^
    )
    ^
  File "C:\Users\MK\AppData\Local\Programs\Python\Python314\Lib\unittest\mock.py", line 2333, in _execute_mock_call
    raise effect
Exception: Mocked module
2026-07-08 22:56:47,392 [tramites.test_mod] INFO: hello
2026-07-08 22:56:47,396 [tramites.test_mod] ERROR: error!
2026-07-08 22:56:48,531 [tramites.Buro] INFO: Iniciando consulta Buró de Crédito...
2026-07-08 22:56:48,532 [tramites.Buro] INFO: Buró completado en 0.0s
2026-07-08 22:56:48,549 [tramites.Circulo] INFO: Iniciando consulta Círculo de Crédito...
2026-07-08 22:56:48,550 [tramites.Circulo] INFO: Círculo completado en 0.0s
2026-07-08 22:56:48,583 [tramites.Buro] INFO: Iniciando consulta Buró de Crédito...
2026-07-08 22:56:48,584 [tramites.Buro] ERROR: Error en 0.0s: boom
2026-07-08 22:56:48,616 [tramites.CURP] INFO: Iniciando consulta...
2026-07-08 22:56:48,616 [tramites.CURP] INFO: Completado en 0.0s
2026-07-08 22:56:48,633 [tramites.CURP] INFO: Iniciando consulta...
2026-07-08 22:56:48,650 [tramites.CURP] INFO: Iniciando consulta...
2026-07-08 22:56:48,675 [tramites.NSS] INFO: Iniciando consulta para CURP GALJ****
2026-07-08 22:56:48,675 [tramites.NSS] INFO: Completado en 0.0s
2026-07-08 22:56:48,713 [tramites.TENENCIA] INFO: Consultando tenencia para placa ABC123
2026-07-08 22:56:48,714 [tramites.TENENCIA] INFO: Completado en 0.0s
2026-07-08 22:56:48,744 [tramites.ANTECEDENTES] INFO: Iniciando trámite para CURP GALJ****
2026-07-08 22:56:48,745 [tramites.ANTECEDENTES] INFO: Completado en 0.0s
2026-07-08 22:56:48,768 [tramites.ANTECEDENTES] INFO: Iniciando trámite para CURP GALJ****
2026-07-08 22:56:48,781 [tramites.CitaINE] INFO: Iniciando cita INE...
2026-07-08 22:56:48,782 [tramites.CitaINE] INFO: Cita INE completada en 0.0s
2026-07-08 22:56:48,811 [tramites.CitaSAT] INFO: Iniciando cita SAT...
2026-07-08 22:56:48,811 [tramites.CitaSAT] INFO: Cita SAT completada en 0.0s
2026-07-08 22:56:48,833 [tramites.ControlConfianza] INFO: Iniciando Control de Confianza...
2026-07-08 22:56:48,834 [tramites.ControlConfianza] INFO: Control de Confianza completado en 0.0s
2026-07-08 22:56:48,858 [tramites.Semanas] INFO: Iniciando consulta de semanas cotizadas...
2026-07-08 22:56:48,859 [tramites.Semanas] INFO: Semanas completadas en 0.0s
2026-07-08 22:56:48,877 [tramites.Semanas] INFO: Iniciando consulta de semanas cotizadas...
2026-07-08 22:56:48,878 [tramites.Semanas] ERROR: Error en 0.0s: boom
2026-07-08 22:56:48,888 [tramites.RFC] INFO: Iniciando consulta RFC...
2026-07-08 22:56:48,889 [tramites.RFC] INFO: RFC completado en 0.0s
2026-07-08 22:56:48,911 [tramites.ActaNacimiento] INFO: Iniciando consulta de Acta de Nacimiento...
2026-07-08 22:56:48,911 [tramites.ActaNacimiento] INFO: Acta completada en 0.0s
2026-07-08 22:56:48,931 [tramites.Pasaporte] INFO: Iniciando cita de pasaporte...
2026-07-08 22:56:48,931 [tramites.Pasaporte] INFO: Cita pasaporte completada en 0.0s
2026-07-08 23:19:17,987 [tramites.API] ERROR: Error en consulta CURP
Traceback (most recent call last):
  File "D:\automatizacion\src\api.py", line 237, in consultar_curp
    resultado = await modulo.consultar(curp=req.curp.upper())
                ^^^^^^^^^^^^^^^^^^^^^^^^^^^^^^^^^^^^^^^^^^^^^
  File "C:\Users\MK\AppData\Local\Programs\Python\Python314\Lib\unittest\mock.py", line 2333, in _execute_mock_call
    raise effect
Exception: Mocked module
2026-07-08 23:19:18,022 [tramites.API] ERROR: Error en consulta NSS
Traceback (most recent call last):
  File "D:\automatizacion\src\api.py", line 251, in consultar_nss
    resultado = await modulo.consultar(
                ^^^^^^^^^^^^^^^^^^^^^^^
        curp=req.curp.upper(), correo=req.correo
        ^^^^^^^^^^^^^^^^^^^^^^^^^^^^^^^^^^^^^^^^
    )
    ^
  File "C:\Users\MK\AppData\Local\Programs\Python\Python314\Lib\unittest\mock.py", line 2333, in _execute_mock_call
    raise effect
Exception: Mocked module
2026-07-08 23:20:12,384 [tramites.test_mod] INFO: hello
2026-07-08 23:20:12,387 [tramites.test_mod] ERROR: error!
2026-07-08 23:20:13,157 [tramites.Buro] INFO: Iniciando consulta Buró de Crédito...
2026-07-08 23:20:13,157 [tramites.Buro] INFO: Buró completado en 0.0s
2026-07-08 23:20:13,166 [tramites.Circulo] INFO: Iniciando consulta Círculo de Crédito...
2026-07-08 23:20:13,167 [tramites.Circulo] INFO: Círculo completado en 0.0s
2026-07-08 23:20:13,195 [tramites.Buro] INFO: Iniciando consulta Buró de Crédito...
2026-07-08 23:20:13,196 [tramites.Buro] ERROR: Error en 0.0s: boom
2026-07-08 23:20:13,218 [tramites.CURP] INFO: Iniciando consulta...
2026-07-08 23:20:13,219 [tramites.CURP] INFO: Completado en 0.0s
2026-07-08 23:20:13,233 [tramites.CURP] INFO: Iniciando consulta...
2026-07-08 23:20:13,244 [tramites.CURP] INFO: Iniciando consulta...
2026-07-08 23:20:13,261 [tramites.NSS] INFO: Iniciando consulta para CURP GALJ****
2026-07-08 23:20:13,262 [tramites.NSS] INFO: Completado en 0.0s
2026-07-08 23:20:13,279 [tramites.TENENCIA] INFO: Consultando tenencia para placa ABC123
2026-07-08 23:20:13,279 [tramites.TENENCIA] INFO: Completado en 0.0s
2026-07-08 23:20:13,294 [tramites.ANTECEDENTES] INFO: Iniciando trámite para CURP GALJ****
2026-07-08 23:20:13,294 [tramites.ANTECEDENTES] INFO: Completado en 0.0s
2026-07-08 23:20:13,312 [tramites.ANTECEDENTES] INFO: Iniciando trámite para CURP GALJ****
2026-07-08 23:20:13,321 [tramites.CitaINE] INFO: Iniciando cita INE...
2026-07-08 23:20:13,322 [tramites.CitaINE] INFO: Cita INE completada en 0.0s
2026-07-08 23:20:13,337 [tramites.CitaSAT] INFO: Iniciando cita SAT...
2026-07-08 23:20:13,338 [tramites.CitaSAT] INFO: Cita SAT completada en 0.0s
2026-07-08 23:20:13,353 [tramites.ControlConfianza] INFO: Iniciando Control de Confianza...
2026-07-08 23:20:13,353 [tramites.ControlConfianza] INFO: Control de Confianza completado en 0.0s
2026-07-08 23:20:13,370 [tramites.Semanas] INFO: Iniciando consulta de semanas cotizadas...
2026-07-08 23:20:13,371 [tramites.Semanas] INFO: Semanas completadas en 0.0s
2026-07-08 23:20:13,387 [tramites.Semanas] INFO: Iniciando consulta de semanas cotizadas...
2026-07-08 23:20:13,388 [tramites.Semanas] ERROR: Error en 0.0s: boom
2026-07-08 23:20:13,399 [tramites.RFC] INFO: Iniciando consulta RFC...
2026-07-08 23:20:13,400 [tramites.RFC] INFO: RFC completado en 0.0s
2026-07-08 23:20:13,419 [tramites.ActaNacimiento] INFO: Iniciando consulta de Acta de Nacimiento...
2026-07-08 23:20:13,419 [tramites.ActaNacimiento] INFO: Acta completada en 0.0s
2026-07-08 23:20:13,436 [tramites.Pasaporte] INFO: Iniciando cita de pasaporte...
2026-07-08 23:20:13,437 [tramites.Pasaporte] INFO: Cita pasaporte completada en 0.0s
2026-07-08 23:22:56,959 [tramites.API] ERROR: Error en consulta CURP
Traceback (most recent call last):
  File "D:\automatizacion\src\api.py", line 237, in consultar_curp
    resultado = await modulo.consultar(curp=req.curp.upper())
                ^^^^^^^^^^^^^^^^^^^^^^^^^^^^^^^^^^^^^^^^^^^^^
  File "C:\Users\MK\AppData\Local\Programs\Python\Python314\Lib\unittest\mock.py", line 2333, in _execute_mock_call
    raise effect
Exception: Mocked module
2026-07-08 23:22:56,996 [tramites.API] ERROR: Error en consulta NSS
Traceback (most recent call last):
  File "D:\automatizacion\src\api.py", line 251, in consultar_nss
    resultado = await modulo.consultar(
                ^^^^^^^^^^^^^^^^^^^^^^^
        curp=req.curp.upper(), correo=req.correo
        ^^^^^^^^^^^^^^^^^^^^^^^^^^^^^^^^^^^^^^^^
    )
    ^
  File "C:\Users\MK\AppData\Local\Programs\Python\Python314\Lib\unittest\mock.py", line 2333, in _execute_mock_call
    raise effect
Exception: Mocked module
2026-07-08 23:23:51,683 [tramites.test_mod] INFO: hello
2026-07-08 23:23:51,685 [tramites.test_mod] ERROR: error!
2026-07-08 23:23:52,455 [tramites.Buro] INFO: Iniciando consulta Buró de Crédito...
2026-07-08 23:23:52,455 [tramites.Buro] INFO: Buró completado en 0.0s
2026-07-08 23:23:52,463 [tramites.Circulo] INFO: Iniciando consulta Círculo de Crédito...
2026-07-08 23:23:52,464 [tramites.Circulo] INFO: Círculo completado en 0.0s
2026-07-08 23:23:52,492 [tramites.Buro] INFO: Iniciando consulta Buró de Crédito...
2026-07-08 23:23:52,492 [tramites.Buro] ERROR: Error en 0.0s: boom
2026-07-08 23:23:52,518 [tramites.CURP] INFO: Iniciando consulta...
2026-07-08 23:23:52,518 [tramites.CURP] INFO: Completado en 0.0s
2026-07-08 23:23:52,536 [tramites.CURP] INFO: Iniciando consulta...
2026-07-08 23:23:52,545 [tramites.CURP] INFO: Iniciando consulta...
2026-07-08 23:23:52,557 [tramites.NSS] INFO: Iniciando consulta para CURP GALJ****
2026-07-08 23:23:52,558 [tramites.NSS] INFO: Completado en 0.0s
2026-07-08 23:23:52,585 [tramites.TENENCIA] INFO: Consultando tenencia para placa ABC123
2026-07-08 23:23:52,585 [tramites.TENENCIA] INFO: Completado en 0.0s
2026-07-08 23:23:52,602 [tramites.ANTECEDENTES] INFO: Iniciando trámite para CURP GALJ****
2026-07-08 23:23:52,603 [tramites.ANTECEDENTES] INFO: Completado en 0.0s
2026-07-08 23:23:52,619 [tramites.ANTECEDENTES] INFO: Iniciando trámite para CURP GALJ****
2026-07-08 23:23:52,628 [tramites.CitaINE] INFO: Iniciando cita INE...
2026-07-08 23:23:52,628 [tramites.CitaINE] INFO: Cita INE completada en 0.0s
2026-07-08 23:23:52,642 [tramites.CitaSAT] INFO: Iniciando cita SAT...
2026-07-08 23:23:52,642 [tramites.CitaSAT] INFO: Cita SAT completada en 0.0s
2026-07-08 23:23:52,661 [tramites.ControlConfianza] INFO: Iniciando Control de Confianza...
2026-07-08 23:23:52,662 [tramites.ControlConfianza] INFO: Control de Confianza completado en 0.0s
2026-07-08 23:23:52,679 [tramites.Semanas] INFO: Iniciando consulta de semanas cotizadas...
2026-07-08 23:23:52,680 [tramites.Semanas] INFO: Semanas completadas en 0.0s
2026-07-08 23:23:52,695 [tramites.Semanas] INFO: Iniciando consulta de semanas cotizadas...
2026-07-08 23:23:52,696 [tramites.Semanas] ERROR: Error en 0.0s: boom
2026-07-08 23:23:52,706 [tramites.RFC] INFO: Iniciando consulta RFC...
2026-07-08 23:23:52,706 [tramites.RFC] INFO: RFC completado en 0.0s
2026-07-08 23:23:52,723 [tramites.ActaNacimiento] INFO: Iniciando consulta de Acta de Nacimiento...
2026-07-08 23:23:52,723 [tramites.ActaNacimiento] INFO: Acta completada en 0.0s
2026-07-08 23:23:52,741 [tramites.Pasaporte] INFO: Iniciando cita de pasaporte...
2026-07-08 23:23:52,742 [tramites.Pasaporte] INFO: Cita pasaporte completada en 0.0s
2026-07-08 23:26:51,976 [tramites.API] ERROR: Error en consulta CURP
Traceback (most recent call last):
  File "D:\automatizacion\src\api.py", line 237, in consultar_curp
    resultado = await modulo.consultar(curp=req.curp.upper())
                ^^^^^^^^^^^^^^^^^^^^^^^^^^^^^^^^^^^^^^^^^^^^^
  File "C:\Users\MK\AppData\Local\Programs\Python\Python314\Lib\unittest\mock.py", line 2333, in _execute_mock_call
    raise effect
Exception: Mocked module
2026-07-08 23:26:52,047 [tramites.API] ERROR: Error en consulta NSS
Traceback (most recent call last):
  File "D:\automatizacion\src\api.py", line 251, in consultar_nss
    resultado = await modulo.consultar(
                ^^^^^^^^^^^^^^^^^^^^^^^
        curp=req.curp.upper(), correo=req.correo
        ^^^^^^^^^^^^^^^^^^^^^^^^^^^^^^^^^^^^^^^^
    )
    ^
  File "C:\Users\MK\AppData\Local\Programs\Python\Python314\Lib\unittest\mock.py", line 2333, in _execute_mock_call
    raise effect
Exception: Mocked module
2026-07-08 23:27:46,912 [tramites.test_mod] INFO: hello
2026-07-08 23:27:46,917 [tramites.test_mod] ERROR: error!
2026-07-08 23:27:47,762 [tramites.Buro] INFO: Iniciando consulta Buró de Crédito...
2026-07-08 23:27:47,762 [tramites.Buro] INFO: Buró completado en 0.0s
2026-07-08 23:27:47,773 [tramites.Circulo] INFO: Iniciando consulta Círculo de Crédito...
2026-07-08 23:27:47,773 [tramites.Circulo] INFO: Círculo completado en 0.0s
2026-07-08 23:27:47,812 [tramites.Buro] INFO: Iniciando consulta Buró de Crédito...
2026-07-08 23:27:47,812 [tramites.Buro] ERROR: Error en 0.0s: boom
2026-07-08 23:27:47,843 [tramites.CURP] INFO: Iniciando consulta...
2026-07-08 23:27:47,843 [tramites.CURP] INFO: Completado en 0.0s
2026-07-08 23:27:47,859 [tramites.CURP] INFO: Iniciando consulta...
2026-07-08 23:27:47,871 [tramites.CURP] INFO: Iniciando consulta...
2026-07-08 23:27:47,882 [tramites.NSS] INFO: Iniciando consulta para CURP GALJ****
2026-07-08 23:27:47,883 [tramites.NSS] INFO: Completado en 0.0s
2026-07-08 23:27:47,907 [tramites.TENENCIA] INFO: Consultando tenencia para placa ABC123
2026-07-08 23:27:47,908 [tramites.TENENCIA] INFO: Completado en 0.0s
2026-07-08 23:27:47,929 [tramites.ANTECEDENTES] INFO: Iniciando trámite para CURP GALJ****
2026-07-08 23:27:47,930 [tramites.ANTECEDENTES] INFO: Completado en 0.0s
2026-07-08 23:27:47,945 [tramites.ANTECEDENTES] INFO: Iniciando trámite para CURP GALJ****
2026-07-08 23:27:47,953 [tramites.CitaINE] INFO: Iniciando cita INE...
2026-07-08 23:27:47,954 [tramites.CitaINE] INFO: Cita INE completada en 0.0s
2026-07-08 23:27:47,971 [tramites.CitaSAT] INFO: Iniciando cita SAT...
2026-07-08 23:27:47,972 [tramites.CitaSAT] INFO: Cita SAT completada en 0.0s
2026-07-08 23:27:47,987 [tramites.ControlConfianza] INFO: Iniciando Control de Confianza...
2026-07-08 23:27:47,987 [tramites.ControlConfianza] INFO: Control de Confianza completado en 0.0s
2026-07-08 23:27:48,002 [tramites.Semanas] INFO: Iniciando consulta de semanas cotizadas...
2026-07-08 23:27:48,003 [tramites.Semanas] INFO: Semanas completadas en 0.0s
2026-07-08 23:27:48,025 [tramites.Semanas] INFO: Iniciando consulta de semanas cotizadas...
2026-07-08 23:27:48,025 [tramites.Semanas] ERROR: Error en 0.0s: boom
2026-07-08 23:27:48,038 [tramites.RFC] INFO: Iniciando consulta RFC...
2026-07-08 23:27:48,038 [tramites.RFC] INFO: RFC completado en 0.0s
2026-07-08 23:27:48,052 [tramites.ActaNacimiento] INFO: Iniciando consulta de Acta de Nacimiento...
2026-07-08 23:27:48,053 [tramites.ActaNacimiento] INFO: Acta completada en 0.0s
2026-07-08 23:27:48,067 [tramites.Pasaporte] INFO: Iniciando cita de pasaporte...
2026-07-08 23:27:48,067 [tramites.Pasaporte] INFO: Cita pasaporte completada en 0.0s
2026-07-08 23:30:37,443 [tramites.API] ERROR: Error en consulta CURP
Traceback (most recent call last):
  File "D:\automatizacion\src\api.py", line 237, in consultar_curp
    resultado = await modulo.consultar(curp=req.curp.upper())
                ^^^^^^^^^^^^^^^^^^^^^^^^^^^^^^^^^^^^^^^^^^^^^
  File "C:\Users\MK\AppData\Local\Programs\Python\Python314\Lib\unittest\mock.py", line 2333, in _execute_mock_call
    raise effect
Exception: Mocked module
2026-07-08 23:30:37,481 [tramites.API] ERROR: Error en consulta NSS
Traceback (most recent call last):
  File "D:\automatizacion\src\api.py", line 251, in consultar_nss
    resultado = await modulo.consultar(
                ^^^^^^^^^^^^^^^^^^^^^^^
        curp=req.curp.upper(), correo=req.correo
        ^^^^^^^^^^^^^^^^^^^^^^^^^^^^^^^^^^^^^^^^
    )
    ^
  File "C:\Users\MK\AppData\Local\Programs\Python\Python314\Lib\unittest\mock.py", line 2333, in _execute_mock_call
    raise effect
Exception: Mocked module
2026-07-08 23:31:32,386 [tramites.test_mod] INFO: hello
2026-07-08 23:31:32,389 [tramites.test_mod] ERROR: error!
2026-07-08 23:31:33,173 [tramites.Buro] INFO: Iniciando consulta Buró de Crédito...
2026-07-08 23:31:33,173 [tramites.Buro] INFO: Buró completado en 0.0s
2026-07-08 23:31:33,185 [tramites.Circulo] INFO: Iniciando consulta Círculo de Crédito...
2026-07-08 23:31:33,185 [tramites.Circulo] INFO: Círculo completado en 0.0s
2026-07-08 23:31:33,218 [tramites.Buro] INFO: Iniciando consulta Buró de Crédito...
2026-07-08 23:31:33,218 [tramites.Buro] ERROR: Error en 0.0s: boom
2026-07-08 23:31:33,247 [tramites.CURP] INFO: Iniciando consulta...
2026-07-08 23:31:33,247 [tramites.CURP] INFO: Completado en 0.0s
2026-07-08 23:31:33,261 [tramites.CURP] INFO: Iniciando consulta...
2026-07-08 23:31:33,270 [tramites.CURP] INFO: Iniciando consulta...
2026-07-08 23:31:33,279 [tramites.NSS] INFO: Iniciando consulta para CURP GALJ****
2026-07-08 23:31:33,279 [tramites.NSS] INFO: Completado en 0.0s
2026-07-08 23:31:33,295 [tramites.TENENCIA] INFO: Consultando tenencia para placa ABC123
2026-07-08 23:31:33,295 [tramites.TENENCIA] INFO: Completado en 0.0s
2026-07-08 23:31:33,318 [tramites.ANTECEDENTES] INFO: Iniciando trámite para CURP GALJ****
2026-07-08 23:31:33,318 [tramites.ANTECEDENTES] INFO: Completado en 0.0s
2026-07-08 23:31:33,332 [tramites.ANTECEDENTES] INFO: Iniciando trámite para CURP GALJ****
2026-07-08 23:31:33,340 [tramites.CitaINE] INFO: Iniciando cita INE...
2026-07-08 23:31:33,340 [tramites.CitaINE] INFO: Cita INE completada en 0.0s
2026-07-08 23:31:33,357 [tramites.CitaSAT] INFO: Iniciando cita SAT...
2026-07-08 23:31:33,358 [tramites.CitaSAT] INFO: Cita SAT completada en 0.0s
2026-07-08 23:31:33,373 [tramites.ControlConfianza] INFO: Iniciando Control de Confianza...
2026-07-08 23:31:33,373 [tramites.ControlConfianza] INFO: Control de Confianza completado en 0.0s
2026-07-08 23:31:33,389 [tramites.Semanas] INFO: Iniciando consulta de semanas cotizadas...
2026-07-08 23:31:33,389 [tramites.Semanas] INFO: Semanas completadas en 0.0s
2026-07-08 23:31:33,407 [tramites.Semanas] INFO: Iniciando consulta de semanas cotizadas...
2026-07-08 23:31:33,408 [tramites.Semanas] ERROR: Error en 0.0s: boom
2026-07-08 23:31:33,418 [tramites.RFC] INFO: Iniciando consulta RFC...
2026-07-08 23:31:33,419 [tramites.RFC] INFO: RFC completado en 0.0s
2026-07-08 23:31:33,434 [tramites.ActaNacimiento] INFO: Iniciando consulta de Acta de Nacimiento...
2026-07-08 23:31:33,434 [tramites.ActaNacimiento] INFO: Acta completada en 0.0s
2026-07-08 23:31:33,454 [tramites.Pasaporte] INFO: Iniciando cita de pasaporte...
2026-07-08 23:31:33,454 [tramites.Pasaporte] INFO: Cita pasaporte completada en 0.0s
2026-07-08 23:34:47,052 [tramites.API] ERROR: Error en consulta CURP
Traceback (most recent call last):
  File "D:\automatizacion\src\api.py", line 237, in consultar_curp
    resultado = await modulo.consultar(curp=req.curp.upper())
                ^^^^^^^^^^^^^^^^^^^^^^^^^^^^^^^^^^^^^^^^^^^^^
  File "C:\Users\MK\AppData\Local\Programs\Python\Python314\Lib\unittest\mock.py", line 2333, in _execute_mock_call
    raise effect
Exception: Mocked module
2026-07-08 23:34:47,120 [tramites.API] ERROR: Error en consulta NSS
Traceback (most recent call last):
  File "D:\automatizacion\src\api.py", line 251, in consultar_nss
    resultado = await modulo.consultar(
                ^^^^^^^^^^^^^^^^^^^^^^^
        curp=req.curp.upper(), correo=req.correo
        ^^^^^^^^^^^^^^^^^^^^^^^^^^^^^^^^^^^^^^^^
    )
    ^
  File "C:\Users\MK\AppData\Local\Programs\Python\Python314\Lib\unittest\mock.py", line 2333, in _execute_mock_call
    raise effect
Exception: Mocked module
2026-07-08 23:35:45,246 [tramites.test_mod] INFO: hello
2026-07-08 23:35:45,252 [tramites.test_mod] ERROR: error!
2026-07-08 23:35:46,637 [tramites.Buro] INFO: Iniciando consulta Buró de Crédito...
2026-07-08 23:35:46,638 [tramites.Buro] INFO: Buró completado en 0.0s
2026-07-08 23:35:46,718 [tramites.Circulo] INFO: Iniciando consulta Círculo de Crédito...
2026-07-08 23:35:46,718 [tramites.Circulo] INFO: Círculo completado en 0.0s
2026-07-08 23:35:46,755 [tramites.Buro] INFO: Iniciando consulta Buró de Crédito...
2026-07-08 23:35:46,755 [tramites.Buro] ERROR: Error en 0.0s: boom
2026-07-08 23:35:46,788 [tramites.CURP] INFO: Iniciando consulta...
2026-07-08 23:35:46,789 [tramites.CURP] INFO: Completado en 0.0s
2026-07-08 23:35:46,815 [tramites.CURP] INFO: Iniciando consulta...
2026-07-08 23:35:46,832 [tramites.CURP] INFO: Iniciando consulta...
2026-07-08 23:35:46,848 [tramites.NSS] INFO: Iniciando consulta para CURP GALJ****
2026-07-08 23:35:46,849 [tramites.NSS] INFO: Completado en 0.0s
2026-07-08 23:35:46,872 [tramites.TENENCIA] INFO: Consultando tenencia para placa ABC123
2026-07-08 23:35:46,872 [tramites.TENENCIA] INFO: Completado en 0.0s
2026-07-08 23:35:46,913 [tramites.ANTECEDENTES] INFO: Iniciando trámite para CURP GALJ****
2026-07-08 23:35:46,914 [tramites.ANTECEDENTES] INFO: Completado en 0.0s
2026-07-08 23:35:46,940 [tramites.ANTECEDENTES] INFO: Iniciando trámite para CURP GALJ****
2026-07-08 23:35:46,960 [tramites.CitaINE] INFO: Iniciando cita INE...
2026-07-08 23:35:46,960 [tramites.CitaINE] INFO: Cita INE completada en 0.0s
2026-07-08 23:35:46,985 [tramites.CitaSAT] INFO: Iniciando cita SAT...
2026-07-08 23:35:46,985 [tramites.CitaSAT] INFO: Cita SAT completada en 0.0s
2026-07-08 23:35:47,022 [tramites.ControlConfianza] INFO: Iniciando Control de Confianza...
2026-07-08 23:35:47,023 [tramites.ControlConfianza] INFO: Control de Confianza completado en 0.0s
2026-07-08 23:35:47,057 [tramites.Semanas] INFO: Iniciando consulta de semanas cotizadas...
2026-07-08 23:35:47,058 [tramites.Semanas] INFO: Semanas completadas en 0.0s
2026-07-08 23:35:47,092 [tramites.Semanas] INFO: Iniciando consulta de semanas cotizadas...
2026-07-08 23:35:47,093 [tramites.Semanas] ERROR: Error en 0.0s: boom
2026-07-08 23:35:47,112 [tramites.RFC] INFO: Iniciando consulta RFC...
2026-07-08 23:35:47,113 [tramites.RFC] INFO: RFC completado en 0.0s
2026-07-08 23:35:47,146 [tramites.ActaNacimiento] INFO: Iniciando consulta de Acta de Nacimiento...
2026-07-08 23:35:47,147 [tramites.ActaNacimiento] INFO: Acta completada en 0.0s
2026-07-08 23:35:47,178 [tramites.Pasaporte] INFO: Iniciando cita de pasaporte...
2026-07-08 23:35:47,179 [tramites.Pasaporte] INFO: Cita pasaporte completada en 0.0s
2026-07-15 00:31:45,456 [tramites.API] ERROR: Error en consulta CURP
Traceback (most recent call last):
  File "D:\automatizacion\src\api.py", line 246, in consultar_curp
    resultado = await modulo.consultar(curp=req.curp.upper())
                ^^^^^^^^^^^^^^^^^^^^^^^^^^^^^^^^^^^^^^^^^^^^^
  File "C:\Users\MK\AppData\Local\Programs\Python\Python314\Lib\unittest\mock.py", line 2333, in _execute_mock_call
    raise effect
Exception: Mocked module
2026-07-15 00:31:45,540 [tramites.API] ERROR: Error en consulta NSS
Traceback (most recent call last):
  File "D:\automatizacion\src\api.py", line 260, in consultar_nss
    resultado = await modulo.consultar(
                ^^^^^^^^^^^^^^^^^^^^^^^
        curp=req.curp.upper(), correo=req.correo
        ^^^^^^^^^^^^^^^^^^^^^^^^^^^^^^^^^^^^^^^^
    )
    ^
  File "C:\Users\MK\AppData\Local\Programs\Python\Python314\Lib\unittest\mock.py", line 2333, in _execute_mock_call
    raise effect
Exception: Mocked module
2026-07-15 00:32:40,527 [tramites.test_mod] INFO: hello
2026-07-15 00:32:40,529 [tramites.test_mod] ERROR: error!
2026-07-15 00:32:41,637 [tramites.Buro] INFO: Iniciando consulta Buró de Crédito...
2026-07-15 00:32:41,637 [tramites.Buro] INFO: Buró completado en 0.0s
2026-07-15 00:32:41,649 [tramites.Circulo] INFO: Iniciando consulta Círculo de Crédito...
2026-07-15 00:32:41,649 [tramites.Circulo] INFO: Círculo completado en 0.0s
2026-07-15 00:32:41,685 [tramites.Buro] INFO: Iniciando consulta Buró de Crédito...
2026-07-15 00:32:41,686 [tramites.Buro] ERROR: Error en 0.0s: boom
2026-07-15 00:32:41,721 [tramites.CURP] INFO: Iniciando consulta...
2026-07-15 00:32:41,721 [tramites.CURP] INFO: Completado en 0.0s
2026-07-15 00:32:41,751 [tramites.CURP] INFO: Iniciando consulta...
2026-07-15 00:32:41,770 [tramites.CURP] INFO: Iniciando consulta...
2026-07-15 00:32:41,788 [tramites.NSS] INFO: Iniciando consulta para CURP GALJ****
2026-07-15 00:32:41,789 [tramites.NSS] INFO: Completado en 0.0s
2026-07-15 00:32:41,819 [tramites.TENENCIA] INFO: Consultando tenencia para placa ABC123
2026-07-15 00:32:41,820 [tramites.TENENCIA] INFO: Completado en 0.0s
2026-07-15 00:32:41,851 [tramites.ANTECEDENTES] INFO: Iniciando trámite para CURP GALJ****
2026-07-15 00:32:41,851 [tramites.ANTECEDENTES] INFO: Completado en 0.0s
2026-07-15 00:32:41,877 [tramites.ANTECEDENTES] INFO: Iniciando trámite para CURP GALJ****
2026-07-15 00:32:41,890 [tramites.CitaINE] INFO: Iniciando cita INE...
2026-07-15 00:32:41,891 [tramites.CitaINE] INFO: Cita INE completada en 0.0s
2026-07-15 00:32:41,914 [tramites.CitaSAT] INFO: Iniciando cita SAT...
2026-07-15 00:32:41,914 [tramites.CitaSAT] INFO: Cita SAT completada en 0.0s
2026-07-15 00:32:41,938 [tramites.ControlConfianza] INFO: Iniciando Control de Confianza...
2026-07-15 00:32:41,939 [tramites.ControlConfianza] INFO: Control de Confianza completado en 0.0s
2026-07-15 00:32:41,985 [tramites.Semanas] INFO: Iniciando consulta de semanas cotizadas...
2026-07-15 00:32:41,986 [tramites.Semanas] INFO: Semanas completadas en 0.0s
2026-07-15 00:32:42,012 [tramites.Semanas] INFO: Iniciando consulta de semanas cotizadas...
2026-07-15 00:32:42,013 [tramites.Semanas] ERROR: Error en 0.0s: boom
2026-07-15 00:32:42,030 [tramites.RFC] INFO: Iniciando consulta RFC...
2026-07-15 00:32:42,031 [tramites.RFC] INFO: RFC completado en 0.0s
2026-07-15 00:32:42,059 [tramites.ActaNacimiento] INFO: Iniciando consulta de Acta de Nacimiento...
2026-07-15 00:32:42,060 [tramites.ActaNacimiento] INFO: Acta completada en 0.0s
2026-07-15 00:32:42,086 [tramites.Pasaporte] INFO: Iniciando cita de pasaporte...
2026-07-15 00:32:42,087 [tramites.Pasaporte] INFO: Cita pasaporte completada en 0.0s
2026-07-15 00:33:33,728 [tramites.API] ERROR: Error en consulta CURP
Traceback (most recent call last):
  File "D:\automatizacion\src\api.py", line 246, in consultar_curp
    resultado = await modulo.consultar(curp=req.curp.upper())
                ^^^^^^^^^^^^^^^^^^^^^^^^^^^^^^^^^^^^^^^^^^^^^
  File "C:\Users\MK\AppData\Local\Programs\Python\Python314\Lib\unittest\mock.py", line 2333, in _execute_mock_call
    raise effect
Exception: Mocked module
2026-07-15 00:33:33,785 [tramites.API] ERROR: Error en consulta NSS
Traceback (most recent call last):
  File "D:\automatizacion\src\api.py", line 260, in consultar_nss
    resultado = await modulo.consultar(
                ^^^^^^^^^^^^^^^^^^^^^^^
        curp=req.curp.upper(), correo=req.correo
        ^^^^^^^^^^^^^^^^^^^^^^^^^^^^^^^^^^^^^^^^
    )
    ^
  File "C:\Users\MK\AppData\Local\Programs\Python\Python314\Lib\unittest\mock.py", line 2333, in _execute_mock_call
    raise effect
Exception: Mocked module
2026-07-15 00:34:16,516 [tramites.API] ERROR: Error en consulta CURP
Traceback (most recent call last):
  File "D:\automatizacion\src\api.py", line 246, in consultar_curp
    resultado = await modulo.consultar(curp=req.curp.upper())
                ^^^^^^^^^^^^^^^^^^^^^^^^^^^^^^^^^^^^^^^^^^^^^
  File "C:\Users\MK\AppData\Local\Programs\Python\Python314\Lib\unittest\mock.py", line 2333, in _execute_mock_call
    raise effect
Exception: Mocked module
2026-07-15 00:34:16,572 [tramites.API] ERROR: Error en consulta NSS
Traceback (most recent call last):
  File "D:\automatizacion\src\api.py", line 260, in consultar_nss
    resultado = await modulo.consultar(
                ^^^^^^^^^^^^^^^^^^^^^^^
        curp=req.curp.upper(), correo=req.correo
        ^^^^^^^^^^^^^^^^^^^^^^^^^^^^^^^^^^^^^^^^
    )
    ^
  File "C:\Users\MK\AppData\Local\Programs\Python\Python314\Lib\unittest\mock.py", line 2333, in _execute_mock_call
    raise effect
Exception: Mocked module
2026-07-15 01:30:50,872 [tramites.API] ERROR: Error inesperado en consulta CURP
Traceback (most recent call last):
  File "D:\automatizacion\src\api.py", line 294, in consultar_curp
    resultado = await modulo.consultar(curp=req.curp.upper())
                ^^^^^^^^^^^^^^^^^^^^^^^^^^^^^^^^^^^^^^^^^^^^^
  File "C:\Users\MK\AppData\Local\Programs\Python\Python314\Lib\unittest\mock.py", line 2333, in _execute_mock_call
    raise effect
Exception: Mocked module
2026-07-15 01:30:50,988 [tramites.API] ERROR: Error inesperado en consulta NSS
Traceback (most recent call last):
  File "D:\automatizacion\src\api.py", line 311, in consultar_nss
    resultado = await modulo.consultar(
                ^^^^^^^^^^^^^^^^^^^^^^^
        curp=req.curp.upper(), correo=req.correo
        ^^^^^^^^^^^^^^^^^^^^^^^^^^^^^^^^^^^^^^^^
    )
    ^
  File "C:\Users\MK\AppData\Local\Programs\Python\Python314\Lib\unittest\mock.py", line 2333, in _execute_mock_call
    raise effect
Exception: Mocked module
2026-07-15 01:31:57,625 [tramites.test_mod] INFO: hello
2026-07-15 01:31:57,635 [tramites.test_mod] ERROR: error!
2026-07-15 01:32:00,630 [tramites.Buro] INFO: Iniciando consulta Buró de Crédito...
2026-07-15 01:32:00,631 [tramites.Buro] INFO: Buró completado en 0.0s
2026-07-15 01:32:00,661 [tramites.Circulo] INFO: Iniciando consulta Círculo de Crédito...
2026-07-15 01:32:00,663 [tramites.Circulo] INFO: Círculo completado en 0.0s
2026-07-15 01:32:00,769 [tramites.Buro] INFO: Iniciando consulta Buró de Crédito...
2026-07-15 01:32:00,771 [tramites.Buro] ERROR: Error en 0.0s: boom
2026-07-15 01:32:00,848 [tramites.CURP] INFO: Iniciando consulta...
2026-07-15 01:32:00,849 [tramites.CURP] INFO: Completado en 0.0s
2026-07-15 01:32:00,903 [tramites.CURP] INFO: Iniciando consulta...
2026-07-15 01:32:00,932 [tramites.CURP] INFO: Iniciando consulta...
2026-07-15 01:32:01,001 [tramites.NSS] INFO: Iniciando consulta para CURP GALJ****
2026-07-15 01:32:01,003 [tramites.NSS] INFO: Completado en 0.0s
2026-07-15 01:32:01,080 [tramites.TENENCIA] INFO: Consultando tenencia para placa ABC123
2026-07-15 01:32:01,081 [tramites.TENENCIA] INFO: Completado en 0.0s
2026-07-15 01:32:01,140 [tramites.ANTECEDENTES] INFO: Iniciando trámite para CURP GALJ****
2026-07-15 01:32:01,141 [tramites.ANTECEDENTES] INFO: Completado en 0.0s
2026-07-15 01:32:01,212 [tramites.ANTECEDENTES] INFO: Iniciando trámite para CURP GALJ****
2026-07-15 01:32:01,250 [tramites.CitaINE] INFO: Iniciando cita INE...
2026-07-15 01:32:01,251 [tramites.CitaINE] INFO: Cita INE completada en 0.0s
2026-07-15 01:32:01,313 [tramites.CitaSAT] INFO: Iniciando cita SAT...
2026-07-15 01:32:01,315 [tramites.CitaSAT] INFO: Cita SAT completada en 0.0s
2026-07-15 01:32:01,383 [tramites.ControlConfianza] INFO: Iniciando Control de Confianza...
2026-07-15 01:32:01,384 [tramites.ControlConfianza] INFO: Control de Confianza completado en 0.0s
2026-07-15 01:32:01,444 [tramites.Semanas] INFO: Iniciando consulta de semanas cotizadas...
2026-07-15 01:32:01,446 [tramites.Semanas] INFO: Semanas completadas en 0.0s
2026-07-15 01:32:01,505 [tramites.Semanas] INFO: Iniciando consulta de semanas cotizadas...
2026-07-15 01:32:01,506 [tramites.Semanas] ERROR: Error en 0.0s: boom
2026-07-15 01:32:01,540 [tramites.RFC] INFO: Iniciando consulta RFC...
2026-07-15 01:32:01,541 [tramites.RFC] INFO: RFC completado en 0.0s
2026-07-15 01:32:01,613 [tramites.ActaNacimiento] INFO: Iniciando consulta de Acta de Nacimiento...
2026-07-15 01:32:01,614 [tramites.ActaNacimiento] INFO: Acta completada en 0.0s
2026-07-15 01:32:01,700 [tramites.Pasaporte] INFO: Iniciando cita de pasaporte...
2026-07-15 01:32:01,701 [tramites.Pasaporte] INFO: Cita pasaporte completada en 0.0s
2026-07-15 11:12:17,794 [tramites.API] ERROR: Error inesperado en consulta CURP
Traceback (most recent call last):
  File "D:\automatizacion\src\api.py", line 309, in consultar_curp
    resultado = await modulo.consultar(curp=req.curp.upper())
                ^^^^^^^^^^^^^^^^^^^^^^^^^^^^^^^^^^^^^^^^^^^^^
  File "C:\Users\MK\AppData\Local\Programs\Python\Python314\Lib\unittest\mock.py", line 2333, in _execute_mock_call
    raise effect
Exception: Mocked module
2026-07-15 11:12:17,881 [tramites.API] ERROR: Error inesperado en consulta NSS
Traceback (most recent call last):
  File "D:\automatizacion\src\api.py", line 326, in consultar_nss
    resultado = await modulo.consultar(
                ^^^^^^^^^^^^^^^^^^^^^^^
        curp=req.curp.upper(), correo=req.correo
        ^^^^^^^^^^^^^^^^^^^^^^^^^^^^^^^^^^^^^^^^
    )
    ^
  File "C:\Users\MK\AppData\Local\Programs\Python\Python314\Lib\unittest\mock.py", line 2333, in _execute_mock_call
    raise effect
Exception: Mocked module
2026-07-15 11:12:18,815 [tramites.TestModule] INFO: mensaje de test
2026-07-15 11:12:18,832 [tramites.TestModule] DEBUG: debug msg
2026-07-15 11:12:18,882 [tramites.TestModule] DEBUG: debug invisible
2026-07-15 11:12:18,978 [tramites.TestModule] ERROR: se rompió
2026-07-15 11:12:19,181 [tramites.TestModule] DEBUG: Llenando campo con selector: #campo
2026-07-15 11:12:19,507 [tramites.TestModule] DEBUG: Llenando campo con selector: #si
2026-07-15 11:12:19,849 [tramites.TestModule] DEBUG: Haciendo clic: #btn
2026-07-15 11:12:20,876 [tramites.TestModule] DEBUG: Haciendo clic: #btn
2026-07-15 11:12:21,892 [tramites.TestModule] DEBUG: Haciendo clic: #btn
2026-07-15 11:12:21,892 [tramites.TestModule] DEBUG: Navigation timeout en #btn, continuando...
2026-07-15 11:12:21,899 [tramites.TestModule] DEBUG: Buscando CAPTCHA en: #captcha-img
2026-07-15 11:12:21,900 [tramites.TestModule] INFO: Sin CAPTCHA de imagen detectado
2026-07-15 11:12:21,908 [tramites.TestModule] DEBUG: Buscando CAPTCHA en: #captcha-img
2026-07-15 11:12:21,909 [tramites.TestModule] INFO: CAPTCHA de imagen detectado, descargando...
2026-07-15 11:12:21,917 [tramites.TestModule] DEBUG: Buscando CAPTCHA en: #captcha-img
2026-07-15 11:12:21,919 [tramites.TestModule] INFO: CAPTCHA de imagen detectado, descargando...
2026-07-15 11:12:22,295 [tramites.TestModule] DEBUG: Buscando CAPTCHA en: #captcha-img
2026-07-15 11:12:22,300 [tramites.TestModule] INFO: CAPTCHA de imagen detectado, descargando...
2026-07-15 11:12:22,304 [tramites.TestModule] INFO: CAPTCHA resuelto: ABC123
2026-07-15 11:12:22,324 [tramites.TestModule] DEBUG: Buscando CAPTCHA en: #captcha-img
2026-07-15 11:12:22,328 [tramites.TestModule] INFO: CAPTCHA de imagen detectado, descargando...
2026-07-15 11:12:22,633 [tramites.TestModule] DEBUG: Buscando CAPTCHA en: #captcha-img
2026-07-15 11:12:22,636 [tramites.TestModule] INFO: CAPTCHA de imagen detectado, descargando...
2026-07-15 11:12:22,705 [tramites.TestModule] DEBUG: Buscando CAPTCHA en: #captcha-img
2026-07-15 11:12:22,707 [tramites.TestModule] INFO: CAPTCHA de imagen detectado, descargando...
2026-07-15 11:12:22,787 [tramites.TestModule] DEBUG: Screenshot: test.png
2026-07-15 11:12:22,823 [tramites.TestModule] DEBUG: Headless mode — omitiendo open_pdf: test.pdf
2026-07-15 11:12:23,142 [tramites.TestModule] DEBUG: Headless mode — omitiendo open_pdf: test.pdf
2026-07-15 11:12:23,332 [tramites.TestModule] DEBUG: Headless mode — omitiendo open_pdf: test.pdf
2026-07-15 11:12:23,499 [tramites.TestModule] DEBUG: Headless mode — omitiendo open_pdf: test.pdf
2026-07-15 11:12:23,569 [tramites.TestModule] DEBUG: Detectando site key de reCAPTCHA
2026-07-15 11:12:23,581 [tramites.TestModule] DEBUG: Detectando site key de reCAPTCHA
2026-07-15 11:12:23,596 [tramites.TestModule] DEBUG: Detectando site key de reCAPTCHA
2026-07-15 11:12:23,606 [tramites.TestModule] DEBUG: Detectando site key de reCAPTCHA
2026-07-15 11:12:23,622 [tramites.TestModule] DEBUG: Inyectando token reCAPTCHA
2026-07-15 11:12:23,624 [tramites.TestModule] INFO: [OK] Token reCAPTCHA inyectado [OK]
2026-07-15 11:12:23,640 [tramites.TestModule] INFO:  Modo MANUAL — resolvé el reCAPTCHA en el navegador
2026-07-15 11:12:23,640 [tramites.TestModule] INFO:  [..] Esperando hasta 10s...
2026-07-15 11:12:23,641 [tramites.TestModule] INFO: reCAPTCHA resuelto en 2s [OK]
2026-07-15 11:12:23,652 [tramites.TestModule] INFO:  Modo MANUAL — resolvé el reCAPTCHA en el navegador
2026-07-15 11:12:23,652 [tramites.TestModule] INFO:  [..] Esperando hasta 1s...
2026-07-15 11:12:23,722 [tramites.TestModule] INFO:  Modo MANUAL — resolvé el reCAPTCHA en el navegador
2026-07-15 11:12:23,723 [tramites.TestModule] INFO:  [..] Esperando hasta 20s...
2026-07-15 11:12:23,723 [tramites.TestModule] INFO:  [..] Esperando... (10s/20s)
2026-07-15 11:12:23,724 [tramites.TestModule] INFO:  [..] Esperando... (20s/20s)
2026-07-15 11:12:23,802 [tramites.TestModule] DEBUG: Descargando con selector: #btn
2026-07-15 11:12:23,804 [tramites.TestModule] INFO: PDF descargado: out.pdf [OK]
2026-07-15 11:12:23,819 [tramites.TestModule] DEBUG: Descargando con selector: #btn
2026-07-15 11:12:23,820 [tramites.TestModule] DEBUG: download_pdf: error con selector #btn: click fail
2026-07-15 11:12:23,822 [tramites.TestModule] INFO: PDF descargado: out.pdf [OK]
2026-07-15 11:12:23,835 [tramites.TestModule] DEBUG: download_pdf: locator error en #btn: nope
2026-07-15 11:12:23,837 [tramites.TestModule] INFO: PDF descargado: out.pdf [OK]
2026-07-15 11:12:23,919 [tramites.TestModule] DEBUG: Error en fallback de descarga: DOM error
2026-07-15 11:12:23,976 [tramites.TestModule] DEBUG: Navegando a https://example.com
2026-07-15 11:12:23,990 [tramites.TestModule] DEBUG: Navegando a https://primary.com
2026-07-15 11:12:23,991 [tramites.TestModule] DEBUG: Fallback: navegando a https://fallback.com
2026-07-15 11:12:24,794 [tramites.TestModule] DEBUG: Navegando a https://pri.com
2026-07-15 11:12:24,794 [tramites.TestModule] DEBUG: Fallback: navegando a https://fall.com
2026-07-15 11:12:24,807 [tramites.TestModule] DEBUG: Llenando campo con selector cacheado: input#test-cached
2026-07-15 11:12:25,129 [tramites.TestModule] DEBUG: Llenando campo con selector: input#stale
2026-07-15 11:12:25,450 [tramites.TestModule] DEBUG: fill_field: selector #falla falló: css inválido
2026-07-15 11:12:25,451 [tramites.TestModule] DEBUG: Llenando campo con selector: #ok
2026-07-15 11:12:25,765 [tramites.TestModule] DEBUG: Haciendo clic con selector cacheado: button#btn
2026-07-15 11:12:26,780 [tramites.TestModule] DEBUG: Haciendo clic con selector cacheado: button#nav-btn
2026-07-15 11:12:27,794 [tramites.TestModule] DEBUG: click_first: selector #falla falló: bad selector
2026-07-15 11:12:27,796 [tramites.TestModule] DEBUG: Haciendo clic: #ok
2026-07-15 11:12:28,816 [tramites.TestModule] INFO:  Modo MANUAL — resolvé el reCAPTCHA en el navegador
2026-07-15 11:12:28,816 [tramites.TestModule] INFO:  [..] Esperando hasta 2s...
2026-07-15 11:12:28,817 [tramites.TestModule] DEBUG: Error checking reCAPTCHA: evaluate fail
2026-07-15 11:12:28,860 [tramites.TestModule] DEBUG: Detectando site key de reCAPTCHA
2026-07-15 11:12:28,861 [tramites.TestModule] DEBUG: Error detectando site key: DOM error
2026-07-15 11:13:15,641 [tramites.test_mod] INFO: hello
2026-07-15 11:13:15,643 [tramites.test_mod] ERROR: error!
2026-07-15 11:13:16,528 [tramites.Buro] INFO: Iniciando consulta Buró de Crédito...
2026-07-15 11:13:16,528 [tramites.Buro] INFO: Buró completado en 0.0s
2026-07-15 11:13:16,535 [tramites.Circulo] INFO: Iniciando consulta Círculo de Crédito...
2026-07-15 11:13:16,536 [tramites.Circulo] INFO: Círculo completado en 0.0s
2026-07-15 11:13:16,563 [tramites.Buro] INFO: Iniciando consulta Buró de Crédito...
2026-07-15 11:13:16,563 [tramites.Buro] ERROR: Error en 0.0s: boom
2026-07-15 11:13:16,587 [tramites.CURP] INFO: Iniciando consulta...
2026-07-15 11:13:16,587 [tramites.CURP] INFO: Completado en 0.0s
2026-07-15 11:13:16,605 [tramites.CURP] INFO: Iniciando consulta...
2026-07-15 11:13:16,615 [tramites.CURP] INFO: Iniciando consulta...
2026-07-15 11:13:16,626 [tramites.NSS] INFO: Iniciando consulta para CURP GALJ****
2026-07-15 11:13:16,627 [tramites.NSS] INFO: Completado en 0.0s
2026-07-15 11:13:16,645 [tramites.TENENCIA] INFO: Consultando tenencia para placa ABC123
2026-07-15 11:13:16,645 [tramites.TENENCIA] INFO: Completado en 0.0s
2026-07-15 11:13:16,662 [tramites.ANTECEDENTES] INFO: Iniciando trámite para CURP GALJ****
2026-07-15 11:13:16,662 [tramites.ANTECEDENTES] INFO: Completado en 0.0s
2026-07-15 11:13:16,677 [tramites.ANTECEDENTES] INFO: Iniciando trámite para CURP GALJ****
2026-07-15 11:13:16,687 [tramites.CitaINE] INFO: Iniciando cita INE...
2026-07-15 11:13:16,687 [tramites.CitaINE] INFO: Cita INE completada en 0.0s
2026-07-15 11:13:16,703 [tramites.CitaSAT] INFO: Iniciando cita SAT...
2026-07-15 11:13:16,703 [tramites.CitaSAT] INFO: Cita SAT completada en 0.0s
2026-07-15 11:13:16,722 [tramites.ControlConfianza] INFO: Iniciando Control de Confianza...
2026-07-15 11:13:16,722 [tramites.ControlConfianza] INFO: Control de Confianza completado en 0.0s
2026-07-15 11:13:16,736 [tramites.Semanas] INFO: Iniciando consulta de semanas cotizadas...
2026-07-15 11:13:16,737 [tramites.Semanas] INFO: Semanas completadas en 0.0s
2026-07-15 11:13:16,754 [tramites.Semanas] INFO: Iniciando consulta de semanas cotizadas...
2026-07-15 11:13:16,754 [tramites.Semanas] ERROR: Error en 0.0s: boom
2026-07-15 11:13:16,763 [tramites.RFC] INFO: Iniciando consulta RFC...
2026-07-15 11:13:16,763 [tramites.RFC] INFO: RFC completado en 0.0s
2026-07-15 11:13:16,777 [tramites.ActaNacimiento] INFO: Iniciando consulta de Acta de Nacimiento...
2026-07-15 11:13:16,777 [tramites.ActaNacimiento] INFO: Acta completada en 0.0s
2026-07-15 11:13:16,792 [tramites.Pasaporte] INFO: Iniciando cita de pasaporte...
2026-07-15 11:13:16,793 [tramites.Pasaporte] INFO: Cita pasaporte completada en 0.0s
2026-07-15 11:15:19,479 [tramites.TestModule] INFO: mensaje de test
2026-07-15 11:15:19,488 [tramites.TestModule] DEBUG: debug msg
2026-07-15 11:15:19,978 [tramites.TestModule] DEBUG: debug invisible
2026-07-15 11:15:20,046 [tramites.TestModule] ERROR: se rompió
2026-07-15 11:15:20,190 [tramites.TestModule] DEBUG: Llenando campo con selector: #campo
2026-07-15 11:15:20,504 [tramites.TestModule] DEBUG: Llenando campo con selector: #si
2026-07-15 11:15:20,836 [tramites.TestModule] DEBUG: Haciendo clic: #btn
2026-07-15 11:15:21,866 [tramites.TestModule] DEBUG: Haciendo clic: #btn
2026-07-15 11:15:22,884 [tramites.TestModule] DEBUG: Haciendo clic: #btn
2026-07-15 11:15:22,885 [tramites.TestModule] DEBUG: Navigation timeout en #btn, continuando...
2026-07-15 11:15:22,892 [tramites.TestModule] DEBUG: Buscando CAPTCHA en: #captcha-img
2026-07-15 11:15:22,893 [tramites.TestModule] INFO: Sin CAPTCHA de imagen detectado
2026-07-15 11:15:22,900 [tramites.TestModule] DEBUG: Buscando CAPTCHA en: #captcha-img
2026-07-15 11:15:22,901 [tramites.TestModule] INFO: CAPTCHA de imagen detectado, descargando...
2026-07-15 11:15:22,908 [tramites.TestModule] DEBUG: Buscando CAPTCHA en: #captcha-img
2026-07-15 11:15:22,910 [tramites.TestModule] INFO: CAPTCHA de imagen detectado, descargando...
2026-07-15 11:15:23,146 [tramites.TestModule] DEBUG: Buscando CAPTCHA en: #captcha-img
2026-07-15 11:15:23,155 [tramites.TestModule] INFO: CAPTCHA de imagen detectado, descargando...
2026-07-15 11:15:23,158 [tramites.TestModule] INFO: CAPTCHA resuelto: ABC123
2026-07-15 11:15:23,234 [tramites.TestModule] DEBUG: Buscando CAPTCHA en: #captcha-img
2026-07-15 11:15:23,235 [tramites.TestModule] INFO: CAPTCHA de imagen detectado, descargando...
2026-07-15 11:15:23,459 [tramites.TestModule] DEBUG: Buscando CAPTCHA en: #captcha-img
2026-07-15 11:15:23,460 [tramites.TestModule] INFO: CAPTCHA de imagen detectado, descargando...
2026-07-15 11:15:23,507 [tramites.TestModule] DEBUG: Buscando CAPTCHA en: #captcha-img
2026-07-15 11:15:23,508 [tramites.TestModule] INFO: CAPTCHA de imagen detectado, descargando...
2026-07-15 11:15:23,564 [tramites.TestModule] DEBUG: Screenshot: test.png
2026-07-15 11:15:23,588 [tramites.TestModule] DEBUG: Headless mode — omitiendo open_pdf: test.pdf
2026-07-15 11:15:23,697 [tramites.TestModule] DEBUG: Headless mode — omitiendo open_pdf: test.pdf
2026-07-15 11:15:23,799 [tramites.TestModule] DEBUG: Headless mode — omitiendo open_pdf: test.pdf
2026-07-15 11:15:23,914 [tramites.TestModule] DEBUG: Headless mode — omitiendo open_pdf: test.pdf
2026-07-15 11:15:23,957 [tramites.TestModule] DEBUG: Detectando site key de reCAPTCHA
2026-07-15 11:15:23,964 [tramites.TestModule] DEBUG: Detectando site key de reCAPTCHA
2026-07-15 11:15:23,972 [tramites.TestModule] DEBUG: Detectando site key de reCAPTCHA
2026-07-15 11:15:23,978 [tramites.TestModule] DEBUG: Detectando site key de reCAPTCHA
2026-07-15 11:15:23,984 [tramites.TestModule] DEBUG: Inyectando token reCAPTCHA
2026-07-15 11:15:23,985 [tramites.TestModule] INFO: [OK] Token reCAPTCHA inyectado [OK]
2026-07-15 11:15:23,992 [tramites.TestModule] INFO:  Modo MANUAL — resolvé el reCAPTCHA en el navegador
2026-07-15 11:15:23,992 [tramites.TestModule] INFO:  [..] Esperando hasta 10s...
2026-07-15 11:15:23,993 [tramites.TestModule] INFO: reCAPTCHA resuelto en 2s [OK]
2026-07-15 11:15:23,999 [tramites.TestModule] INFO:  Modo MANUAL — resolvé el reCAPTCHA en el navegador
2026-07-15 11:15:24,000 [tramites.TestModule] INFO:  [..] Esperando hasta 1s...
2026-07-15 11:15:24,045 [tramites.TestModule] INFO:  Modo MANUAL — resolvé el reCAPTCHA en el navegador
2026-07-15 11:15:24,045 [tramites.TestModule] INFO:  [..] Esperando hasta 20s...
2026-07-15 11:15:24,046 [tramites.TestModule] INFO:  [..] Esperando... (10s/20s)
2026-07-15 11:15:24,046 [tramites.TestModule] INFO:  [..] Esperando... (20s/20s)
2026-07-15 11:15:24,110 [tramites.TestModule] DEBUG: Descargando con selector: #btn
2026-07-15 11:15:24,111 [tramites.TestModule] INFO: PDF descargado: out.pdf [OK]
2026-07-15 11:15:24,123 [tramites.TestModule] DEBUG: Descargando con selector: #btn
2026-07-15 11:15:24,123 [tramites.TestModule] DEBUG: download_pdf: error con selector #btn: click fail
2026-07-15 11:15:24,124 [tramites.TestModule] INFO: PDF descargado: out.pdf [OK]
2026-07-15 11:15:24,136 [tramites.TestModule] DEBUG: download_pdf: locator error en #btn: nope
2026-07-15 11:15:24,137 [tramites.TestModule] INFO: PDF descargado: out.pdf [OK]
2026-07-15 11:15:24,191 [tramites.TestModule] DEBUG: Error en fallback de descarga: DOM error
2026-07-15 11:15:24,247 [tramites.TestModule] DEBUG: Navegando a https://example.com
2026-07-15 11:15:24,261 [tramites.TestModule] DEBUG: Navegando a https://primary.com
2026-07-15 11:15:24,261 [tramites.TestModule] DEBUG: Fallback: navegando a https://fallback.com
2026-07-15 11:15:24,747 [tramites.TestModule] DEBUG: Navegando a https://pri.com
2026-07-15 11:15:24,747 [tramites.TestModule] DEBUG: Fallback: navegando a https://fall.com
2026-07-15 11:15:24,757 [tramites.TestModule] DEBUG: Llenando campo con selector cacheado: input#test-cached
2026-07-15 11:15:25,076 [tramites.TestModule] DEBUG: Llenando campo con selector: input#stale
2026-07-15 11:15:25,390 [tramites.TestModule] DEBUG: fill_field: selector #falla falló: css inválido
2026-07-15 11:15:25,392 [tramites.TestModule] DEBUG: Llenando campo con selector: #ok
2026-07-15 11:15:25,711 [tramites.TestModule] DEBUG: Haciendo clic con selector cacheado: button#btn
2026-07-15 11:15:26,730 [tramites.TestModule] DEBUG: Haciendo clic con selector cacheado: button#nav-btn
2026-07-15 11:15:27,743 [tramites.TestModule] DEBUG: click_first: selector #falla falló: bad selector
2026-07-15 11:15:27,745 [tramites.TestModule] DEBUG: Haciendo clic: #ok
2026-07-15 11:15:28,762 [tramites.TestModule] INFO:  Modo MANUAL — resolvé el reCAPTCHA en el navegador
2026-07-15 11:15:28,762 [tramites.TestModule] INFO:  [..] Esperando hasta 2s...
2026-07-15 11:15:28,763 [tramites.TestModule] DEBUG: Error checking reCAPTCHA: evaluate fail
2026-07-15 11:15:28,831 [tramites.TestModule] DEBUG: Detectando site key de reCAPTCHA
2026-07-15 11:15:28,832 [tramites.TestModule] DEBUG: Error detectando site key: DOM error
2026-07-15 11:15:53,329 [tramites.TestModule] INFO: mensaje de test
2026-07-15 11:15:53,335 [tramites.TestModule] DEBUG: debug msg
2026-07-15 11:15:53,341 [tramites.TestModule] DEBUG: debug invisible
2026-07-15 11:15:53,352 [tramites.TestModule] ERROR: se rompió
2026-07-15 11:15:53,414 [tramites.TestModule] DEBUG: Llenando campo con selector: #campo
2026-07-15 11:15:53,730 [tramites.TestModule] DEBUG: Llenando campo con selector: #si
2026-07-15 11:15:54,056 [tramites.TestModule] DEBUG: Haciendo clic: #btn
2026-07-15 11:15:55,082 [tramites.TestModule] DEBUG: Haciendo clic: #btn
2026-07-15 11:15:56,102 [tramites.TestModule] DEBUG: Haciendo clic: #btn
2026-07-15 11:15:56,103 [tramites.TestModule] DEBUG: Navigation timeout en #btn, continuando...
2026-07-15 11:15:56,110 [tramites.TestModule] DEBUG: Buscando CAPTCHA en: #captcha-img
2026-07-15 11:15:56,111 [tramites.TestModule] INFO: Sin CAPTCHA de imagen detectado
2026-07-15 11:15:56,118 [tramites.TestModule] DEBUG: Buscando CAPTCHA en: #captcha-img
2026-07-15 11:15:56,119 [tramites.TestModule] INFO: CAPTCHA de imagen detectado, descargando...
2026-07-15 11:15:56,129 [tramites.TestModule] DEBUG: Buscando CAPTCHA en: #captcha-img
2026-07-15 11:15:56,131 [tramites.TestModule] INFO: CAPTCHA de imagen detectado, descargando...
2026-07-15 11:15:56,153 [tramites.TestModule] DEBUG: Buscando CAPTCHA en: #captcha-img
2026-07-15 11:15:56,154 [tramites.TestModule] INFO: CAPTCHA de imagen detectado, descargando...
2026-07-15 11:15:56,157 [tramites.TestModule] INFO: CAPTCHA resuelto: ABC123
2026-07-15 11:15:56,167 [tramites.TestModule] DEBUG: Buscando CAPTCHA en: #captcha-img
2026-07-15 11:15:56,168 [tramites.TestModule] INFO: CAPTCHA de imagen detectado, descargando...
2026-07-15 11:15:56,188 [tramites.TestModule] DEBUG: Buscando CAPTCHA en: #captcha-img
2026-07-15 11:15:56,190 [tramites.TestModule] INFO: CAPTCHA de imagen detectado, descargando...
2026-07-15 11:15:56,204 [tramites.TestModule] DEBUG: Buscando CAPTCHA en: #captcha-img
2026-07-15 11:15:56,205 [tramites.TestModule] INFO: CAPTCHA de imagen detectado, descargando...
2026-07-15 11:15:56,225 [tramites.TestModule] DEBUG: Screenshot: test.png
2026-07-15 11:15:56,244 [tramites.TestModule] DEBUG: Headless mode — omitiendo open_pdf: test.pdf
2026-07-15 11:15:56,249 [tramites.TestModule] DEBUG: Headless mode — omitiendo open_pdf: test.pdf
2026-07-15 11:15:56,255 [tramites.TestModule] DEBUG: Headless mode — omitiendo open_pdf: test.pdf
2026-07-15 11:15:56,262 [tramites.TestModule] DEBUG: Headless mode — omitiendo open_pdf: test.pdf
2026-07-15 11:15:56,273 [tramites.TestModule] DEBUG: Detectando site key de reCAPTCHA
2026-07-15 11:15:56,281 [tramites.TestModule] DEBUG: Detectando site key de reCAPTCHA
2026-07-15 11:15:56,293 [tramites.TestModule] DEBUG: Detectando site key de reCAPTCHA
2026-07-15 11:15:56,299 [tramites.TestModule] DEBUG: Detectando site key de reCAPTCHA
2026-07-15 11:15:56,355 [tramites.TestModule] DEBUG: Inyectando token reCAPTCHA
2026-07-15 11:15:56,356 [tramites.TestModule] INFO: [OK] Token reCAPTCHA inyectado [OK]
2026-07-15 11:15:56,364 [tramites.TestModule] INFO:  Modo MANUAL — resolvé el reCAPTCHA en el navegador
2026-07-15 11:15:56,365 [tramites.TestModule] INFO:  [..] Esperando hasta 10s...
2026-07-15 11:15:56,365 [tramites.TestModule] INFO: reCAPTCHA resuelto en 2s [OK]
2026-07-15 11:15:56,375 [tramites.TestModule] INFO:  Modo MANUAL — resolvé el reCAPTCHA en el navegador
2026-07-15 11:15:56,376 [tramites.TestModule] INFO:  [..] Esperando hasta 1s...
2026-07-15 11:15:56,390 [tramites.TestModule] INFO:  Modo MANUAL — resolvé el reCAPTCHA en el navegador
2026-07-15 11:15:56,390 [tramites.TestModule] INFO:  [..] Esperando hasta 20s...
2026-07-15 11:15:56,391 [tramites.TestModule] INFO:  [..] Esperando... (10s/20s)
2026-07-15 11:15:56,392 [tramites.TestModule] INFO:  [..] Esperando... (20s/20s)
2026-07-15 11:15:56,408 [tramites.TestModule] DEBUG: Descargando con selector: #btn
2026-07-15 11:15:56,409 [tramites.TestModule] INFO: PDF descargado: out.pdf [OK]
2026-07-15 11:15:56,423 [tramites.TestModule] DEBUG: Descargando con selector: #btn
2026-07-15 11:15:56,423 [tramites.TestModule] DEBUG: download_pdf: error con selector #btn: click fail
2026-07-15 11:15:56,424 [tramites.TestModule] INFO: PDF descargado: out.pdf [OK]
2026-07-15 11:15:56,433 [tramites.TestModule] DEBUG: download_pdf: locator error en #btn: nope
2026-07-15 11:15:56,434 [tramites.TestModule] INFO: PDF descargado: out.pdf [OK]
2026-07-15 11:15:56,452 [tramites.TestModule] DEBUG: Error en fallback de descarga: DOM error
2026-07-15 11:15:56,465 [tramites.TestModule] DEBUG: Navegando a https://example.com
2026-07-15 11:15:56,483 [tramites.TestModule] DEBUG: Navegando a https://primary.com
2026-07-15 11:15:56,484 [tramites.TestModule] DEBUG: Fallback: navegando a https://fallback.com
2026-07-15 11:15:56,604 [tramites.TestModule] DEBUG: Navegando a https://pri.com
2026-07-15 11:15:56,604 [tramites.TestModule] DEBUG: Fallback: navegando a https://fall.com
2026-07-15 11:15:56,617 [tramites.TestModule] DEBUG: Llenando campo con selector cacheado: input#test-cached
2026-07-15 11:15:56,946 [tramites.TestModule] DEBUG: Llenando campo con selector: input#stale
2026-07-15 11:15:57,258 [tramites.TestModule] DEBUG: fill_field: selector #falla falló: css inválido
2026-07-15 11:15:57,259 [tramites.TestModule] DEBUG: Llenando campo con selector: #ok
2026-07-15 11:15:57,576 [tramites.TestModule] DEBUG: Haciendo clic con selector cacheado: button#btn
2026-07-15 11:15:58,590 [tramites.TestModule] DEBUG: Haciendo clic con selector cacheado: button#nav-btn
2026-07-15 11:15:59,613 [tramites.TestModule] DEBUG: click_first: selector #falla falló: bad selector
2026-07-15 11:15:59,614 [tramites.TestModule] DEBUG: Haciendo clic: #ok
2026-07-15 11:16:00,640 [tramites.TestModule] INFO:  Modo MANUAL — resolvé el reCAPTCHA en el navegador
2026-07-15 11:16:00,640 [tramites.TestModule] INFO:  [..] Esperando hasta 2s...
2026-07-15 11:16:00,641 [tramites.TestModule] DEBUG: Error checking reCAPTCHA: evaluate fail
2026-07-15 11:16:00,650 [tramites.TestModule] DEBUG: Detectando site key de reCAPTCHA
2026-07-15 11:16:00,651 [tramites.TestModule] DEBUG: Error detectando site key: DOM error
2026-07-15 11:17:18,984 [tramites.API] ERROR: Error inesperado en consulta CURP
Traceback (most recent call last):
  File "D:\automatizacion\src\api.py", line 309, in consultar_curp
    resultado = await modulo.consultar(curp=req.curp.upper())
                ^^^^^^^^^^^^^^^^^^^^^^^^^^^^^^^^^^^^^^^^^^^^^
  File "C:\Users\MK\AppData\Local\Programs\Python\Python314\Lib\unittest\mock.py", line 2333, in _execute_mock_call
    raise effect
Exception: Mocked module
2026-07-15 11:17:19,024 [tramites.API] ERROR: Error inesperado en consulta NSS
Traceback (most recent call last):
  File "D:\automatizacion\src\api.py", line 326, in consultar_nss
    resultado = await modulo.consultar(
                ^^^^^^^^^^^^^^^^^^^^^^^
        curp=req.curp.upper(), correo=req.correo
        ^^^^^^^^^^^^^^^^^^^^^^^^^^^^^^^^^^^^^^^^
    )
    ^
  File "C:\Users\MK\AppData\Local\Programs\Python\Python314\Lib\unittest\mock.py", line 2333, in _execute_mock_call
    raise effect
Exception: Mocked module
2026-07-15 11:18:43,568 [tramites.API] ERROR: Error inesperado en consulta CURP
Traceback (most recent call last):
  File "D:\automatizacion\src\api.py", line 309, in consultar_curp
    resultado = await modulo.consultar(curp=req.curp.upper())
                ^^^^^^^^^^^^^^^^^^^^^^^^^^^^^^^^^^^^^^^^^^^^^
  File "C:\Users\MK\AppData\Local\Programs\Python\Python314\Lib\unittest\mock.py", line 2333, in _execute_mock_call
    raise effect
Exception: Mocked module
2026-07-15 11:18:43,604 [tramites.API] ERROR: Error inesperado en consulta NSS
Traceback (most recent call last):
  File "D:\automatizacion\src\api.py", line 326, in consultar_nss
    resultado = await modulo.consultar(
                ^^^^^^^^^^^^^^^^^^^^^^^
        curp=req.curp.upper(), correo=req.correo
        ^^^^^^^^^^^^^^^^^^^^^^^^^^^^^^^^^^^^^^^^
    )
    ^
  File "C:\Users\MK\AppData\Local\Programs\Python\Python314\Lib\unittest\mock.py", line 2333, in _execute_mock_call
    raise effect
Exception: Mocked module
2026-07-15 11:19:37,918 [tramites.test_mod] INFO: hello
2026-07-15 11:19:37,921 [tramites.test_mod] ERROR: error!
2026-07-15 11:19:38,677 [tramites.Buro] INFO: Iniciando consulta Buró de Crédito...
2026-07-15 11:19:38,677 [tramites.Buro] INFO: Buró completado en 0.0s
2026-07-15 11:19:38,686 [tramites.Circulo] INFO: Iniciando consulta Círculo de Crédito...
2026-07-15 11:19:38,686 [tramites.Circulo] INFO: Círculo completado en 0.0s
2026-07-15 11:19:38,710 [tramites.Buro] INFO: Iniciando consulta Buró de Crédito...
2026-07-15 11:19:38,711 [tramites.Buro] ERROR: Error en 0.0s: boom
2026-07-15 11:19:38,738 [tramites.CURP] INFO: Iniciando consulta...
2026-07-15 11:19:38,738 [tramites.CURP] INFO: Completado en 0.0s
2026-07-15 11:19:38,753 [tramites.CURP] INFO: Iniciando consulta...
2026-07-15 11:19:38,762 [tramites.CURP] INFO: Iniciando consulta...
2026-07-15 11:19:38,770 [tramites.NSS] INFO: Iniciando consulta para CURP GALJ****
2026-07-15 11:19:38,770 [tramites.NSS] INFO: Completado en 0.0s
2026-07-15 11:19:38,791 [tramites.TENENCIA] INFO: Consultando tenencia para placa ABC123
2026-07-15 11:19:38,792 [tramites.TENENCIA] INFO: Completado en 0.0s
2026-07-15 11:19:38,814 [tramites.ANTECEDENTES] INFO: Iniciando trámite para CURP GALJ****
2026-07-15 11:19:38,814 [tramites.ANTECEDENTES] INFO: Completado en 0.0s
2026-07-15 11:19:38,828 [tramites.ANTECEDENTES] INFO: Iniciando trámite para CURP GALJ****
2026-07-15 11:19:38,836 [tramites.CitaINE] INFO: Iniciando cita INE...
2026-07-15 11:19:38,837 [tramites.CitaINE] INFO: Cita INE completada en 0.0s
2026-07-15 11:19:38,854 [tramites.CitaSAT] INFO: Iniciando cita SAT...
2026-07-15 11:19:38,854 [tramites.CitaSAT] INFO: Cita SAT completada en 0.0s
2026-07-15 11:19:38,868 [tramites.ControlConfianza] INFO: Iniciando Control de Confianza...
2026-07-15 11:19:38,869 [tramites.ControlConfianza] INFO: Control de Confianza completado en 0.0s
2026-07-15 11:19:38,883 [tramites.Semanas] INFO: Iniciando consulta de semanas cotizadas...
2026-07-15 11:19:38,884 [tramites.Semanas] INFO: Semanas completadas en 0.0s
2026-07-15 11:19:38,903 [tramites.Semanas] INFO: Iniciando consulta de semanas cotizadas...
2026-07-15 11:19:38,903 [tramites.Semanas] ERROR: Error en 0.0s: boom
2026-07-15 11:19:38,912 [tramites.RFC] INFO: Iniciando consulta RFC...
2026-07-15 11:19:38,912 [tramites.RFC] INFO: RFC completado en 0.0s
2026-07-15 11:19:38,927 [tramites.ActaNacimiento] INFO: Iniciando consulta de Acta de Nacimiento...
2026-07-15 11:19:38,927 [tramites.ActaNacimiento] INFO: Acta completada en 0.0s
2026-07-15 11:19:38,942 [tramites.Pasaporte] INFO: Iniciando cita de pasaporte...
2026-07-15 11:19:38,943 [tramites.Pasaporte] INFO: Cita pasaporte completada en 0.0s
2026-07-15 11:22:19,927 [tramites.API] ERROR: Error inesperado en consulta CURP
Traceback (most recent call last):
  File "D:\automatizacion\src\api.py", line 309, in consultar_curp
    resultado = await modulo.consultar(curp=req.curp.upper())
                ^^^^^^^^^^^^^^^^^^^^^^^^^^^^^^^^^^^^^^^^^^^^^
  File "C:\Users\MK\AppData\Local\Programs\Python\Python314\Lib\unittest\mock.py", line 2333, in _execute_mock_call
    raise effect
Exception: Mocked module
2026-07-15 11:22:19,966 [tramites.API] ERROR: Error inesperado en consulta NSS
Traceback (most recent call last):
  File "D:\automatizacion\src\api.py", line 326, in consultar_nss
    resultado = await modulo.consultar(
                ^^^^^^^^^^^^^^^^^^^^^^^
        curp=req.curp.upper(), correo=req.correo
        ^^^^^^^^^^^^^^^^^^^^^^^^^^^^^^^^^^^^^^^^
    )
    ^
  File "C:\Users\MK\AppData\Local\Programs\Python\Python314\Lib\unittest\mock.py", line 2333, in _execute_mock_call
    raise effect
Exception: Mocked module
2026-07-15 11:23:13,550 [tramites.test_mod] INFO: hello
2026-07-15 11:23:13,552 [tramites.test_mod] ERROR: error!
2026-07-15 11:23:14,182 [tramites.Buro] INFO: Iniciando consulta Buró de Crédito...
2026-07-15 11:23:14,183 [tramites.Buro] INFO: Buró completado en 0.0s
2026-07-15 11:23:14,191 [tramites.Circulo] INFO: Iniciando consulta Círculo de Crédito...
2026-07-15 11:23:14,192 [tramites.Circulo] INFO: Círculo completado en 0.0s
2026-07-15 11:23:14,217 [tramites.Buro] INFO: Iniciando consulta Buró de Crédito...
2026-07-15 11:23:14,217 [tramites.Buro] ERROR: Error en 0.0s: boom
2026-07-15 11:23:14,242 [tramites.CURP] INFO: Iniciando consulta...
2026-07-15 11:23:14,242 [tramites.CURP] INFO: Completado en 0.0s
2026-07-15 11:23:14,255 [tramites.CURP] INFO: Iniciando consulta...
2026-07-15 11:23:14,262 [tramites.CURP] INFO: Iniciando consulta...
2026-07-15 11:23:14,270 [tramites.NSS] INFO: Iniciando consulta para CURP GALJ****
2026-07-15 11:23:14,271 [tramites.NSS] INFO: Completado en 0.0s
2026-07-15 11:23:14,285 [tramites.TENENCIA] INFO: Consultando tenencia para placa ABC123
2026-07-15 11:23:14,286 [tramites.TENENCIA] INFO: Completado en 0.0s
2026-07-15 11:23:14,299 [tramites.ANTECEDENTES] INFO: Iniciando trámite para CURP GALJ****
2026-07-15 11:23:14,300 [tramites.ANTECEDENTES] INFO: Completado en 0.0s
2026-07-15 11:23:14,313 [tramites.ANTECEDENTES] INFO: Iniciando trámite para CURP GALJ****
2026-07-15 11:23:14,321 [tramites.CitaINE] INFO: Iniciando cita INE...
2026-07-15 11:23:14,322 [tramites.CitaINE] INFO: Cita INE completada en 0.0s
2026-07-15 11:23:14,335 [tramites.CitaSAT] INFO: Iniciando cita SAT...
2026-07-15 11:23:14,336 [tramites.CitaSAT] INFO: Cita SAT completada en 0.0s
2026-07-15 11:23:14,349 [tramites.ControlConfianza] INFO: Iniciando Control de Confianza...
2026-07-15 11:23:14,349 [tramites.ControlConfianza] INFO: Control de Confianza completado en 0.0s
2026-07-15 11:23:14,364 [tramites.Semanas] INFO: Iniciando consulta de semanas cotizadas...
2026-07-15 11:23:14,365 [tramites.Semanas] INFO: Semanas completadas en 0.0s
2026-07-15 11:23:14,382 [tramites.Semanas] INFO: Iniciando consulta de semanas cotizadas...
2026-07-15 11:23:14,382 [tramites.Semanas] ERROR: Error en 0.0s: boom
2026-07-15 11:23:14,390 [tramites.RFC] INFO: Iniciando consulta RFC...
2026-07-15 11:23:14,391 [tramites.RFC] INFO: RFC completado en 0.0s
2026-07-15 11:23:14,408 [tramites.ActaNacimiento] INFO: Iniciando consulta de Acta de Nacimiento...
2026-07-15 11:23:14,409 [tramites.ActaNacimiento] INFO: Acta completada en 0.0s
2026-07-15 11:23:14,423 [tramites.Pasaporte] INFO: Iniciando cita de pasaporte...
2026-07-15 11:23:14,424 [tramites.Pasaporte] INFO: Cita pasaporte completada en 0.0s
2026-07-15 11:26:12,998 [tramites.API] ERROR: Error inesperado en consulta CURP
Traceback (most recent call last):
  File "D:\automatizacion\src\api.py", line 309, in consultar_curp
    resultado = await modulo.consultar(curp=req.curp.upper())
                ^^^^^^^^^^^^^^^^^^^^^^^^^^^^^^^^^^^^^^^^^^^^^
  File "C:\Users\MK\AppData\Local\Programs\Python\Python314\Lib\unittest\mock.py", line 2333, in _execute_mock_call
    raise effect
Exception: Mocked module
2026-07-15 11:26:13,037 [tramites.API] ERROR: Error inesperado en consulta NSS
Traceback (most recent call last):
  File "D:\automatizacion\src\api.py", line 326, in consultar_nss
    resultado = await modulo.consultar(
                ^^^^^^^^^^^^^^^^^^^^^^^
        curp=req.curp.upper(), correo=req.correo
        ^^^^^^^^^^^^^^^^^^^^^^^^^^^^^^^^^^^^^^^^
    )
    ^
  File "C:\Users\MK\AppData\Local\Programs\Python\Python314\Lib\unittest\mock.py", line 2333, in _execute_mock_call
    raise effect
Exception: Mocked module
2026-07-15 11:27:07,217 [tramites.test_mod] INFO: hello
2026-07-15 11:27:07,220 [tramites.test_mod] ERROR: error!
2026-07-15 11:27:07,973 [tramites.Buro] INFO: Iniciando consulta Buró de Crédito...
2026-07-15 11:27:07,973 [tramites.Buro] INFO: Buró completado en 0.0s
2026-07-15 11:27:07,984 [tramites.Circulo] INFO: Iniciando consulta Círculo de Crédito...
2026-07-15 11:27:07,984 [tramites.Circulo] INFO: Círculo completado en 0.0s
2026-07-15 11:27:08,015 [tramites.Buro] INFO: Iniciando consulta Buró de Crédito...
2026-07-15 11:27:08,015 [tramites.Buro] ERROR: Error en 0.0s: boom
2026-07-15 11:27:08,040 [tramites.CURP] INFO: Iniciando consulta...
2026-07-15 11:27:08,040 [tramites.CURP] INFO: Completado en 0.0s
2026-07-15 11:27:08,053 [tramites.CURP] INFO: Iniciando consulta...
2026-07-15 11:27:08,061 [tramites.CURP] INFO: Iniciando consulta...
2026-07-15 11:27:08,072 [tramites.NSS] INFO: Iniciando consulta para CURP GALJ****
2026-07-15 11:27:08,073 [tramites.NSS] INFO: Completado en 0.0s
2026-07-15 11:27:08,092 [tramites.TENENCIA] INFO: Consultando tenencia para placa ABC123
2026-07-15 11:27:08,092 [tramites.TENENCIA] INFO: Completado en 0.0s
2026-07-15 11:27:08,108 [tramites.ANTECEDENTES] INFO: Iniciando trámite para CURP GALJ****
2026-07-15 11:27:08,109 [tramites.ANTECEDENTES] INFO: Completado en 0.0s
2026-07-15 11:27:08,127 [tramites.ANTECEDENTES] INFO: Iniciando trámite para CURP GALJ****
2026-07-15 11:27:08,135 [tramites.CitaINE] INFO: Iniciando cita INE...
2026-07-15 11:27:08,136 [tramites.CitaINE] INFO: Cita INE completada en 0.0s
2026-07-15 11:27:08,149 [tramites.CitaSAT] INFO: Iniciando cita SAT...
2026-07-15 11:27:08,150 [tramites.CitaSAT] INFO: Cita SAT completada en 0.0s
2026-07-15 11:27:08,163 [tramites.ControlConfianza] INFO: Iniciando Control de Confianza...
2026-07-15 11:27:08,163 [tramites.ControlConfianza] INFO: Control de Confianza completado en 0.0s
2026-07-15 11:27:08,181 [tramites.Semanas] INFO: Iniciando consulta de semanas cotizadas...
2026-07-15 11:27:08,182 [tramites.Semanas] INFO: Semanas completadas en 0.0s
2026-07-15 11:27:08,201 [tramites.Semanas] INFO: Iniciando consulta de semanas cotizadas...
2026-07-15 11:27:08,202 [tramites.Semanas] ERROR: Error en 0.0s: boom
2026-07-15 11:27:08,210 [tramites.RFC] INFO: Iniciando consulta RFC...
2026-07-15 11:27:08,211 [tramites.RFC] INFO: RFC completado en 0.0s
2026-07-15 11:27:08,227 [tramites.ActaNacimiento] INFO: Iniciando consulta de Acta de Nacimiento...
2026-07-15 11:27:08,228 [tramites.ActaNacimiento] INFO: Acta completada en 0.0s
2026-07-15 11:27:08,244 [tramites.Pasaporte] INFO: Iniciando cita de pasaporte...
2026-07-15 11:27:08,245 [tramites.Pasaporte] INFO: Cita pasaporte completada en 0.0s
2026-07-15 11:29:49,341 [tramites.API] ERROR: Error inesperado en consulta CURP
Traceback (most recent call last):
  File "D:\automatizacion\src\api.py", line 309, in consultar_curp
    resultado = await modulo.consultar(curp=req.curp.upper())
                ^^^^^^^^^^^^^^^^^^^^^^^^^^^^^^^^^^^^^^^^^^^^^
  File "C:\Users\MK\AppData\Local\Programs\Python\Python314\Lib\unittest\mock.py", line 2333, in _execute_mock_call
    raise effect
Exception: Mocked module
2026-07-15 11:29:49,381 [tramites.API] ERROR: Error inesperado en consulta NSS
Traceback (most recent call last):
  File "D:\automatizacion\src\api.py", line 326, in consultar_nss
    resultado = await modulo.consultar(
                ^^^^^^^^^^^^^^^^^^^^^^^
        curp=req.curp.upper(), correo=req.correo
        ^^^^^^^^^^^^^^^^^^^^^^^^^^^^^^^^^^^^^^^^
    )
    ^
  File "C:\Users\MK\AppData\Local\Programs\Python\Python314\Lib\unittest\mock.py", line 2333, in _execute_mock_call
    raise effect
Exception: Mocked module
2026-07-15 11:30:44,456 [tramites.test_mod] INFO: hello
2026-07-15 11:30:44,458 [tramites.test_mod] ERROR: error!
2026-07-15 11:30:45,299 [tramites.Buro] INFO: Iniciando consulta Buró de Crédito...
2026-07-15 11:30:45,299 [tramites.Buro] INFO: Buró completado en 0.0s
2026-07-15 11:30:45,311 [tramites.Circulo] INFO: Iniciando consulta Círculo de Crédito...
2026-07-15 11:30:45,311 [tramites.Circulo] INFO: Círculo completado en 0.0s
2026-07-15 11:30:45,346 [tramites.Buro] INFO: Iniciando consulta Buró de Crédito...
2026-07-15 11:30:45,347 [tramites.Buro] ERROR: Error en 0.0s: boom
2026-07-15 11:30:45,377 [tramites.CURP] INFO: Iniciando consulta...
2026-07-15 11:30:45,377 [tramites.CURP] INFO: Completado en 0.0s
2026-07-15 11:30:45,393 [tramites.CURP] INFO: Iniciando consulta...
2026-07-15 11:30:45,402 [tramites.CURP] INFO: Iniciando consulta...
2026-07-15 11:30:45,413 [tramites.NSS] INFO: Iniciando consulta para CURP GALJ****
2026-07-15 11:30:45,414 [tramites.NSS] INFO: Completado en 0.0s
2026-07-15 11:30:45,429 [tramites.TENENCIA] INFO: Consultando tenencia para placa ABC123
2026-07-15 11:30:45,429 [tramites.TENENCIA] INFO: Completado en 0.0s
2026-07-15 11:30:45,444 [tramites.ANTECEDENTES] INFO: Iniciando trámite para CURP GALJ****
2026-07-15 11:30:45,444 [tramites.ANTECEDENTES] INFO: Completado en 0.0s
2026-07-15 11:30:45,462 [tramites.ANTECEDENTES] INFO: Iniciando trámite para CURP GALJ****
2026-07-15 11:30:45,472 [tramites.CitaINE] INFO: Iniciando cita INE...
2026-07-15 11:30:45,472 [tramites.CitaINE] INFO: Cita INE completada en 0.0s
2026-07-15 11:30:45,489 [tramites.CitaSAT] INFO: Iniciando cita SAT...
2026-07-15 11:30:45,490 [tramites.CitaSAT] INFO: Cita SAT completada en 0.0s
2026-07-15 11:30:45,509 [tramites.ControlConfianza] INFO: Iniciando Control de Confianza...
2026-07-15 11:30:45,509 [tramites.ControlConfianza] INFO: Control de Confianza completado en 0.0s
2026-07-15 11:30:45,528 [tramites.Semanas] INFO: Iniciando consulta de semanas cotizadas...
2026-07-15 11:30:45,528 [tramites.Semanas] INFO: Semanas completadas en 0.0s
2026-07-15 11:30:45,545 [tramites.Semanas] INFO: Iniciando consulta de semanas cotizadas...
2026-07-15 11:30:45,545 [tramites.Semanas] ERROR: Error en 0.0s: boom
2026-07-15 11:30:45,555 [tramites.RFC] INFO: Iniciando consulta RFC...
2026-07-15 11:30:45,556 [tramites.RFC] INFO: RFC completado en 0.0s
2026-07-15 11:30:45,574 [tramites.ActaNacimiento] INFO: Iniciando consulta de Acta de Nacimiento...
2026-07-15 11:30:45,574 [tramites.ActaNacimiento] INFO: Acta completada en 0.0s
2026-07-15 11:30:45,590 [tramites.Pasaporte] INFO: Iniciando cita de pasaporte...
2026-07-15 11:30:45,591 [tramites.Pasaporte] INFO: Cita pasaporte completada en 0.0s
2026-07-15 11:33:26,592 [tramites.API] ERROR: Error inesperado en consulta CURP
Traceback (most recent call last):
  File "D:\automatizacion\src\api.py", line 309, in consultar_curp
    resultado = await modulo.consultar(curp=req.curp.upper())
                ^^^^^^^^^^^^^^^^^^^^^^^^^^^^^^^^^^^^^^^^^^^^^
  File "C:\Users\MK\AppData\Local\Programs\Python\Python314\Lib\unittest\mock.py", line 2333, in _execute_mock_call
    raise effect
Exception: Mocked module
2026-07-15 11:33:26,626 [tramites.API] ERROR: Error inesperado en consulta NSS
Traceback (most recent call last):
  File "D:\automatizacion\src\api.py", line 326, in consultar_nss
    resultado = await modulo.consultar(
                ^^^^^^^^^^^^^^^^^^^^^^^
        curp=req.curp.upper(), correo=req.correo
        ^^^^^^^^^^^^^^^^^^^^^^^^^^^^^^^^^^^^^^^^
    )
    ^
  File "C:\Users\MK\AppData\Local\Programs\Python\Python314\Lib\unittest\mock.py", line 2333, in _execute_mock_call
    raise effect
Exception: Mocked module
2026-07-15 11:34:20,627 [tramites.test_mod] INFO: hello
2026-07-15 11:34:20,628 [tramites.test_mod] ERROR: error!
2026-07-15 11:34:21,322 [tramites.Buro] INFO: Iniciando consulta Buró de Crédito...
2026-07-15 11:34:21,322 [tramites.Buro] INFO: Buró completado en 0.0s
2026-07-15 11:34:21,331 [tramites.Circulo] INFO: Iniciando consulta Círculo de Crédito...
2026-07-15 11:34:21,331 [tramites.Circulo] INFO: Círculo completado en 0.0s
2026-07-15 11:34:21,359 [tramites.Buro] INFO: Iniciando consulta Buró de Crédito...
2026-07-15 11:34:21,360 [tramites.Buro] ERROR: Error en 0.0s: boom
2026-07-15 11:34:21,385 [tramites.CURP] INFO: Iniciando consulta...
2026-07-15 11:34:21,386 [tramites.CURP] INFO: Completado en 0.0s
2026-07-15 11:34:21,401 [tramites.CURP] INFO: Iniciando consulta...
2026-07-15 11:34:21,409 [tramites.CURP] INFO: Iniciando consulta...
2026-07-15 11:34:21,421 [tramites.NSS] INFO: Iniciando consulta para CURP GALJ****
2026-07-15 11:34:21,421 [tramites.NSS] INFO: Completado en 0.0s
2026-07-15 11:34:21,438 [tramites.TENENCIA] INFO: Consultando tenencia para placa ABC123
2026-07-15 11:34:21,438 [tramites.TENENCIA] INFO: Completado en 0.0s
2026-07-15 11:34:21,452 [tramites.ANTECEDENTES] INFO: Iniciando trámite para CURP GALJ****
2026-07-15 11:34:21,452 [tramites.ANTECEDENTES] INFO: Completado en 0.0s
2026-07-15 11:34:21,466 [tramites.ANTECEDENTES] INFO: Iniciando trámite para CURP GALJ****
2026-07-15 11:34:21,474 [tramites.CitaINE] INFO: Iniciando cita INE...
2026-07-15 11:34:21,474 [tramites.CitaINE] INFO: Cita INE completada en 0.0s
2026-07-15 11:34:21,494 [tramites.CitaSAT] INFO: Iniciando cita SAT...
2026-07-15 11:34:21,494 [tramites.CitaSAT] INFO: Cita SAT completada en 0.0s
2026-07-15 11:34:21,508 [tramites.ControlConfianza] INFO: Iniciando Control de Confianza...
2026-07-15 11:34:21,508 [tramites.ControlConfianza] INFO: Control de Confianza completado en 0.0s
2026-07-15 11:34:21,523 [tramites.Semanas] INFO: Iniciando consulta de semanas cotizadas...
2026-07-15 11:34:21,523 [tramites.Semanas] INFO: Semanas completadas en 0.0s
2026-07-15 11:34:21,541 [tramites.Semanas] INFO: Iniciando consulta de semanas cotizadas...
2026-07-15 11:34:21,541 [tramites.Semanas] ERROR: Error en 0.0s: boom
2026-07-15 11:34:21,550 [tramites.RFC] INFO: Iniciando consulta RFC...
2026-07-15 11:34:21,551 [tramites.RFC] INFO: RFC completado en 0.0s
2026-07-15 11:34:21,565 [tramites.ActaNacimiento] INFO: Iniciando consulta de Acta de Nacimiento...
2026-07-15 11:34:21,565 [tramites.ActaNacimiento] INFO: Acta completada en 0.0s
2026-07-15 11:34:21,581 [tramites.Pasaporte] INFO: Iniciando cita de pasaporte...
2026-07-15 11:34:21,581 [tramites.Pasaporte] INFO: Cita pasaporte completada en 0.0s
2026-07-15 11:37:03,022 [tramites.API] ERROR: Error inesperado en consulta CURP
Traceback (most recent call last):
  File "D:\automatizacion\src\api.py", line 309, in consultar_curp
    resultado = await modulo.consultar(curp=req.curp.upper())
                ^^^^^^^^^^^^^^^^^^^^^^^^^^^^^^^^^^^^^^^^^^^^^
  File "C:\Users\MK\AppData\Local\Programs\Python\Python314\Lib\unittest\mock.py", line 2333, in _execute_mock_call
    raise effect
Exception: Mocked module
2026-07-15 11:37:03,058 [tramites.API] ERROR: Error inesperado en consulta NSS
Traceback (most recent call last):
  File "D:\automatizacion\src\api.py", line 326, in consultar_nss
    resultado = await modulo.consultar(
                ^^^^^^^^^^^^^^^^^^^^^^^
        curp=req.curp.upper(), correo=req.correo
        ^^^^^^^^^^^^^^^^^^^^^^^^^^^^^^^^^^^^^^^^
    )
    ^
  File "C:\Users\MK\AppData\Local\Programs\Python\Python314\Lib\unittest\mock.py", line 2333, in _execute_mock_call
    raise effect
Exception: Mocked module
2026-07-15 11:37:56,981 [tramites.test_mod] INFO: hello
2026-07-15 11:37:56,983 [tramites.test_mod] ERROR: error!
2026-07-15 11:37:57,668 [tramites.Buro] INFO: Iniciando consulta Buró de Crédito...
2026-07-15 11:37:57,668 [tramites.Buro] INFO: Buró completado en 0.0s
2026-07-15 11:37:57,679 [tramites.Circulo] INFO: Iniciando consulta Círculo de Crédito...
2026-07-15 11:37:57,680 [tramites.Circulo] INFO: Círculo completado en 0.0s
2026-07-15 11:37:57,707 [tramites.Buro] INFO: Iniciando consulta Buró de Crédito...
2026-07-15 11:37:57,707 [tramites.Buro] ERROR: Error en 0.0s: boom
2026-07-15 11:37:57,733 [tramites.CURP] INFO: Iniciando consulta...
2026-07-15 11:37:57,734 [tramites.CURP] INFO: Completado en 0.0s
2026-07-15 11:37:57,750 [tramites.CURP] INFO: Iniciando consulta...
2026-07-15 11:37:57,758 [tramites.CURP] INFO: Iniciando consulta...
2026-07-15 11:37:57,767 [tramites.NSS] INFO: Iniciando consulta para CURP GALJ****
2026-07-15 11:37:57,767 [tramites.NSS] INFO: Completado en 0.0s
2026-07-15 11:37:57,781 [tramites.TENENCIA] INFO: Consultando tenencia para placa ABC123
2026-07-15 11:37:57,782 [tramites.TENENCIA] INFO: Completado en 0.0s
2026-07-15 11:37:57,800 [tramites.ANTECEDENTES] INFO: Iniciando trámite para CURP GALJ****
2026-07-15 11:37:57,800 [tramites.ANTECEDENTES] INFO: Completado en 0.0s
2026-07-15 11:37:57,815 [tramites.ANTECEDENTES] INFO: Iniciando trámite para CURP GALJ****
2026-07-15 11:37:57,823 [tramites.CitaINE] INFO: Iniciando cita INE...
2026-07-15 11:37:57,824 [tramites.CitaINE] INFO: Cita INE completada en 0.0s
2026-07-15 11:37:57,838 [tramites.CitaSAT] INFO: Iniciando cita SAT...
2026-07-15 11:37:57,839 [tramites.CitaSAT] INFO: Cita SAT completada en 0.0s
2026-07-15 11:37:57,858 [tramites.ControlConfianza] INFO: Iniciando Control de Confianza...
2026-07-15 11:37:57,858 [tramites.ControlConfianza] INFO: Control de Confianza completado en 0.0s
2026-07-15 11:37:57,874 [tramites.Semanas] INFO: Iniciando consulta de semanas cotizadas...
2026-07-15 11:37:57,874 [tramites.Semanas] INFO: Semanas completadas en 0.0s
2026-07-15 11:37:57,891 [tramites.Semanas] INFO: Iniciando consulta de semanas cotizadas...
2026-07-15 11:37:57,892 [tramites.Semanas] ERROR: Error en 0.0s: boom
2026-07-15 11:37:57,904 [tramites.RFC] INFO: Iniciando consulta RFC...
2026-07-15 11:37:57,905 [tramites.RFC] INFO: RFC completado en 0.0s
2026-07-15 11:37:57,922 [tramites.ActaNacimiento] INFO: Iniciando consulta de Acta de Nacimiento...
2026-07-15 11:37:57,923 [tramites.ActaNacimiento] INFO: Acta completada en 0.0s
2026-07-15 11:37:57,940 [tramites.Pasaporte] INFO: Iniciando cita de pasaporte...
2026-07-15 11:37:57,940 [tramites.Pasaporte] INFO: Cita pasaporte completada en 0.0s
2026-07-15 11:40:40,527 [tramites.API] ERROR: Error inesperado en consulta CURP
Traceback (most recent call last):
  File "D:\automatizacion\src\api.py", line 309, in consultar_curp
    resultado = await modulo.consultar(curp=req.curp.upper())
                ^^^^^^^^^^^^^^^^^^^^^^^^^^^^^^^^^^^^^^^^^^^^^
  File "C:\Users\MK\AppData\Local\Programs\Python\Python314\Lib\unittest\mock.py", line 2333, in _execute_mock_call
    raise effect
Exception: Mocked module
2026-07-15 11:40:40,563 [tramites.API] ERROR: Error inesperado en consulta NSS
Traceback (most recent call last):
  File "D:\automatizacion\src\api.py", line 326, in consultar_nss
    resultado = await modulo.consultar(
                ^^^^^^^^^^^^^^^^^^^^^^^
        curp=req.curp.upper(), correo=req.correo
        ^^^^^^^^^^^^^^^^^^^^^^^^^^^^^^^^^^^^^^^^
    )
    ^
  File "C:\Users\MK\AppData\Local\Programs\Python\Python314\Lib\unittest\mock.py", line 2333, in _execute_mock_call
    raise effect
Exception: Mocked module
2026-07-15 11:41:34,356 [tramites.test_mod] INFO: hello
2026-07-15 11:41:34,358 [tramites.test_mod] ERROR: error!
2026-07-15 11:41:35,080 [tramites.Buro] INFO: Iniciando consulta Buró de Crédito...
2026-07-15 11:41:35,081 [tramites.Buro] INFO: Buró completado en 0.0s
2026-07-15 11:41:35,091 [tramites.Circulo] INFO: Iniciando consulta Círculo de Crédito...
2026-07-15 11:41:35,092 [tramites.Circulo] INFO: Círculo completado en 0.0s
2026-07-15 11:41:35,118 [tramites.Buro] INFO: Iniciando consulta Buró de Crédito...
2026-07-15 11:41:35,119 [tramites.Buro] ERROR: Error en 0.0s: boom
2026-07-15 11:41:35,149 [tramites.CURP] INFO: Iniciando consulta...
2026-07-15 11:41:35,150 [tramites.CURP] INFO: Completado en 0.0s
2026-07-15 11:41:35,163 [tramites.CURP] INFO: Iniciando consulta...
2026-07-15 11:41:35,171 [tramites.CURP] INFO: Iniciando consulta...
2026-07-15 11:41:35,179 [tramites.NSS] INFO: Iniciando consulta para CURP GALJ****
2026-07-15 11:41:35,179 [tramites.NSS] INFO: Completado en 0.0s
2026-07-15 11:41:35,199 [tramites.TENENCIA] INFO: Consultando tenencia para placa ABC123
2026-07-15 11:41:35,199 [tramites.TENENCIA] INFO: Completado en 0.0s
2026-07-15 11:41:35,214 [tramites.ANTECEDENTES] INFO: Iniciando trámite para CURP GALJ****
2026-07-15 11:41:35,214 [tramites.ANTECEDENTES] INFO: Completado en 0.0s
2026-07-15 11:41:35,228 [tramites.ANTECEDENTES] INFO: Iniciando trámite para CURP GALJ****
2026-07-15 11:41:35,241 [tramites.CitaINE] INFO: Iniciando cita INE...
2026-07-15 11:41:35,241 [tramites.CitaINE] INFO: Cita INE completada en 0.0s
2026-07-15 11:41:35,258 [tramites.CitaSAT] INFO: Iniciando cita SAT...
2026-07-15 11:41:35,259 [tramites.CitaSAT] INFO: Cita SAT completada en 0.0s
2026-07-15 11:41:35,276 [tramites.ControlConfianza] INFO: Iniciando Control de Confianza...
2026-07-15 11:41:35,276 [tramites.ControlConfianza] INFO: Control de Confianza completado en 0.0s
2026-07-15 11:41:35,292 [tramites.Semanas] INFO: Iniciando consulta de semanas cotizadas...
2026-07-15 11:41:35,292 [tramites.Semanas] INFO: Semanas completadas en 0.0s
2026-07-15 11:41:35,308 [tramites.Semanas] INFO: Iniciando consulta de semanas cotizadas...
2026-07-15 11:41:35,308 [tramites.Semanas] ERROR: Error en 0.0s: boom
2026-07-15 11:41:35,317 [tramites.RFC] INFO: Iniciando consulta RFC...
2026-07-15 11:41:35,317 [tramites.RFC] INFO: RFC completado en 0.0s
2026-07-15 11:41:35,332 [tramites.ActaNacimiento] INFO: Iniciando consulta de Acta de Nacimiento...
2026-07-15 11:41:35,332 [tramites.ActaNacimiento] INFO: Acta completada en 0.0s
2026-07-15 11:41:35,346 [tramites.Pasaporte] INFO: Iniciando cita de pasaporte...
2026-07-15 11:41:35,346 [tramites.Pasaporte] INFO: Cita pasaporte completada en 0.0s
2026-07-15 11:44:14,904 [tramites.API] ERROR: Error inesperado en consulta CURP
Traceback (most recent call last):
  File "D:\automatizacion\src\api.py", line 309, in consultar_curp
    resultado = await modulo.consultar(curp=req.curp.upper())
                ^^^^^^^^^^^^^^^^^^^^^^^^^^^^^^^^^^^^^^^^^^^^^
  File "C:\Users\MK\AppData\Local\Programs\Python\Python314\Lib\unittest\mock.py", line 2333, in _execute_mock_call
    raise effect
Exception: Mocked module
2026-07-15 11:44:14,943 [tramites.API] ERROR: Error inesperado en consulta NSS
Traceback (most recent call last):
  File "D:\automatizacion\src\api.py", line 326, in consultar_nss
    resultado = await modulo.consultar(
                ^^^^^^^^^^^^^^^^^^^^^^^
        curp=req.curp.upper(), correo=req.correo
        ^^^^^^^^^^^^^^^^^^^^^^^^^^^^^^^^^^^^^^^^
    )
    ^
  File "C:\Users\MK\AppData\Local\Programs\Python\Python314\Lib\unittest\mock.py", line 2333, in _execute_mock_call
    raise effect
Exception: Mocked module
2026-07-15 11:45:08,813 [tramites.test_mod] INFO: hello
2026-07-15 11:45:08,815 [tramites.test_mod] ERROR: error!
2026-07-15 11:45:09,506 [tramites.Buro] INFO: Iniciando consulta Buró de Crédito...
2026-07-15 11:45:09,506 [tramites.Buro] INFO: Buró completado en 0.0s
2026-07-15 11:45:09,515 [tramites.Circulo] INFO: Iniciando consulta Círculo de Crédito...
2026-07-15 11:45:09,516 [tramites.Circulo] INFO: Círculo completado en 0.0s
2026-07-15 11:45:09,540 [tramites.Buro] INFO: Iniciando consulta Buró de Crédito...
2026-07-15 11:45:09,540 [tramites.Buro] ERROR: Error en 0.0s: boom
2026-07-15 11:45:09,564 [tramites.CURP] INFO: Iniciando consulta...
2026-07-15 11:45:09,564 [tramites.CURP] INFO: Completado en 0.0s
2026-07-15 11:45:09,580 [tramites.CURP] INFO: Iniciando consulta...
2026-07-15 11:45:09,589 [tramites.CURP] INFO: Iniciando consulta...
2026-07-15 11:45:09,598 [tramites.NSS] INFO: Iniciando consulta para CURP GALJ****
2026-07-15 11:45:09,598 [tramites.NSS] INFO: Completado en 0.0s
2026-07-15 11:45:09,615 [tramites.TENENCIA] INFO: Consultando tenencia para placa ABC123
2026-07-15 11:45:09,615 [tramites.TENENCIA] INFO: Completado en 0.0s
2026-07-15 11:45:09,635 [tramites.ANTECEDENTES] INFO: Iniciando trámite para CURP GALJ****
2026-07-15 11:45:09,635 [tramites.ANTECEDENTES] INFO: Completado en 0.0s
2026-07-15 11:45:09,651 [tramites.ANTECEDENTES] INFO: Iniciando trámite para CURP GALJ****
2026-07-15 11:45:09,660 [tramites.CitaINE] INFO: Iniciando cita INE...
2026-07-15 11:45:09,660 [tramites.CitaINE] INFO: Cita INE completada en 0.0s
2026-07-15 11:45:09,674 [tramites.CitaSAT] INFO: Iniciando cita SAT...
2026-07-15 11:45:09,675 [tramites.CitaSAT] INFO: Cita SAT completada en 0.0s
2026-07-15 11:45:09,691 [tramites.ControlConfianza] INFO: Iniciando Control de Confianza...
2026-07-15 11:45:09,691 [tramites.ControlConfianza] INFO: Control de Confianza completado en 0.0s
2026-07-15 11:45:09,706 [tramites.Semanas] INFO: Iniciando consulta de semanas cotizadas...
2026-07-15 11:45:09,707 [tramites.Semanas] INFO: Semanas completadas en 0.0s
2026-07-15 11:45:09,721 [tramites.Semanas] INFO: Iniciando consulta de semanas cotizadas...
2026-07-15 11:45:09,722 [tramites.Semanas] ERROR: Error en 0.0s: boom
2026-07-15 11:45:09,732 [tramites.RFC] INFO: Iniciando consulta RFC...
2026-07-15 11:45:09,733 [tramites.RFC] INFO: RFC completado en 0.0s
2026-07-15 11:45:09,751 [tramites.ActaNacimiento] INFO: Iniciando consulta de Acta de Nacimiento...
2026-07-15 11:45:09,751 [tramites.ActaNacimiento] INFO: Acta completada en 0.0s
2026-07-15 11:45:09,765 [tramites.Pasaporte] INFO: Iniciando cita de pasaporte...
2026-07-15 11:45:09,765 [tramites.Pasaporte] INFO: Cita pasaporte completada en 0.0s
2026-07-15 11:47:56,699 [tramites.API] ERROR: Error inesperado en consulta CURP
Traceback (most recent call last):
  File "D:\automatizacion\src\api.py", line 309, in consultar_curp
    resultado = await modulo.consultar(curp=req.curp.upper())
                ^^^^^^^^^^^^^^^^^^^^^^^^^^^^^^^^^^^^^^^^^^^^^
  File "C:\Users\MK\AppData\Local\Programs\Python\Python314\Lib\unittest\mock.py", line 2333, in _execute_mock_call
    raise effect
Exception: Mocked module
2026-07-15 11:47:56,738 [tramites.API] ERROR: Error inesperado en consulta NSS
Traceback (most recent call last):
  File "D:\automatizacion\src\api.py", line 326, in consultar_nss
    resultado = await modulo.consultar(
                ^^^^^^^^^^^^^^^^^^^^^^^
        curp=req.curp.upper(), correo=req.correo
        ^^^^^^^^^^^^^^^^^^^^^^^^^^^^^^^^^^^^^^^^
    )
    ^
  File "C:\Users\MK\AppData\Local\Programs\Python\Python314\Lib\unittest\mock.py", line 2333, in _execute_mock_call
    raise effect
Exception: Mocked module
2026-07-15 11:48:51,391 [tramites.test_mod] INFO: hello
2026-07-15 11:48:51,394 [tramites.test_mod] ERROR: error!
2026-07-15 11:48:52,185 [tramites.Buro] INFO: Iniciando consulta Buró de Crédito...
2026-07-15 11:48:52,185 [tramites.Buro] INFO: Buró completado en 0.0s
2026-07-15 11:48:52,194 [tramites.Circulo] INFO: Iniciando consulta Círculo de Crédito...
2026-07-15 11:48:52,195 [tramites.Circulo] INFO: Círculo completado en 0.0s
2026-07-15 11:48:52,226 [tramites.Buro] INFO: Iniciando consulta Buró de Crédito...
2026-07-15 11:48:52,226 [tramites.Buro] ERROR: Error en 0.0s: boom
2026-07-15 11:48:52,264 [tramites.CURP] INFO: Iniciando consulta...
2026-07-15 11:48:52,265 [tramites.CURP] INFO: Completado en 0.0s
2026-07-15 11:48:52,286 [tramites.CURP] INFO: Iniciando consulta...
2026-07-15 11:48:52,298 [tramites.CURP] INFO: Iniciando consulta...
2026-07-15 11:48:52,309 [tramites.NSS] INFO: Iniciando consulta para CURP GALJ****
2026-07-15 11:48:52,309 [tramites.NSS] INFO: Completado en 0.0s
2026-07-15 11:48:52,332 [tramites.TENENCIA] INFO: Consultando tenencia para placa ABC123
2026-07-15 11:48:52,333 [tramites.TENENCIA] INFO: Completado en 0.0s
2026-07-15 11:48:52,350 [tramites.ANTECEDENTES] INFO: Iniciando trámite para CURP GALJ****
2026-07-15 11:48:52,350 [tramites.ANTECEDENTES] INFO: Completado en 0.0s
2026-07-15 11:48:52,371 [tramites.ANTECEDENTES] INFO: Iniciando trámite para CURP GALJ****
2026-07-15 11:48:52,384 [tramites.CitaINE] INFO: Iniciando cita INE...
2026-07-15 11:48:52,384 [tramites.CitaINE] INFO: Cita INE completada en 0.0s
2026-07-15 11:48:52,402 [tramites.CitaSAT] INFO: Iniciando cita SAT...
2026-07-15 11:48:52,402 [tramites.CitaSAT] INFO: Cita SAT completada en 0.0s
2026-07-15 11:48:52,419 [tramites.ControlConfianza] INFO: Iniciando Control de Confianza...
2026-07-15 11:48:52,420 [tramites.ControlConfianza] INFO: Control de Confianza completado en 0.0s
2026-07-15 11:48:52,440 [tramites.Semanas] INFO: Iniciando consulta de semanas cotizadas...
2026-07-15 11:48:52,440 [tramites.Semanas] INFO: Semanas completadas en 0.0s
2026-07-15 11:48:52,454 [tramites.Semanas] INFO: Iniciando consulta de semanas cotizadas...
2026-07-15 11:48:52,455 [tramites.Semanas] ERROR: Error en 0.0s: boom
2026-07-15 11:48:52,463 [tramites.RFC] INFO: Iniciando consulta RFC...
2026-07-15 11:48:52,464 [tramites.RFC] INFO: RFC completado en 0.0s
2026-07-15 11:48:52,485 [tramites.ActaNacimiento] INFO: Iniciando consulta de Acta de Nacimiento...
2026-07-15 11:48:52,486 [tramites.ActaNacimiento] INFO: Acta completada en 0.0s
2026-07-15 11:48:52,503 [tramites.Pasaporte] INFO: Iniciando cita de pasaporte...
2026-07-15 11:48:52,504 [tramites.Pasaporte] INFO: Cita pasaporte completada en 0.0s
2026-07-15 11:51:40,391 [tramites.API] ERROR: Error inesperado en consulta CURP
Traceback (most recent call last):
  File "D:\automatizacion\src\api.py", line 309, in consultar_curp
    resultado = await modulo.consultar(curp=req.curp.upper())
                ^^^^^^^^^^^^^^^^^^^^^^^^^^^^^^^^^^^^^^^^^^^^^
  File "C:\Users\MK\AppData\Local\Programs\Python\Python314\Lib\unittest\mock.py", line 2333, in _execute_mock_call
    raise effect
Exception: Mocked module
2026-07-15 11:51:40,425 [tramites.API] ERROR: Error inesperado en consulta NSS
Traceback (most recent call last):
  File "D:\automatizacion\src\api.py", line 326, in consultar_nss
    resultado = await modulo.consultar(
                ^^^^^^^^^^^^^^^^^^^^^^^
        curp=req.curp.upper(), correo=req.correo
        ^^^^^^^^^^^^^^^^^^^^^^^^^^^^^^^^^^^^^^^^
    )
    ^
  File "C:\Users\MK\AppData\Local\Programs\Python\Python314\Lib\unittest\mock.py", line 2333, in _execute_mock_call
    raise effect
Exception: Mocked module
2026-07-15 11:52:35,397 [tramites.test_mod] INFO: hello
2026-07-15 11:52:35,400 [tramites.test_mod] ERROR: error!
2026-07-15 11:52:36,336 [tramites.Buro] INFO: Iniciando consulta Buró de Crédito...
2026-07-15 11:52:36,336 [tramites.Buro] INFO: Buró completado en 0.0s
2026-07-15 11:52:36,346 [tramites.Circulo] INFO: Iniciando consulta Círculo de Crédito...
2026-07-15 11:52:36,347 [tramites.Circulo] INFO: Círculo completado en 0.0s
2026-07-15 11:52:36,391 [tramites.Buro] INFO: Iniciando consulta Buró de Crédito...
2026-07-15 11:52:36,392 [tramites.Buro] ERROR: Error en 0.0s: boom
2026-07-15 11:52:36,419 [tramites.CURP] INFO: Iniciando consulta...
2026-07-15 11:52:36,419 [tramites.CURP] INFO: Completado en 0.0s
2026-07-15 11:52:36,433 [tramites.CURP] INFO: Iniciando consulta...
2026-07-15 11:52:36,443 [tramites.CURP] INFO: Iniciando consulta...
2026-07-15 11:52:36,456 [tramites.NSS] INFO: Iniciando consulta para CURP GALJ****
2026-07-15 11:52:36,456 [tramites.NSS] INFO: Completado en 0.0s
2026-07-15 11:52:36,475 [tramites.TENENCIA] INFO: Consultando tenencia para placa ABC123
2026-07-15 11:52:36,476 [tramites.TENENCIA] INFO: Completado en 0.0s
2026-07-15 11:52:36,493 [tramites.ANTECEDENTES] INFO: Iniciando trámite para CURP GALJ****
2026-07-15 11:52:36,493 [tramites.ANTECEDENTES] INFO: Completado en 0.0s
2026-07-15 11:52:36,512 [tramites.ANTECEDENTES] INFO: Iniciando trámite para CURP GALJ****
2026-07-15 11:52:36,522 [tramites.CitaINE] INFO: Iniciando cita INE...
2026-07-15 11:52:36,522 [tramites.CitaINE] INFO: Cita INE completada en 0.0s
2026-07-15 11:52:36,545 [tramites.CitaSAT] INFO: Iniciando cita SAT...
2026-07-15 11:52:36,546 [tramites.CitaSAT] INFO: Cita SAT completada en 0.0s
2026-07-15 11:52:36,565 [tramites.ControlConfianza] INFO: Iniciando Control de Confianza...
2026-07-15 11:52:36,566 [tramites.ControlConfianza] INFO: Control de Confianza completado en 0.0s
2026-07-15 11:52:36,584 [tramites.Semanas] INFO: Iniciando consulta de semanas cotizadas...
2026-07-15 11:52:36,584 [tramites.Semanas] INFO: Semanas completadas en 0.0s
2026-07-15 11:52:36,601 [tramites.Semanas] INFO: Iniciando consulta de semanas cotizadas...
2026-07-15 11:52:36,602 [tramites.Semanas] ERROR: Error en 0.0s: boom
2026-07-15 11:52:36,619 [tramites.RFC] INFO: Iniciando consulta RFC...
2026-07-15 11:52:36,620 [tramites.RFC] INFO: RFC completado en 0.0s
2026-07-15 11:52:36,642 [tramites.ActaNacimiento] INFO: Iniciando consulta de Acta de Nacimiento...
2026-07-15 11:52:36,643 [tramites.ActaNacimiento] INFO: Acta completada en 0.0s
2026-07-15 11:52:36,671 [tramites.Pasaporte] INFO: Iniciando cita de pasaporte...
2026-07-15 11:52:36,672 [tramites.Pasaporte] INFO: Cita pasaporte completada en 0.0s
2026-07-15 12:02:20,146 [tramites.API] ERROR: Error inesperado en consulta CURP
Traceback (most recent call last):
  File "D:\automatizacion\src\api.py", line 316, in consultar_curp
    resultado = await modulo.consultar(curp=req.curp.upper())
                ^^^^^^^^^^^^^^^^^^^^^^^^^^^^^^^^^^^^^^^^^^^^^
  File "C:\Users\MK\AppData\Local\Programs\Python\Python314\Lib\unittest\mock.py", line 2333, in _execute_mock_call
    raise effect
Exception: Mocked module
2026-07-15 12:02:20,186 [tramites.API] ERROR: Error inesperado en consulta NSS
Traceback (most recent call last):
  File "D:\automatizacion\src\api.py", line 333, in consultar_nss
    resultado = await modulo.consultar(
                ^^^^^^^^^^^^^^^^^^^^^^^
        curp=req.curp.upper(), correo=req.correo
        ^^^^^^^^^^^^^^^^^^^^^^^^^^^^^^^^^^^^^^^^
    )
    ^
  File "C:\Users\MK\AppData\Local\Programs\Python\Python314\Lib\unittest\mock.py", line 2333, in _execute_mock_call
    raise effect
Exception: Mocked module
2026-07-15 12:03:16,317 [tramites.test_mod] INFO: hello
2026-07-15 12:03:16,320 [tramites.test_mod] ERROR: error!
2026-07-15 12:03:17,160 [tramites.Buro] INFO: Iniciando consulta Buró de Crédito...
2026-07-15 12:03:17,161 [tramites.Buro] INFO: Buró completado en 0.0s
2026-07-15 12:03:17,171 [tramites.Circulo] INFO: Iniciando consulta Círculo de Crédito...
2026-07-15 12:03:17,172 [tramites.Circulo] INFO: Círculo completado en 0.0s
2026-07-15 12:03:17,197 [tramites.Buro] INFO: Iniciando consulta Buró de Crédito...
2026-07-15 12:03:17,198 [tramites.Buro] ERROR: Error en 0.0s: boom
2026-07-15 12:03:17,225 [tramites.CURP] INFO: Iniciando consulta...
2026-07-15 12:03:17,225 [tramites.CURP] INFO: Completado en 0.0s
2026-07-15 12:03:17,243 [tramites.CURP] INFO: Iniciando consulta...
2026-07-15 12:03:17,251 [tramites.CURP] INFO: Iniciando consulta...
2026-07-15 12:03:17,262 [tramites.NSS] INFO: Iniciando consulta para CURP GALJ****
2026-07-15 12:03:17,262 [tramites.NSS] INFO: Completado en 0.0s
2026-07-15 12:03:17,281 [tramites.TENENCIA] INFO: Consultando tenencia para placa ABC123
2026-07-15 12:03:17,282 [tramites.TENENCIA] INFO: Completado en 0.0s
2026-07-15 12:03:17,299 [tramites.ANTECEDENTES] INFO: Iniciando trámite para CURP GALJ****
2026-07-15 12:03:17,300 [tramites.ANTECEDENTES] INFO: Completado en 0.0s
2026-07-15 12:03:17,316 [tramites.ANTECEDENTES] INFO: Iniciando trámite para CURP GALJ****
2026-07-15 12:03:17,327 [tramites.CitaINE] INFO: Iniciando cita INE...
2026-07-15 12:03:17,327 [tramites.CitaINE] INFO: Cita INE completada en 0.0s
2026-07-15 12:03:17,345 [tramites.CitaSAT] INFO: Iniciando cita SAT...
2026-07-15 12:03:17,345 [tramites.CitaSAT] INFO: Cita SAT completada en 0.0s
2026-07-15 12:03:17,361 [tramites.ControlConfianza] INFO: Iniciando Control de Confianza...
2026-07-15 12:03:17,362 [tramites.ControlConfianza] INFO: Control de Confianza completado en 0.0s
2026-07-15 12:03:17,379 [tramites.Semanas] INFO: Iniciando consulta de semanas cotizadas...
2026-07-15 12:03:17,380 [tramites.Semanas] INFO: Semanas completadas en 0.0s
2026-07-15 12:03:17,398 [tramites.Semanas] INFO: Iniciando consulta de semanas cotizadas...
2026-07-15 12:03:17,399 [tramites.Semanas] ERROR: Error en 0.0s: boom
2026-07-15 12:03:17,411 [tramites.RFC] INFO: Iniciando consulta RFC...
2026-07-15 12:03:17,411 [tramites.RFC] INFO: RFC completado en 0.0s
2026-07-15 12:03:17,432 [tramites.ActaNacimiento] INFO: Iniciando consulta de Acta de Nacimiento...
2026-07-15 12:03:17,433 [tramites.ActaNacimiento] INFO: Acta completada en 0.0s
2026-07-15 12:03:17,452 [tramites.Pasaporte] INFO: Iniciando cita de pasaporte...
2026-07-15 12:03:17,453 [tramites.Pasaporte] INFO: Cita pasaporte completada en 0.0s
2026-07-15 12:07:39,538 [tramites.API] ERROR: Error inesperado en consulta CURP
Traceback (most recent call last):
  File "D:\automatizacion\src\api.py", line 316, in consultar_curp
    resultado = await modulo.consultar(curp=req.curp.upper())
                ^^^^^^^^^^^^^^^^^^^^^^^^^^^^^^^^^^^^^^^^^^^^^
  File "C:\Users\MK\AppData\Local\Programs\Python\Python314\Lib\unittest\mock.py", line 2333, in _execute_mock_call
    raise effect
Exception: Mocked module
2026-07-15 12:07:39,580 [tramites.API] ERROR: Error inesperado en consulta NSS
Traceback (most recent call last):
  File "D:\automatizacion\src\api.py", line 333, in consultar_nss
    resultado = await modulo.consultar(
                ^^^^^^^^^^^^^^^^^^^^^^^
        curp=req.curp.upper(), correo=req.correo
        ^^^^^^^^^^^^^^^^^^^^^^^^^^^^^^^^^^^^^^^^
    )
    ^
  File "C:\Users\MK\AppData\Local\Programs\Python\Python314\Lib\unittest\mock.py", line 2333, in _execute_mock_call
    raise effect
Exception: Mocked module
2026-07-15 12:08:34,758 [tramites.test_mod] INFO: hello
2026-07-15 12:08:34,764 [tramites.test_mod] ERROR: error!
2026-07-15 12:08:35,854 [tramites.Buro] INFO: Iniciando consulta Buró de Crédito...
2026-07-15 12:08:35,855 [tramites.Buro] INFO: Buró completado en 0.0s
2026-07-15 12:08:35,867 [tramites.Circulo] INFO: Iniciando consulta Círculo de Crédito...
2026-07-15 12:08:35,868 [tramites.Circulo] INFO: Círculo completado en 0.0s
2026-07-15 12:08:35,918 [tramites.Buro] INFO: Iniciando consulta Buró de Crédito...
2026-07-15 12:08:35,918 [tramites.Buro] ERROR: Error en 0.0s: boom
2026-07-15 12:08:35,953 [tramites.CURP] INFO: Iniciando consulta...
2026-07-15 12:08:35,953 [tramites.CURP] INFO: Completado en 0.0s
2026-07-15 12:08:35,976 [tramites.CURP] INFO: Iniciando consulta...
2026-07-15 12:08:35,990 [tramites.CURP] INFO: Iniciando consulta...
2026-07-15 12:08:36,007 [tramites.NSS] INFO: Iniciando consulta para CURP GALJ****
2026-07-15 12:08:36,008 [tramites.NSS] INFO: Completado en 0.0s
2026-07-15 12:08:36,030 [tramites.TENENCIA] INFO: Consultando tenencia para placa ABC123
2026-07-15 12:08:36,031 [tramites.TENENCIA] INFO: Completado en 0.0s
2026-07-15 12:08:36,054 [tramites.ANTECEDENTES] INFO: Iniciando trámite para CURP GALJ****
2026-07-15 12:08:36,055 [tramites.ANTECEDENTES] INFO: Completado en 0.0s
2026-07-15 12:08:36,076 [tramites.ANTECEDENTES] INFO: Iniciando trámite para CURP GALJ****
2026-07-15 12:08:36,089 [tramites.CitaINE] INFO: Iniciando cita INE...
2026-07-15 12:08:36,089 [tramites.CitaINE] INFO: Cita INE completada en 0.0s
2026-07-15 12:08:36,115 [tramites.CitaSAT] INFO: Iniciando cita SAT...
2026-07-15 12:08:36,116 [tramites.CitaSAT] INFO: Cita SAT completada en 0.0s
2026-07-15 12:08:36,137 [tramites.ControlConfianza] INFO: Iniciando Control de Confianza...
2026-07-15 12:08:36,137 [tramites.ControlConfianza] INFO: Control de Confianza completado en 0.0s
2026-07-15 12:08:36,163 [tramites.Semanas] INFO: Iniciando consulta de semanas cotizadas...
2026-07-15 12:08:36,163 [tramites.Semanas] INFO: Semanas completadas en 0.0s
2026-07-15 12:08:36,195 [tramites.Semanas] INFO: Iniciando consulta de semanas cotizadas...
2026-07-15 12:08:36,196 [tramites.Semanas] ERROR: Error en 0.0s: boom
2026-07-15 12:08:36,213 [tramites.RFC] INFO: Iniciando consulta RFC...
2026-07-15 12:08:36,215 [tramites.RFC] INFO: RFC completado en 0.0s
2026-07-15 12:08:36,237 [tramites.ActaNacimiento] INFO: Iniciando consulta de Acta de Nacimiento...
2026-07-15 12:08:36,237 [tramites.ActaNacimiento] INFO: Acta completada en 0.0s
2026-07-15 12:08:36,263 [tramites.Pasaporte] INFO: Iniciando cita de pasaporte...
2026-07-15 12:08:36,263 [tramites.Pasaporte] INFO: Cita pasaporte completada en 0.0s
2026-07-15 12:16:51,848 [tramites.API] ERROR: Error inesperado en consulta CURP
Traceback (most recent call last):
  File "D:\automatizacion\src\api.py", line 316, in consultar_curp
    resultado = await modulo.consultar(curp=req.curp.upper())
                ^^^^^^^^^^^^^^^^^^^^^^^^^^^^^^^^^^^^^^^^^^^^^
  File "C:\Users\MK\AppData\Local\Programs\Python\Python314\Lib\unittest\mock.py", line 2333, in _execute_mock_call
    raise effect
Exception: Mocked module
2026-07-15 12:16:51,880 [tramites.API] ERROR: Error inesperado en consulta NSS
Traceback (most recent call last):
  File "D:\automatizacion\src\api.py", line 333, in consultar_nss
    resultado = await modulo.consultar(
                ^^^^^^^^^^^^^^^^^^^^^^^
        curp=req.curp.upper(), correo=req.correo
        ^^^^^^^^^^^^^^^^^^^^^^^^^^^^^^^^^^^^^^^^
    )
    ^
  File "C:\Users\MK\AppData\Local\Programs\Python\Python314\Lib\unittest\mock.py", line 2333, in _execute_mock_call
    raise effect
Exception: Mocked module
2026-07-15 12:17:45,910 [tramites.test_mod] INFO: hello
2026-07-15 12:17:45,913 [tramites.test_mod] ERROR: error!
2026-07-15 12:17:46,655 [tramites.Buro] INFO: Iniciando consulta Buró de Crédito...
2026-07-15 12:17:46,655 [tramites.Buro] INFO: Buró completado en 0.0s
2026-07-15 12:17:46,664 [tramites.Circulo] INFO: Iniciando consulta Círculo de Crédito...
2026-07-15 12:17:46,664 [tramites.Circulo] INFO: Círculo completado en 0.0s
2026-07-15 12:17:46,692 [tramites.Buro] INFO: Iniciando consulta Buró de Crédito...
2026-07-15 12:17:46,692 [tramites.Buro] ERROR: Error en 0.0s: boom
2026-07-15 12:17:46,715 [tramites.CURP] INFO: Iniciando consulta...
2026-07-15 12:17:46,715 [tramites.CURP] INFO: Completado en 0.0s
2026-07-15 12:17:46,731 [tramites.CURP] INFO: Iniciando consulta...
2026-07-15 12:17:46,738 [tramites.CURP] INFO: Iniciando consulta...
2026-07-15 12:17:46,749 [tramites.NSS] INFO: Iniciando consulta para CURP GALJ****
2026-07-15 12:17:46,750 [tramites.NSS] INFO: Completado en 0.0s
2026-07-15 12:17:46,769 [tramites.TENENCIA] INFO: Consultando tenencia para placa ABC123
2026-07-15 12:17:46,769 [tramites.TENENCIA] INFO: Completado en 0.0s
2026-07-15 12:17:46,785 [tramites.ANTECEDENTES] INFO: Iniciando trámite para CURP GALJ****
2026-07-15 12:17:46,786 [tramites.ANTECEDENTES] INFO: Completado en 0.0s
2026-07-15 12:17:46,801 [tramites.ANTECEDENTES] INFO: Iniciando trámite para CURP GALJ****
2026-07-15 12:17:46,809 [tramites.CitaINE] INFO: Iniciando cita INE...
2026-07-15 12:17:46,809 [tramites.CitaINE] INFO: Cita INE completada en 0.0s
2026-07-15 12:17:46,824 [tramites.CitaSAT] INFO: Iniciando cita SAT...
2026-07-15 12:17:46,824 [tramites.CitaSAT] INFO: Cita SAT completada en 0.0s
2026-07-15 12:17:46,843 [tramites.ControlConfianza] INFO: Iniciando Control de Confianza...
2026-07-15 12:17:46,844 [tramites.ControlConfianza] INFO: Control de Confianza completado en 0.0s
2026-07-15 12:17:46,862 [tramites.Semanas] INFO: Iniciando consulta de semanas cotizadas...
2026-07-15 12:17:46,862 [tramites.Semanas] INFO: Semanas completadas en 0.0s
2026-07-15 12:17:46,881 [tramites.Semanas] INFO: Iniciando consulta de semanas cotizadas...
2026-07-15 12:17:46,882 [tramites.Semanas] ERROR: Error en 0.0s: boom
2026-07-15 12:17:46,896 [tramites.RFC] INFO: Iniciando consulta RFC...
2026-07-15 12:17:46,897 [tramites.RFC] INFO: RFC completado en 0.0s
2026-07-15 12:17:46,913 [tramites.ActaNacimiento] INFO: Iniciando consulta de Acta de Nacimiento...
2026-07-15 12:17:46,913 [tramites.ActaNacimiento] INFO: Acta completada en 0.0s
2026-07-15 12:17:46,929 [tramites.Pasaporte] INFO: Iniciando cita de pasaporte...
2026-07-15 12:17:46,929 [tramites.Pasaporte] INFO: Cita pasaporte completada en 0.0s
2026-07-15 12:23:07,047 [tramites.API] ERROR: Error inesperado en consulta CURP
Traceback (most recent call last):
  File "D:\automatizacion\src\api.py", line 316, in consultar_curp
    resultado = await modulo.consultar(curp=req.curp.upper())
                ^^^^^^^^^^^^^^^^^^^^^^^^^^^^^^^^^^^^^^^^^^^^^
  File "C:\Users\MK\AppData\Local\Programs\Python\Python314\Lib\unittest\mock.py", line 2333, in _execute_mock_call
    raise effect
Exception: Mocked module
2026-07-15 12:23:07,091 [tramites.API] ERROR: Error inesperado en consulta NSS
Traceback (most recent call last):
  File "D:\automatizacion\src\api.py", line 333, in consultar_nss
    resultado = await modulo.consultar(
                ^^^^^^^^^^^^^^^^^^^^^^^
        curp=req.curp.upper(), correo=req.correo
        ^^^^^^^^^^^^^^^^^^^^^^^^^^^^^^^^^^^^^^^^
    )
    ^
  File "C:\Users\MK\AppData\Local\Programs\Python\Python314\Lib\unittest\mock.py", line 2333, in _execute_mock_call
    raise effect
Exception: Mocked module
2026-07-15 12:24:02,326 [tramites.test_mod] INFO: hello
2026-07-15 12:24:02,329 [tramites.test_mod] ERROR: error!
2026-07-15 12:24:03,273 [tramites.Buro] INFO: Iniciando consulta Buró de Crédito...
2026-07-15 12:24:03,273 [tramites.Buro] INFO: Buró completado en 0.0s
2026-07-15 12:24:03,282 [tramites.Circulo] INFO: Iniciando consulta Círculo de Crédito...
2026-07-15 12:24:03,282 [tramites.Circulo] INFO: Círculo completado en 0.0s
2026-07-15 12:24:03,309 [tramites.Buro] INFO: Iniciando consulta Buró de Crédito...
2026-07-15 12:24:03,310 [tramites.Buro] ERROR: Error en 0.0s: boom
2026-07-15 12:24:03,336 [tramites.CURP] INFO: Iniciando consulta...
2026-07-15 12:24:03,337 [tramites.CURP] INFO: Completado en 0.0s
2026-07-15 12:24:03,356 [tramites.CURP] INFO: Iniciando consulta...
2026-07-15 12:24:03,369 [tramites.CURP] INFO: Iniciando consulta...
2026-07-15 12:24:03,381 [tramites.NSS] INFO: Iniciando consulta para CURP GALJ****
2026-07-15 12:24:03,382 [tramites.NSS] INFO: Completado en 0.0s
2026-07-15 12:24:03,398 [tramites.TENENCIA] INFO: Consultando tenencia para placa ABC123
2026-07-15 12:24:03,399 [tramites.TENENCIA] INFO: Completado en 0.0s
2026-07-15 12:24:03,414 [tramites.ANTECEDENTES] INFO: Iniciando trámite para CURP GALJ****
2026-07-15 12:24:03,414 [tramites.ANTECEDENTES] INFO: Completado en 0.0s
2026-07-15 12:24:03,433 [tramites.ANTECEDENTES] INFO: Iniciando trámite para CURP GALJ****
2026-07-15 12:24:03,443 [tramites.CitaINE] INFO: Iniciando cita INE...
2026-07-15 12:24:03,443 [tramites.CitaINE] INFO: Cita INE completada en 0.0s
2026-07-15 12:24:03,463 [tramites.CitaSAT] INFO: Iniciando cita SAT...
2026-07-15 12:24:03,464 [tramites.CitaSAT] INFO: Cita SAT completada en 0.0s
2026-07-15 12:24:03,486 [tramites.ControlConfianza] INFO: Iniciando Control de Confianza...
2026-07-15 12:24:03,487 [tramites.ControlConfianza] INFO: Control de Confianza completado en 0.0s
2026-07-15 12:24:03,506 [tramites.Semanas] INFO: Iniciando consulta de semanas cotizadas...
2026-07-15 12:24:03,506 [tramites.Semanas] INFO: Semanas completadas en 0.0s
2026-07-15 12:24:03,522 [tramites.Semanas] INFO: Iniciando consulta de semanas cotizadas...
2026-07-15 12:24:03,523 [tramites.Semanas] ERROR: Error en 0.0s: boom
2026-07-15 12:24:03,532 [tramites.RFC] INFO: Iniciando consulta RFC...
2026-07-15 12:24:03,533 [tramites.RFC] INFO: RFC completado en 0.0s
2026-07-15 12:24:03,552 [tramites.ActaNacimiento] INFO: Iniciando consulta de Acta de Nacimiento...
2026-07-15 12:24:03,553 [tramites.ActaNacimiento] INFO: Acta completada en 0.0s
2026-07-15 12:24:03,569 [tramites.Pasaporte] INFO: Iniciando cita de pasaporte...
2026-07-15 12:24:03,569 [tramites.Pasaporte] INFO: Cita pasaporte completada en 0.0s
2026-07-15 12:32:03,564 [tramites.API] ERROR: Error inesperado en consulta CURP
Traceback (most recent call last):
  File "D:\automatizacion\src\api.py", line 316, in consultar_curp
    resultado = await modulo.consultar(curp=req.curp.upper())
                ^^^^^^^^^^^^^^^^^^^^^^^^^^^^^^^^^^^^^^^^^^^^^
  File "C:\Users\MK\AppData\Local\Programs\Python\Python314\Lib\unittest\mock.py", line 2333, in _execute_mock_call
    raise effect
Exception: Mocked module
2026-07-15 12:32:03,626 [tramites.API] ERROR: Error inesperado en consulta NSS
Traceback (most recent call last):
  File "D:\automatizacion\src\api.py", line 333, in consultar_nss
    resultado = await modulo.consultar(
                ^^^^^^^^^^^^^^^^^^^^^^^
        curp=req.curp.upper(), correo=req.correo
        ^^^^^^^^^^^^^^^^^^^^^^^^^^^^^^^^^^^^^^^^
    )
    ^
  File "C:\Users\MK\AppData\Local\Programs\Python\Python314\Lib\unittest\mock.py", line 2333, in _execute_mock_call
    raise effect
Exception: Mocked module
2026-07-15 12:33:00,699 [tramites.test_mod] INFO: hello
2026-07-15 12:33:00,703 [tramites.test_mod] ERROR: error!
2026-07-15 12:33:01,940 [tramites.Buro] INFO: Iniciando consulta Buró de Crédito...
2026-07-15 12:33:01,941 [tramites.Buro] INFO: Buró completado en 0.0s
2026-07-15 12:33:01,956 [tramites.Circulo] INFO: Iniciando consulta Círculo de Crédito...
2026-07-15 12:33:01,957 [tramites.Circulo] INFO: Círculo completado en 0.0s
2026-07-15 12:33:01,998 [tramites.Buro] INFO: Iniciando consulta Buró de Crédito...
2026-07-15 12:33:01,999 [tramites.Buro] ERROR: Error en 0.0s: boom
2026-07-15 12:33:02,049 [tramites.CURP] INFO: Iniciando consulta...
2026-07-15 12:33:02,049 [tramites.CURP] INFO: Completado en 0.0s
2026-07-15 12:33:02,074 [tramites.CURP] INFO: Iniciando consulta...
2026-07-15 12:33:02,086 [tramites.CURP] INFO: Iniciando consulta...
2026-07-15 12:33:02,100 [tramites.NSS] INFO: Iniciando consulta para CURP GALJ****
2026-07-15 12:33:02,101 [tramites.NSS] INFO: Completado en 0.0s
2026-07-15 12:33:02,127 [tramites.TENENCIA] INFO: Consultando tenencia para placa ABC123
2026-07-15 12:33:02,127 [tramites.TENENCIA] INFO: Completado en 0.0s
2026-07-15 12:33:02,151 [tramites.ANTECEDENTES] INFO: Iniciando trámite para CURP GALJ****
2026-07-15 12:33:02,152 [tramites.ANTECEDENTES] INFO: Completado en 0.0s
2026-07-15 12:33:02,179 [tramites.ANTECEDENTES] INFO: Iniciando trámite para CURP GALJ****
2026-07-15 12:33:02,198 [tramites.CitaINE] INFO: Iniciando cita INE...
2026-07-15 12:33:02,199 [tramites.CitaINE] INFO: Cita INE completada en 0.0s
2026-07-15 12:33:02,222 [tramites.CitaSAT] INFO: Iniciando cita SAT...
2026-07-15 12:33:02,223 [tramites.CitaSAT] INFO: Cita SAT completada en 0.0s
2026-07-15 12:33:02,247 [tramites.ControlConfianza] INFO: Iniciando Control de Confianza...
2026-07-15 12:33:02,247 [tramites.ControlConfianza] INFO: Control de Confianza completado en 0.0s
2026-07-15 12:33:02,270 [tramites.Semanas] INFO: Iniciando consulta de semanas cotizadas...
2026-07-15 12:33:02,270 [tramites.Semanas] INFO: Semanas completadas en 0.0s
2026-07-15 12:33:02,299 [tramites.Semanas] INFO: Iniciando consulta de semanas cotizadas...
2026-07-15 12:33:02,299 [tramites.Semanas] ERROR: Error en 0.0s: boom
2026-07-15 12:33:02,321 [tramites.RFC] INFO: Iniciando consulta RFC...
2026-07-15 12:33:02,321 [tramites.RFC] INFO: RFC completado en 0.0s
2026-07-15 12:33:02,347 [tramites.ActaNacimiento] INFO: Iniciando consulta de Acta de Nacimiento...
2026-07-15 12:33:02,347 [tramites.ActaNacimiento] INFO: Acta completada en 0.0s
2026-07-15 12:33:02,373 [tramites.Pasaporte] INFO: Iniciando cita de pasaporte...
2026-07-15 12:33:02,373 [tramites.Pasaporte] INFO: Cita pasaporte completada en 0.0s
2026-07-15 12:36:56,157 [tramites.API] ERROR: Error inesperado en consulta CURP
Traceback (most recent call last):
  File "D:\automatizacion\src\api.py", line 316, in consultar_curp
    resultado = await modulo.consultar(curp=req.curp.upper())
                ^^^^^^^^^^^^^^^^^^^^^^^^^^^^^^^^^^^^^^^^^^^^^
  File "C:\Users\MK\AppData\Local\Programs\Python\Python314\Lib\unittest\mock.py", line 2333, in _execute_mock_call
    raise effect
Exception: Mocked module
2026-07-15 12:36:56,223 [tramites.API] ERROR: Error inesperado en consulta NSS
Traceback (most recent call last):
  File "D:\automatizacion\src\api.py", line 333, in consultar_nss
    resultado = await modulo.consultar(
                ^^^^^^^^^^^^^^^^^^^^^^^
        curp=req.curp.upper(), correo=req.correo
        ^^^^^^^^^^^^^^^^^^^^^^^^^^^^^^^^^^^^^^^^
    )
    ^
  File "C:\Users\MK\AppData\Local\Programs\Python\Python314\Lib\unittest\mock.py", line 2333, in _execute_mock_call
    raise effect
Exception: Mocked module
2026-07-15 12:37:53,547 [tramites.test_mod] INFO: hello
2026-07-15 12:37:53,553 [tramites.test_mod] ERROR: error!
2026-07-15 12:37:54,995 [tramites.Buro] INFO: Iniciando consulta Buró de Crédito...
2026-07-15 12:37:54,996 [tramites.Buro] INFO: Buró completado en 0.0s
2026-07-15 12:37:55,011 [tramites.Circulo] INFO: Iniciando consulta Círculo de Crédito...
2026-07-15 12:37:55,011 [tramites.Circulo] INFO: Círculo completado en 0.0s
2026-07-15 12:37:55,076 [tramites.Buro] INFO: Iniciando consulta Buró de Crédito...
2026-07-15 12:37:55,077 [tramites.Buro] ERROR: Error en 0.0s: boom
2026-07-15 12:37:55,121 [tramites.CURP] INFO: Iniciando consulta...
2026-07-15 12:37:55,122 [tramites.CURP] INFO: Completado en 0.0s
2026-07-15 12:37:55,150 [tramites.CURP] INFO: Iniciando consulta...
2026-07-15 12:37:55,168 [tramites.CURP] INFO: Iniciando consulta...
2026-07-15 12:37:55,184 [tramites.NSS] INFO: Iniciando consulta para CURP GALJ****
2026-07-15 12:37:55,184 [tramites.NSS] INFO: Completado en 0.0s
2026-07-15 12:37:55,218 [tramites.TENENCIA] INFO: Consultando tenencia para placa ABC123
2026-07-15 12:37:55,219 [tramites.TENENCIA] INFO: Completado en 0.0s
2026-07-15 12:37:55,249 [tramites.ANTECEDENTES] INFO: Iniciando trámite para CURP GALJ****
2026-07-15 12:37:55,249 [tramites.ANTECEDENTES] INFO: Completado en 0.0s
2026-07-15 12:37:55,280 [tramites.ANTECEDENTES] INFO: Iniciando trámite para CURP GALJ****
2026-07-15 12:37:55,294 [tramites.CitaINE] INFO: Iniciando cita INE...
2026-07-15 12:37:55,295 [tramites.CitaINE] INFO: Cita INE completada en 0.0s
2026-07-15 12:37:55,331 [tramites.CitaSAT] INFO: Iniciando cita SAT...
2026-07-15 12:37:55,332 [tramites.CitaSAT] INFO: Cita SAT completada en 0.0s
2026-07-15 12:37:55,361 [tramites.ControlConfianza] INFO: Iniciando Control de Confianza...
2026-07-15 12:37:55,362 [tramites.ControlConfianza] INFO: Control de Confianza completado en 0.0s
2026-07-15 12:37:55,393 [tramites.Semanas] INFO: Iniciando consulta de semanas cotizadas...
2026-07-15 12:37:55,394 [tramites.Semanas] INFO: Semanas completadas en 0.0s
2026-07-15 12:37:55,427 [tramites.Semanas] INFO: Iniciando consulta de semanas cotizadas...
2026-07-15 12:37:55,428 [tramites.Semanas] ERROR: Error en 0.0s: boom
2026-07-15 12:37:55,448 [tramites.RFC] INFO: Iniciando consulta RFC...
2026-07-15 12:37:55,448 [tramites.RFC] INFO: RFC completado en 0.0s
2026-07-15 12:37:55,479 [tramites.ActaNacimiento] INFO: Iniciando consulta de Acta de Nacimiento...
2026-07-15 12:37:55,481 [tramites.ActaNacimiento] INFO: Acta completada en 0.0s
2026-07-15 12:37:55,511 [tramites.Pasaporte] INFO: Iniciando cita de pasaporte...
2026-07-15 12:37:55,511 [tramites.Pasaporte] INFO: Cita pasaporte completada en 0.0s
2026-07-15 12:41:17,411 [tramites.API] ERROR: Error inesperado en consulta CURP
Traceback (most recent call last):
  File "D:\automatizacion\src\api.py", line 316, in consultar_curp
    resultado = await modulo.consultar(curp=req.curp.upper())
                ^^^^^^^^^^^^^^^^^^^^^^^^^^^^^^^^^^^^^^^^^^^^^
  File "C:\Users\MK\AppData\Local\Programs\Python\Python314\Lib\unittest\mock.py", line 2333, in _execute_mock_call
    raise effect
Exception: Mocked module
2026-07-15 12:41:17,472 [tramites.API] ERROR: Error inesperado en consulta NSS
Traceback (most recent call last):
  File "D:\automatizacion\src\api.py", line 333, in consultar_nss
    resultado = await modulo.consultar(
                ^^^^^^^^^^^^^^^^^^^^^^^
        curp=req.curp.upper(), correo=req.correo
        ^^^^^^^^^^^^^^^^^^^^^^^^^^^^^^^^^^^^^^^^
    )
    ^
  File "C:\Users\MK\AppData\Local\Programs\Python\Python314\Lib\unittest\mock.py", line 2333, in _execute_mock_call
    raise effect
Exception: Mocked module
2026-07-15 12:42:14,842 [tramites.test_mod] INFO: hello
2026-07-15 12:42:14,847 [tramites.test_mod] ERROR: error!
2026-07-15 12:42:16,165 [tramites.Buro] INFO: Iniciando consulta Buró de Crédito...
2026-07-15 12:42:16,166 [tramites.Buro] INFO: Buró completado en 0.0s
2026-07-15 12:42:16,186 [tramites.Circulo] INFO: Iniciando consulta Círculo de Crédito...
2026-07-15 12:42:16,187 [tramites.Circulo] INFO: Círculo completado en 0.0s
2026-07-15 12:42:16,245 [tramites.Buro] INFO: Iniciando consulta Buró de Crédito...
2026-07-15 12:42:16,246 [tramites.Buro] ERROR: Error en 0.0s: boom
2026-07-15 12:42:16,298 [tramites.CURP] INFO: Iniciando consulta...
2026-07-15 12:42:16,299 [tramites.CURP] INFO: Completado en 0.0s
2026-07-15 12:42:16,328 [tramites.CURP] INFO: Iniciando consulta...
2026-07-15 12:42:16,342 [tramites.CURP] INFO: Iniciando consulta...
2026-07-15 12:42:16,364 [tramites.NSS] INFO: Iniciando consulta para CURP GALJ****
2026-07-15 12:42:16,365 [tramites.NSS] INFO: Completado en 0.0s
2026-07-15 12:42:16,399 [tramites.TENENCIA] INFO: Consultando tenencia para placa ABC123
2026-07-15 12:42:16,400 [tramites.TENENCIA] INFO: Completado en 0.0s
2026-07-15 12:42:16,428 [tramites.ANTECEDENTES] INFO: Iniciando trámite para CURP GALJ****
2026-07-15 12:42:16,429 [tramites.ANTECEDENTES] INFO: Completado en 0.0s
2026-07-15 12:42:16,458 [tramites.ANTECEDENTES] INFO: Iniciando trámite para CURP GALJ****
2026-07-15 12:42:16,471 [tramites.CitaINE] INFO: Iniciando cita INE...
2026-07-15 12:42:16,472 [tramites.CitaINE] INFO: Cita INE completada en 0.0s
2026-07-15 12:42:16,499 [tramites.CitaSAT] INFO: Iniciando cita SAT...
2026-07-15 12:42:16,500 [tramites.CitaSAT] INFO: Cita SAT completada en 0.0s
2026-07-15 12:42:16,532 [tramites.ControlConfianza] INFO: Iniciando Control de Confianza...
2026-07-15 12:42:16,533 [tramites.ControlConfianza] INFO: Control de Confianza completado en 0.0s
2026-07-15 12:42:16,572 [tramites.Semanas] INFO: Iniciando consulta de semanas cotizadas...
2026-07-15 12:42:16,573 [tramites.Semanas] INFO: Semanas completadas en 0.0s
2026-07-15 12:42:16,614 [tramites.Semanas] INFO: Iniciando consulta de semanas cotizadas...
2026-07-15 12:42:16,615 [tramites.Semanas] ERROR: Error en 0.0s: boom
2026-07-15 12:42:16,634 [tramites.RFC] INFO: Iniciando consulta RFC...
2026-07-15 12:42:16,634 [tramites.RFC] INFO: RFC completado en 0.0s
2026-07-15 12:42:16,668 [tramites.ActaNacimiento] INFO: Iniciando consulta de Acta de Nacimiento...
2026-07-15 12:42:16,669 [tramites.ActaNacimiento] INFO: Acta completada en 0.0s
2026-07-15 12:42:16,704 [tramites.Pasaporte] INFO: Iniciando cita de pasaporte...
2026-07-15 12:42:16,705 [tramites.Pasaporte] INFO: Cita pasaporte completada en 0.0s
2026-07-15 12:45:11,159 [tramites.API] ERROR: Error inesperado en consulta CURP
Traceback (most recent call last):
  File "D:\automatizacion\src\api.py", line 316, in consultar_curp
    resultado = await modulo.consultar(curp=req.curp.upper())
                ^^^^^^^^^^^^^^^^^^^^^^^^^^^^^^^^^^^^^^^^^^^^^
  File "C:\Users\MK\AppData\Local\Programs\Python\Python314\Lib\unittest\mock.py", line 2333, in _execute_mock_call
    raise effect
Exception: Mocked module
2026-07-15 12:45:11,225 [tramites.API] ERROR: Error inesperado en consulta NSS
Traceback (most recent call last):
  File "D:\automatizacion\src\api.py", line 333, in consultar_nss
    resultado = await modulo.consultar(
                ^^^^^^^^^^^^^^^^^^^^^^^
        curp=req.curp.upper(), correo=req.correo
        ^^^^^^^^^^^^^^^^^^^^^^^^^^^^^^^^^^^^^^^^
    )
    ^
  File "C:\Users\MK\AppData\Local\Programs\Python\Python314\Lib\unittest\mock.py", line 2333, in _execute_mock_call
    raise effect
Exception: Mocked module
2026-07-15 12:46:08,045 [tramites.test_mod] INFO: hello
2026-07-15 12:46:08,052 [tramites.test_mod] ERROR: error!
2026-07-15 12:46:09,323 [tramites.Buro] INFO: Iniciando consulta Buró de Crédito...
2026-07-15 12:46:09,323 [tramites.Buro] INFO: Buró completado en 0.0s
2026-07-15 12:46:09,341 [tramites.Circulo] INFO: Iniciando consulta Círculo de Crédito...
2026-07-15 12:46:09,342 [tramites.Circulo] INFO: Círculo completado en 0.0s
2026-07-15 12:46:09,383 [tramites.Buro] INFO: Iniciando consulta Buró de Crédito...
2026-07-15 12:46:09,384 [tramites.Buro] ERROR: Error en 0.0s: boom
2026-07-15 12:46:09,426 [tramites.CURP] INFO: Iniciando consulta...
2026-07-15 12:46:09,426 [tramites.CURP] INFO: Completado en 0.0s
2026-07-15 12:46:09,466 [tramites.CURP] INFO: Iniciando consulta...
2026-07-15 12:46:09,485 [tramites.CURP] INFO: Iniciando consulta...
2026-07-15 12:46:09,501 [tramites.NSS] INFO: Iniciando consulta para CURP GALJ****
2026-07-15 12:46:09,501 [tramites.NSS] INFO: Completado en 0.0s
2026-07-15 12:46:09,529 [tramites.TENENCIA] INFO: Consultando tenencia para placa ABC123
2026-07-15 12:46:09,530 [tramites.TENENCIA] INFO: Completado en 0.0s
2026-07-15 12:46:09,566 [tramites.ANTECEDENTES] INFO: Iniciando trámite para CURP GALJ****
2026-07-15 12:46:09,567 [tramites.ANTECEDENTES] INFO: Completado en 0.0s
2026-07-15 12:46:09,592 [tramites.ANTECEDENTES] INFO: Iniciando trámite para CURP GALJ****
2026-07-15 12:46:09,610 [tramites.CitaINE] INFO: Iniciando cita INE...
2026-07-15 12:46:09,611 [tramites.CitaINE] INFO: Cita INE completada en 0.0s
2026-07-15 12:46:09,640 [tramites.CitaSAT] INFO: Iniciando cita SAT...
2026-07-15 12:46:09,641 [tramites.CitaSAT] INFO: Cita SAT completada en 0.0s
2026-07-15 12:46:09,677 [tramites.ControlConfianza] INFO: Iniciando Control de Confianza...
2026-07-15 12:46:09,678 [tramites.ControlConfianza] INFO: Control de Confianza completado en 0.0s
2026-07-15 12:46:09,712 [tramites.Semanas] INFO: Iniciando consulta de semanas cotizadas...
2026-07-15 12:46:09,712 [tramites.Semanas] INFO: Semanas completadas en 0.0s
2026-07-15 12:46:09,741 [tramites.Semanas] INFO: Iniciando consulta de semanas cotizadas...
2026-07-15 12:46:09,741 [tramites.Semanas] ERROR: Error en 0.0s: boom
2026-07-15 12:46:09,757 [tramites.RFC] INFO: Iniciando consulta RFC...
2026-07-15 12:46:09,758 [tramites.RFC] INFO: RFC completado en 0.0s
2026-07-15 12:46:09,802 [tramites.ActaNacimiento] INFO: Iniciando consulta de Acta de Nacimiento...
2026-07-15 12:46:09,803 [tramites.ActaNacimiento] INFO: Acta completada en 0.0s
2026-07-15 12:46:09,833 [tramites.Pasaporte] INFO: Iniciando cita de pasaporte...
2026-07-15 12:46:09,834 [tramites.Pasaporte] INFO: Cita pasaporte completada en 0.0s
2026-07-15 12:49:07,887 [tramites.API] ERROR: Error inesperado en consulta CURP
Traceback (most recent call last):
  File "D:\automatizacion\src\api.py", line 316, in consultar_curp
    resultado = await modulo.consultar(curp=req.curp.upper())
                ^^^^^^^^^^^^^^^^^^^^^^^^^^^^^^^^^^^^^^^^^^^^^
  File "C:\Users\MK\AppData\Local\Programs\Python\Python314\Lib\unittest\mock.py", line 2333, in _execute_mock_call
    raise effect
Exception: Mocked module
2026-07-15 12:49:07,949 [tramites.API] ERROR: Error inesperado en consulta NSS
Traceback (most recent call last):
  File "D:\automatizacion\src\api.py", line 333, in consultar_nss
    resultado = await modulo.consultar(
                ^^^^^^^^^^^^^^^^^^^^^^^
        curp=req.curp.upper(), correo=req.correo
        ^^^^^^^^^^^^^^^^^^^^^^^^^^^^^^^^^^^^^^^^
    )
    ^
  File "C:\Users\MK\AppData\Local\Programs\Python\Python314\Lib\unittest\mock.py", line 2333, in _execute_mock_call
    raise effect
Exception: Mocked module
2026-07-15 12:50:04,234 [tramites.test_mod] INFO: hello
2026-07-15 12:50:04,238 [tramites.test_mod] ERROR: error!
2026-07-15 12:50:05,450 [tramites.Buro] INFO: Iniciando consulta Buró de Crédito...
2026-07-15 12:50:05,450 [tramites.Buro] INFO: Buró completado en 0.0s
2026-07-15 12:50:05,474 [tramites.Circulo] INFO: Iniciando consulta Círculo de Crédito...
2026-07-15 12:50:05,475 [tramites.Circulo] INFO: Círculo completado en 0.0s
2026-07-15 12:50:05,526 [tramites.Buro] INFO: Iniciando consulta Buró de Crédito...
2026-07-15 12:50:05,527 [tramites.Buro] ERROR: Error en 0.0s: boom
2026-07-15 12:50:05,570 [tramites.CURP] INFO: Iniciando consulta...
2026-07-15 12:50:05,571 [tramites.CURP] INFO: Completado en 0.0s
2026-07-15 12:50:05,593 [tramites.CURP] INFO: Iniciando consulta...
2026-07-15 12:50:05,607 [tramites.CURP] INFO: Iniciando consulta...
2026-07-15 12:50:05,621 [tramites.NSS] INFO: Iniciando consulta para CURP GALJ****
2026-07-15 12:50:05,621 [tramites.NSS] INFO: Completado en 0.0s
2026-07-15 12:50:05,648 [tramites.TENENCIA] INFO: Consultando tenencia para placa ABC123
2026-07-15 12:50:05,649 [tramites.TENENCIA] INFO: Completado en 0.0s
2026-07-15 12:50:05,672 [tramites.ANTECEDENTES] INFO: Iniciando trámite para CURP GALJ****
2026-07-15 12:50:05,673 [tramites.ANTECEDENTES] INFO: Completado en 0.0s
2026-07-15 12:50:05,698 [tramites.ANTECEDENTES] INFO: Iniciando trámite para CURP GALJ****
2026-07-15 12:50:05,717 [tramites.CitaINE] INFO: Iniciando cita INE...
2026-07-15 12:50:05,718 [tramites.CitaINE] INFO: Cita INE completada en 0.0s
2026-07-15 12:50:05,742 [tramites.CitaSAT] INFO: Iniciando cita SAT...
2026-07-15 12:50:05,742 [tramites.CitaSAT] INFO: Cita SAT completada en 0.0s
2026-07-15 12:50:05,767 [tramites.ControlConfianza] INFO: Iniciando Control de Confianza...
2026-07-15 12:50:05,767 [tramites.ControlConfianza] INFO: Control de Confianza completado en 0.0s
2026-07-15 12:50:05,796 [tramites.Semanas] INFO: Iniciando consulta de semanas cotizadas...
2026-07-15 12:50:05,797 [tramites.Semanas] INFO: Semanas completadas en 0.0s
2026-07-15 12:50:05,824 [tramites.Semanas] INFO: Iniciando consulta de semanas cotizadas...
2026-07-15 12:50:05,824 [tramites.Semanas] ERROR: Error en 0.0s: boom
2026-07-15 12:50:05,839 [tramites.RFC] INFO: Iniciando consulta RFC...
2026-07-15 12:50:05,839 [tramites.RFC] INFO: RFC completado en 0.0s
2026-07-15 12:50:05,868 [tramites.ActaNacimiento] INFO: Iniciando consulta de Acta de Nacimiento...
2026-07-15 12:50:05,869 [tramites.ActaNacimiento] INFO: Acta completada en 0.0s
2026-07-15 12:50:05,901 [tramites.Pasaporte] INFO: Iniciando cita de pasaporte...
2026-07-15 12:50:05,902 [tramites.Pasaporte] INFO: Cita pasaporte completada en 0.0s
2026-07-15 12:55:28,230 [tramites.API] ERROR: Error inesperado en consulta CURP
Traceback (most recent call last):
  File "D:\automatizacion\src\api.py", line 315, in consultar_curp
    resultado = await modulo.consultar(curp=req.curp.upper())
                ^^^^^^^^^^^^^^^^^^^^^^^^^^^^^^^^^^^^^^^^^^^^^
  File "C:\Users\MK\AppData\Local\Programs\Python\Python314\Lib\unittest\mock.py", line 2333, in _execute_mock_call
    raise effect
Exception: Mocked module
2026-07-15 12:55:28,299 [tramites.API] ERROR: Error inesperado en consulta NSS
Traceback (most recent call last):
  File "D:\automatizacion\src\api.py", line 332, in consultar_nss
    resultado = await modulo.consultar(
                ^^^^^^^^^^^^^^^^^^^^^^^
        curp=req.curp.upper(), correo=req.correo
        ^^^^^^^^^^^^^^^^^^^^^^^^^^^^^^^^^^^^^^^^
    )
    ^
  File "C:\Users\MK\AppData\Local\Programs\Python\Python314\Lib\unittest\mock.py", line 2333, in _execute_mock_call
    raise effect
Exception: Mocked module
2026-07-15 12:56:25,494 [tramites.test_mod] INFO: hello
2026-07-15 12:56:25,500 [tramites.test_mod] ERROR: error!
2026-07-15 12:56:26,716 [tramites.Buro] INFO: Iniciando consulta Buró de Crédito...
2026-07-15 12:56:26,716 [tramites.Buro] INFO: Buró completado en 0.0s
2026-07-15 12:56:26,728 [tramites.Circulo] INFO: Iniciando consulta Círculo de Crédito...
2026-07-15 12:56:26,728 [tramites.Circulo] INFO: Círculo completado en 0.0s
2026-07-15 12:56:26,767 [tramites.Buro] INFO: Iniciando consulta Buró de Crédito...
2026-07-15 12:56:26,767 [tramites.Buro] ERROR: Error en 0.0s: boom
2026-07-15 12:56:26,808 [tramites.CURP] INFO: Iniciando consulta...
2026-07-15 12:56:26,809 [tramites.CURP] INFO: Completado en 0.0s
2026-07-15 12:56:26,837 [tramites.CURP] INFO: Iniciando consulta...
2026-07-15 12:56:26,857 [tramites.CURP] INFO: Iniciando consulta...
2026-07-15 12:56:26,880 [tramites.NSS] INFO: Iniciando consulta para CURP GALJ****
2026-07-15 12:56:26,881 [tramites.NSS] INFO: Completado en 0.0s
2026-07-15 12:56:26,909 [tramites.TENENCIA] INFO: Consultando tenencia para placa ABC123
2026-07-15 12:56:26,909 [tramites.TENENCIA] INFO: Completado en 0.0s
2026-07-15 12:56:26,932 [tramites.ANTECEDENTES] INFO: Iniciando trámite para CURP GALJ****
2026-07-15 12:56:26,933 [tramites.ANTECEDENTES] INFO: Completado en 0.0s
2026-07-15 12:56:26,958 [tramites.ANTECEDENTES] INFO: Iniciando trámite para CURP GALJ****
2026-07-15 12:56:26,973 [tramites.CitaINE] INFO: Iniciando cita INE...
2026-07-15 12:56:26,973 [tramites.CitaINE] INFO: Cita INE completada en 0.0s
2026-07-15 12:56:26,997 [tramites.CitaSAT] INFO: Iniciando cita SAT...
2026-07-15 12:56:26,997 [tramites.CitaSAT] INFO: Cita SAT completada en 0.0s
2026-07-15 12:56:27,015 [tramites.ControlConfianza] INFO: Iniciando Control de Confianza...
2026-07-15 12:56:27,016 [tramites.ControlConfianza] INFO: Control de Confianza completado en 0.0s
2026-07-15 12:56:27,039 [tramites.Semanas] INFO: Iniciando consulta de semanas cotizadas...
2026-07-15 12:56:27,040 [tramites.Semanas] INFO: Semanas completadas en 0.0s
2026-07-15 12:56:27,069 [tramites.Semanas] INFO: Iniciando consulta de semanas cotizadas...
2026-07-15 12:56:27,070 [tramites.Semanas] ERROR: Error en 0.0s: boom
2026-07-15 12:56:27,085 [tramites.RFC] INFO: Iniciando consulta RFC...
2026-07-15 12:56:27,086 [tramites.RFC] INFO: RFC completado en 0.0s
2026-07-15 12:56:27,117 [tramites.ActaNacimiento] INFO: Iniciando consulta de Acta de Nacimiento...
2026-07-15 12:56:27,117 [tramites.ActaNacimiento] INFO: Acta completada en 0.0s
2026-07-15 12:56:27,141 [tramites.Pasaporte] INFO: Iniciando cita de pasaporte...
2026-07-15 12:56:27,141 [tramites.Pasaporte] INFO: Cita pasaporte completada en 0.0s
2026-07-15 12:59:27,442 [tramites.API] ERROR: Error inesperado en consulta CURP
Traceback (most recent call last):
  File "D:\automatizacion\src\api.py", line 315, in consultar_curp
    resultado = await modulo.consultar(curp=req.curp.upper())
                ^^^^^^^^^^^^^^^^^^^^^^^^^^^^^^^^^^^^^^^^^^^^^
  File "C:\Users\MK\AppData\Local\Programs\Python\Python314\Lib\unittest\mock.py", line 2333, in _execute_mock_call
    raise effect
Exception: Mocked module
2026-07-15 12:59:27,496 [tramites.API] ERROR: Error inesperado en consulta NSS
Traceback (most recent call last):
  File "D:\automatizacion\src\api.py", line 332, in consultar_nss
    resultado = await modulo.consultar(
                ^^^^^^^^^^^^^^^^^^^^^^^
        curp=req.curp.upper(), correo=req.correo
        ^^^^^^^^^^^^^^^^^^^^^^^^^^^^^^^^^^^^^^^^
    )
    ^
  File "C:\Users\MK\AppData\Local\Programs\Python\Python314\Lib\unittest\mock.py", line 2333, in _execute_mock_call
    raise effect
Exception: Mocked module
2026-07-15 13:00:24,629 [tramites.test_mod] INFO: hello
2026-07-15 13:00:24,635 [tramites.test_mod] ERROR: error!
2026-07-15 13:00:26,010 [tramites.Buro] INFO: Iniciando consulta Buró de Crédito...
2026-07-15 13:00:26,011 [tramites.Buro] INFO: Buró completado en 0.0s
2026-07-15 13:00:26,034 [tramites.Circulo] INFO: Iniciando consulta Círculo de Crédito...
2026-07-15 13:00:26,034 [tramites.Circulo] INFO: Círculo completado en 0.0s
2026-07-15 13:00:26,085 [tramites.Buro] INFO: Iniciando consulta Buró de Crédito...
2026-07-15 13:00:26,086 [tramites.Buro] ERROR: Error en 0.0s: boom
2026-07-15 13:00:26,133 [tramites.CURP] INFO: Iniciando consulta...
2026-07-15 13:00:26,134 [tramites.CURP] INFO: Completado en 0.0s
2026-07-15 13:00:26,162 [tramites.CURP] INFO: Iniciando consulta...
2026-07-15 13:00:26,176 [tramites.CURP] INFO: Iniciando consulta...
2026-07-15 13:00:26,193 [tramites.NSS] INFO: Iniciando consulta para CURP GALJ****
2026-07-15 13:00:26,194 [tramites.NSS] INFO: Completado en 0.0s
2026-07-15 13:00:26,223 [tramites.TENENCIA] INFO: Consultando tenencia para placa ABC123
2026-07-15 13:00:26,224 [tramites.TENENCIA] INFO: Completado en 0.0s
2026-07-15 13:00:26,250 [tramites.ANTECEDENTES] INFO: Iniciando trámite para CURP GALJ****
2026-07-15 13:00:26,250 [tramites.ANTECEDENTES] INFO: Completado en 0.0s
2026-07-15 13:00:26,276 [tramites.ANTECEDENTES] INFO: Iniciando trámite para CURP GALJ****
2026-07-15 13:00:26,290 [tramites.CitaINE] INFO: Iniciando cita INE...
2026-07-15 13:00:26,291 [tramites.CitaINE] INFO: Cita INE completada en 0.0s
2026-07-15 13:00:26,317 [tramites.CitaSAT] INFO: Iniciando cita SAT...
2026-07-15 13:00:26,318 [tramites.CitaSAT] INFO: Cita SAT completada en 0.0s
2026-07-15 13:00:26,345 [tramites.ControlConfianza] INFO: Iniciando Control de Confianza...
2026-07-15 13:00:26,345 [tramites.ControlConfianza] INFO: Control de Confianza completado en 0.0s
2026-07-15 13:00:26,374 [tramites.Semanas] INFO: Iniciando consulta de semanas cotizadas...
2026-07-15 13:00:26,375 [tramites.Semanas] INFO: Semanas completadas en 0.0s
2026-07-15 13:00:26,398 [tramites.Semanas] INFO: Iniciando consulta de semanas cotizadas...
2026-07-15 13:00:26,399 [tramites.Semanas] ERROR: Error en 0.0s: boom
2026-07-15 13:00:26,411 [tramites.RFC] INFO: Iniciando consulta RFC...
2026-07-15 13:00:26,412 [tramites.RFC] INFO: RFC completado en 0.0s
2026-07-15 13:00:26,456 [tramites.ActaNacimiento] INFO: Iniciando consulta de Acta de Nacimiento...
2026-07-15 13:00:26,457 [tramites.ActaNacimiento] INFO: Acta completada en 0.0s
2026-07-15 13:00:26,488 [tramites.Pasaporte] INFO: Iniciando cita de pasaporte...
2026-07-15 13:00:26,489 [tramites.Pasaporte] INFO: Cita pasaporte completada en 0.0s
2026-07-15 13:05:13,261 [tramites.API] ERROR: Error inesperado en consulta CURP
Traceback (most recent call last):
  File "D:\automatizacion\src\api.py", line 315, in consultar_curp
    resultado = await modulo.consultar(curp=req.curp.upper())
                ^^^^^^^^^^^^^^^^^^^^^^^^^^^^^^^^^^^^^^^^^^^^^
  File "C:\Users\MK\AppData\Local\Programs\Python\Python314\Lib\unittest\mock.py", line 2333, in _execute_mock_call
    raise effect
Exception: Mocked module
2026-07-15 13:05:13,405 [tramites.API] ERROR: Error inesperado en consulta NSS
Traceback (most recent call last):
  File "D:\automatizacion\src\api.py", line 332, in consultar_nss
    resultado = await modulo.consultar(
                ^^^^^^^^^^^^^^^^^^^^^^^
        curp=req.curp.upper(), correo=req.correo
        ^^^^^^^^^^^^^^^^^^^^^^^^^^^^^^^^^^^^^^^^
    )
    ^
  File "C:\Users\MK\AppData\Local\Programs\Python\Python314\Lib\unittest\mock.py", line 2333, in _execute_mock_call
    raise effect
Exception: Mocked module
2026-07-15 13:06:11,768 [tramites.test_mod] INFO: hello
2026-07-15 13:06:11,773 [tramites.test_mod] ERROR: error!
2026-07-15 13:06:13,257 [tramites.Buro] INFO: Iniciando consulta Buró de Crédito...
2026-07-15 13:06:13,258 [tramites.Buro] INFO: Buró completado en 0.0s
2026-07-15 13:06:13,275 [tramites.Circulo] INFO: Iniciando consulta Círculo de Crédito...
2026-07-15 13:06:13,276 [tramites.Circulo] INFO: Círculo completado en 0.0s
2026-07-15 13:06:13,327 [tramites.Buro] INFO: Iniciando consulta Buró de Crédito...
2026-07-15 13:06:13,328 [tramites.Buro] ERROR: Error en 0.0s: boom
2026-07-15 13:06:13,375 [tramites.CURP] INFO: Iniciando consulta...
2026-07-15 13:06:13,376 [tramites.CURP] INFO: Completado en 0.0s
2026-07-15 13:06:13,404 [tramites.CURP] INFO: Iniciando consulta...
2026-07-15 13:06:13,417 [tramites.CURP] INFO: Iniciando consulta...
2026-07-15 13:06:13,434 [tramites.NSS] INFO: Iniciando consulta para CURP GALJ****
2026-07-15 13:06:13,435 [tramites.NSS] INFO: Completado en 0.0s
2026-07-15 13:06:13,466 [tramites.TENENCIA] INFO: Consultando tenencia para placa ABC123
2026-07-15 13:06:13,466 [tramites.TENENCIA] INFO: Completado en 0.0s
2026-07-15 13:06:13,489 [tramites.ANTECEDENTES] INFO: Iniciando trámite para CURP GALJ****
2026-07-15 13:06:13,490 [tramites.ANTECEDENTES] INFO: Completado en 0.0s
2026-07-15 13:06:13,516 [tramites.ANTECEDENTES] INFO: Iniciando trámite para CURP GALJ****
2026-07-15 13:06:13,533 [tramites.CitaINE] INFO: Iniciando cita INE...
2026-07-15 13:06:13,533 [tramites.CitaINE] INFO: Cita INE completada en 0.0s
2026-07-15 13:06:13,557 [tramites.CitaSAT] INFO: Iniciando cita SAT...
2026-07-15 13:06:13,558 [tramites.CitaSAT] INFO: Cita SAT completada en 0.0s
2026-07-15 13:06:13,596 [tramites.ControlConfianza] INFO: Iniciando Control de Confianza...
2026-07-15 13:06:13,597 [tramites.ControlConfianza] INFO: Control de Confianza completado en 0.0s
2026-07-15 13:06:13,630 [tramites.Semanas] INFO: Iniciando consulta de semanas cotizadas...
2026-07-15 13:06:13,631 [tramites.Semanas] INFO: Semanas completadas en 0.0s
2026-07-15 13:06:13,662 [tramites.Semanas] INFO: Iniciando consulta de semanas cotizadas...
2026-07-15 13:06:13,662 [tramites.Semanas] ERROR: Error en 0.0s: boom
2026-07-15 13:06:13,689 [tramites.RFC] INFO: Iniciando consulta RFC...
2026-07-15 13:06:13,690 [tramites.RFC] INFO: RFC completado en 0.0s
2026-07-15 13:06:13,726 [tramites.ActaNacimiento] INFO: Iniciando consulta de Acta de Nacimiento...
2026-07-15 13:06:13,726 [tramites.ActaNacimiento] INFO: Acta completada en 0.0s
2026-07-15 13:06:13,762 [tramites.Pasaporte] INFO: Iniciando cita de pasaporte...
2026-07-15 13:06:13,764 [tramites.Pasaporte] INFO: Cita pasaporte completada en 0.0s
2026-07-15 13:09:42,535 [tramites.API] ERROR: Error inesperado en consulta CURP
Traceback (most recent call last):
  File "D:\automatizacion\src\api.py", line 315, in consultar_curp
    resultado = await modulo.consultar(curp=req.curp.upper())
                ^^^^^^^^^^^^^^^^^^^^^^^^^^^^^^^^^^^^^^^^^^^^^
  File "C:\Users\MK\AppData\Local\Programs\Python\Python314\Lib\unittest\mock.py", line 2333, in _execute_mock_call
    raise effect
Exception: Mocked module
2026-07-15 13:09:42,600 [tramites.API] ERROR: Error inesperado en consulta NSS
Traceback (most recent call last):
  File "D:\automatizacion\src\api.py", line 332, in consultar_nss
    resultado = await modulo.consultar(
                ^^^^^^^^^^^^^^^^^^^^^^^
        curp=req.curp.upper(), correo=req.correo
        ^^^^^^^^^^^^^^^^^^^^^^^^^^^^^^^^^^^^^^^^
    )
    ^
  File "C:\Users\MK\AppData\Local\Programs\Python\Python314\Lib\unittest\mock.py", line 2333, in _execute_mock_call
    raise effect
Exception: Mocked module
2026-07-15 13:10:40,088 [tramites.test_mod] INFO: hello
2026-07-15 13:10:40,093 [tramites.test_mod] ERROR: error!
2026-07-15 13:10:41,631 [tramites.Buro] INFO: Iniciando consulta Buró de Crédito...
2026-07-15 13:10:41,632 [tramites.Buro] INFO: Buró completado en 0.0s
2026-07-15 13:10:41,652 [tramites.Circulo] INFO: Iniciando consulta Círculo de Crédito...
2026-07-15 13:10:41,653 [tramites.Circulo] INFO: Círculo completado en 0.0s
2026-07-15 13:10:41,706 [tramites.Buro] INFO: Iniciando consulta Buró de Crédito...
2026-07-15 13:10:41,707 [tramites.Buro] ERROR: Error en 0.0s: boom
2026-07-15 13:10:41,760 [tramites.CURP] INFO: Iniciando consulta...
2026-07-15 13:10:41,760 [tramites.CURP] INFO: Completado en 0.0s
2026-07-15 13:10:41,807 [tramites.CURP] INFO: Iniciando consulta...
2026-07-15 13:10:41,822 [tramites.CURP] INFO: Iniciando consulta...
2026-07-15 13:10:41,844 [tramites.NSS] INFO: Iniciando consulta para CURP GALJ****
2026-07-15 13:10:41,845 [tramites.NSS] INFO: Completado en 0.0s
2026-07-15 13:10:41,881 [tramites.TENENCIA] INFO: Consultando tenencia para placa ABC123
2026-07-15 13:10:41,882 [tramites.TENENCIA] INFO: Completado en 0.0s
2026-07-15 13:10:41,915 [tramites.ANTECEDENTES] INFO: Iniciando trámite para CURP GALJ****
2026-07-15 13:10:41,916 [tramites.ANTECEDENTES] INFO: Completado en 0.0s
2026-07-15 13:10:41,956 [tramites.ANTECEDENTES] INFO: Iniciando trámite para CURP GALJ****
2026-07-15 13:10:41,977 [tramites.CitaINE] INFO: Iniciando cita INE...
2026-07-15 13:10:41,977 [tramites.CitaINE] INFO: Cita INE completada en 0.0s
2026-07-15 13:10:42,014 [tramites.CitaSAT] INFO: Iniciando cita SAT...
2026-07-15 13:10:42,015 [tramites.CitaSAT] INFO: Cita SAT completada en 0.0s
2026-07-15 13:10:42,047 [tramites.ControlConfianza] INFO: Iniciando Control de Confianza...
2026-07-15 13:10:42,047 [tramites.ControlConfianza] INFO: Control de Confianza completado en 0.0s
2026-07-15 13:10:42,096 [tramites.Semanas] INFO: Iniciando consulta de semanas cotizadas...
2026-07-15 13:10:42,097 [tramites.Semanas] INFO: Semanas completadas en 0.0s
2026-07-15 13:10:42,132 [tramites.Semanas] INFO: Iniciando consulta de semanas cotizadas...
2026-07-15 13:10:42,133 [tramites.Semanas] ERROR: Error en 0.0s: boom
2026-07-15 13:10:42,155 [tramites.RFC] INFO: Iniciando consulta RFC...
2026-07-15 13:10:42,156 [tramites.RFC] INFO: RFC completado en 0.0s
2026-07-15 13:10:42,200 [tramites.ActaNacimiento] INFO: Iniciando consulta de Acta de Nacimiento...
2026-07-15 13:10:42,201 [tramites.ActaNacimiento] INFO: Acta completada en 0.0s
2026-07-15 13:10:42,236 [tramites.Pasaporte] INFO: Iniciando cita de pasaporte...
2026-07-15 13:10:42,236 [tramites.Pasaporte] INFO: Cita pasaporte completada en 0.0s
2026-07-15 13:15:41,605 [tramites.API] ERROR: Error inesperado en consulta CURP
Traceback (most recent call last):
  File "D:\automatizacion\src\api.py", line 315, in consultar_curp
    resultado = await modulo.consultar(curp=req.curp.upper())
                ^^^^^^^^^^^^^^^^^^^^^^^^^^^^^^^^^^^^^^^^^^^^^
  File "C:\Users\MK\AppData\Local\Programs\Python\Python314\Lib\unittest\mock.py", line 2333, in _execute_mock_call
    raise effect
Exception: Mocked module
2026-07-15 13:15:41,652 [tramites.API] ERROR: Error inesperado en consulta NSS
Traceback (most recent call last):
  File "D:\automatizacion\src\api.py", line 332, in consultar_nss
    resultado = await modulo.consultar(
                ^^^^^^^^^^^^^^^^^^^^^^^
        curp=req.curp.upper(), correo=req.correo
        ^^^^^^^^^^^^^^^^^^^^^^^^^^^^^^^^^^^^^^^^
    )
    ^
  File "C:\Users\MK\AppData\Local\Programs\Python\Python314\Lib\unittest\mock.py", line 2333, in _execute_mock_call
    raise effect
Exception: Mocked module
2026-07-15 13:16:41,147 [tramites.test_mod] INFO: hello
2026-07-15 13:16:41,154 [tramites.test_mod] ERROR: error!
2026-07-15 13:16:43,109 [tramites.Buro] INFO: Iniciando consulta Buró de Crédito...
2026-07-15 13:16:43,110 [tramites.Buro] INFO: Buró completado en 0.0s
2026-07-15 13:16:43,134 [tramites.Circulo] INFO: Iniciando consulta Círculo de Crédito...
2026-07-15 13:16:43,135 [tramites.Circulo] INFO: Círculo completado en 0.0s
2026-07-15 13:16:43,214 [tramites.Buro] INFO: Iniciando consulta Buró de Crédito...
2026-07-15 13:16:43,215 [tramites.Buro] ERROR: Error en 0.0s: boom
2026-07-15 13:16:43,272 [tramites.CURP] INFO: Iniciando consulta...
2026-07-15 13:16:43,273 [tramites.CURP] INFO: Completado en 0.0s
2026-07-15 13:16:43,333 [tramites.CURP] INFO: Iniciando consulta...
2026-07-15 13:16:43,360 [tramites.CURP] INFO: Iniciando consulta...
2026-07-15 13:16:43,383 [tramites.NSS] INFO: Iniciando consulta para CURP GALJ****
2026-07-15 13:16:43,384 [tramites.NSS] INFO: Completado en 0.0s
2026-07-15 13:16:43,426 [tramites.TENENCIA] INFO: Consultando tenencia para placa ABC123
2026-07-15 13:16:43,427 [tramites.TENENCIA] INFO: Completado en 0.0s
2026-07-15 13:16:43,475 [tramites.ANTECEDENTES] INFO: Iniciando trámite para CURP GALJ****
2026-07-15 13:16:43,476 [tramites.ANTECEDENTES] INFO: Completado en 0.0s
2026-07-15 13:16:43,516 [tramites.ANTECEDENTES] INFO: Iniciando trámite para CURP GALJ****
2026-07-15 13:16:43,540 [tramites.CitaINE] INFO: Iniciando cita INE...
2026-07-15 13:16:43,541 [tramites.CitaINE] INFO: Cita INE completada en 0.0s
2026-07-15 13:16:43,587 [tramites.CitaSAT] INFO: Iniciando cita SAT...
2026-07-15 13:16:43,588 [tramites.CitaSAT] INFO: Cita SAT completada en 0.0s
2026-07-15 13:16:43,629 [tramites.ControlConfianza] INFO: Iniciando Control de Confianza...
2026-07-15 13:16:43,630 [tramites.ControlConfianza] INFO: Control de Confianza completado en 0.0s
2026-07-15 13:16:43,683 [tramites.Semanas] INFO: Iniciando consulta de semanas cotizadas...
2026-07-15 13:16:43,684 [tramites.Semanas] INFO: Semanas completadas en 0.0s
2026-07-15 13:16:43,728 [tramites.Semanas] INFO: Iniciando consulta de semanas cotizadas...
2026-07-15 13:16:43,729 [tramites.Semanas] ERROR: Error en 0.0s: boom
2026-07-15 13:16:43,756 [tramites.RFC] INFO: Iniciando consulta RFC...
2026-07-15 13:16:43,757 [tramites.RFC] INFO: RFC completado en 0.0s
2026-07-15 13:16:43,827 [tramites.ActaNacimiento] INFO: Iniciando consulta de Acta de Nacimiento...
2026-07-15 13:16:43,828 [tramites.ActaNacimiento] INFO: Acta completada en 0.0s
2026-07-15 13:16:43,872 [tramites.Pasaporte] INFO: Iniciando cita de pasaporte...
2026-07-15 13:16:43,873 [tramites.Pasaporte] INFO: Cita pasaporte completada en 0.0s
2026-07-15 13:19:40,412 [tramites.API] ERROR: Error inesperado en consulta CURP
Traceback (most recent call last):
  File "D:\automatizacion\src\api.py", line 315, in consultar_curp
    resultado = await modulo.consultar(curp=req.curp.upper())
                ^^^^^^^^^^^^^^^^^^^^^^^^^^^^^^^^^^^^^^^^^^^^^
  File "C:\Users\MK\AppData\Local\Programs\Python\Python314\Lib\unittest\mock.py", line 2333, in _execute_mock_call
    raise effect
Exception: Mocked module
2026-07-15 13:19:40,454 [tramites.API] ERROR: Error inesperado en consulta NSS
Traceback (most recent call last):
  File "D:\automatizacion\src\api.py", line 332, in consultar_nss
    resultado = await modulo.consultar(
                ^^^^^^^^^^^^^^^^^^^^^^^
        curp=req.curp.upper(), correo=req.correo
        ^^^^^^^^^^^^^^^^^^^^^^^^^^^^^^^^^^^^^^^^
    )
    ^
  File "C:\Users\MK\AppData\Local\Programs\Python\Python314\Lib\unittest\mock.py", line 2333, in _execute_mock_call
    raise effect
Exception: Mocked module
2026-07-15 13:20:35,112 [tramites.test_mod] INFO: hello
2026-07-15 13:20:35,114 [tramites.test_mod] ERROR: error!
2026-07-15 13:20:35,970 [tramites.Buro] INFO: Iniciando consulta Buró de Crédito...
2026-07-15 13:20:35,970 [tramites.Buro] INFO: Buró completado en 0.0s
2026-07-15 13:20:35,982 [tramites.Circulo] INFO: Iniciando consulta Círculo de Crédito...
2026-07-15 13:20:35,982 [tramites.Circulo] INFO: Círculo completado en 0.0s
2026-07-15 13:20:36,014 [tramites.Buro] INFO: Iniciando consulta Buró de Crédito...
2026-07-15 13:20:36,015 [tramites.Buro] ERROR: Error en 0.0s: boom
2026-07-15 13:20:36,048 [tramites.CURP] INFO: Iniciando consulta...
2026-07-15 13:20:36,048 [tramites.CURP] INFO: Completado en 0.0s
2026-07-15 13:20:36,065 [tramites.CURP] INFO: Iniciando consulta...
2026-07-15 13:20:36,073 [tramites.CURP] INFO: Iniciando consulta...
2026-07-15 13:20:36,082 [tramites.NSS] INFO: Iniciando consulta para CURP GALJ****
2026-07-15 13:20:36,083 [tramites.NSS] INFO: Completado en 0.0s
2026-07-15 13:20:36,100 [tramites.TENENCIA] INFO: Consultando tenencia para placa ABC123
2026-07-15 13:20:36,100 [tramites.TENENCIA] INFO: Completado en 0.0s
2026-07-15 13:20:36,122 [tramites.ANTECEDENTES] INFO: Iniciando trámite para CURP GALJ****
2026-07-15 13:20:36,123 [tramites.ANTECEDENTES] INFO: Completado en 0.0s
2026-07-15 13:20:36,147 [tramites.ANTECEDENTES] INFO: Iniciando trámite para CURP GALJ****
2026-07-15 13:20:36,157 [tramites.CitaINE] INFO: Iniciando cita INE...
2026-07-15 13:20:36,158 [tramites.CitaINE] INFO: Cita INE completada en 0.0s
2026-07-15 13:20:36,174 [tramites.CitaSAT] INFO: Iniciando cita SAT...
2026-07-15 13:20:36,174 [tramites.CitaSAT] INFO: Cita SAT completada en 0.0s
2026-07-15 13:20:36,189 [tramites.ControlConfianza] INFO: Iniciando Control de Confianza...
2026-07-15 13:20:36,190 [tramites.ControlConfianza] INFO: Control de Confianza completado en 0.0s
2026-07-15 13:20:36,206 [tramites.Semanas] INFO: Iniciando consulta de semanas cotizadas...
2026-07-15 13:20:36,206 [tramites.Semanas] INFO: Semanas completadas en 0.0s
2026-07-15 13:20:36,226 [tramites.Semanas] INFO: Iniciando consulta de semanas cotizadas...
2026-07-15 13:20:36,227 [tramites.Semanas] ERROR: Error en 0.0s: boom
2026-07-15 13:20:36,239 [tramites.RFC] INFO: Iniciando consulta RFC...
2026-07-15 13:20:36,239 [tramites.RFC] INFO: RFC completado en 0.0s
2026-07-15 13:20:36,263 [tramites.ActaNacimiento] INFO: Iniciando consulta de Acta de Nacimiento...
2026-07-15 13:20:36,263 [tramites.ActaNacimiento] INFO: Acta completada en 0.0s
2026-07-15 13:20:36,282 [tramites.Pasaporte] INFO: Iniciando cita de pasaporte...
2026-07-15 13:20:36,282 [tramites.Pasaporte] INFO: Cita pasaporte completada en 0.0s
2026-07-15 13:23:38,019 [tramites.API] ERROR: Error inesperado en consulta CURP
Traceback (most recent call last):
  File "D:\automatizacion\src\api.py", line 315, in consultar_curp
    resultado = await modulo.consultar(curp=req.curp.upper())
                ^^^^^^^^^^^^^^^^^^^^^^^^^^^^^^^^^^^^^^^^^^^^^
  File "C:\Users\MK\AppData\Local\Programs\Python\Python314\Lib\unittest\mock.py", line 2333, in _execute_mock_call
    raise effect
Exception: Mocked module
2026-07-15 13:23:38,058 [tramites.API] ERROR: Error inesperado en consulta NSS
Traceback (most recent call last):
  File "D:\automatizacion\src\api.py", line 332, in consultar_nss
    resultado = await modulo.consultar(
                ^^^^^^^^^^^^^^^^^^^^^^^
        curp=req.curp.upper(), correo=req.correo
        ^^^^^^^^^^^^^^^^^^^^^^^^^^^^^^^^^^^^^^^^
    )
    ^
  File "C:\Users\MK\AppData\Local\Programs\Python\Python314\Lib\unittest\mock.py", line 2333, in _execute_mock_call
    raise effect
Exception: Mocked module
2026-07-15 13:24:35,079 [tramites.test_mod] INFO: hello
2026-07-15 13:24:35,082 [tramites.test_mod] ERROR: error!
2026-07-15 13:24:35,924 [tramites.Buro] INFO: Iniciando consulta Buró de Crédito...
2026-07-15 13:24:35,924 [tramites.Buro] INFO: Buró completado en 0.0s
2026-07-15 13:24:35,935 [tramites.Circulo] INFO: Iniciando consulta Círculo de Crédito...
2026-07-15 13:24:35,935 [tramites.Circulo] INFO: Círculo completado en 0.0s
2026-07-15 13:24:35,963 [tramites.Buro] INFO: Iniciando consulta Buró de Crédito...
2026-07-15 13:24:35,964 [tramites.Buro] ERROR: Error en 0.0s: boom
2026-07-15 13:24:35,992 [tramites.CURP] INFO: Iniciando consulta...
2026-07-15 13:24:35,992 [tramites.CURP] INFO: Completado en 0.0s
2026-07-15 13:24:36,008 [tramites.CURP] INFO: Iniciando consulta...
2026-07-15 13:24:36,016 [tramites.CURP] INFO: Iniciando consulta...
2026-07-15 13:24:36,028 [tramites.NSS] INFO: Iniciando consulta para CURP GALJ****
2026-07-15 13:24:36,029 [tramites.NSS] INFO: Completado en 0.0s
2026-07-15 13:24:36,059 [tramites.TENENCIA] INFO: Consultando tenencia para placa ABC123
2026-07-15 13:24:36,060 [tramites.TENENCIA] INFO: Completado en 0.0s
2026-07-15 13:24:36,080 [tramites.ANTECEDENTES] INFO: Iniciando trámite para CURP GALJ****
2026-07-15 13:24:36,080 [tramites.ANTECEDENTES] INFO: Completado en 0.0s
2026-07-15 13:24:36,099 [tramites.ANTECEDENTES] INFO: Iniciando trámite para CURP GALJ****
2026-07-15 13:24:36,112 [tramites.CitaINE] INFO: Iniciando cita INE...
2026-07-15 13:24:36,113 [tramites.CitaINE] INFO: Cita INE completada en 0.0s
2026-07-15 13:24:36,135 [tramites.CitaSAT] INFO: Iniciando cita SAT...
2026-07-15 13:24:36,136 [tramites.CitaSAT] INFO: Cita SAT completada en 0.0s
2026-07-15 13:24:36,152 [tramites.ControlConfianza] INFO: Iniciando Control de Confianza...
2026-07-15 13:24:36,152 [tramites.ControlConfianza] INFO: Control de Confianza completado en 0.0s
2026-07-15 13:24:36,170 [tramites.Semanas] INFO: Iniciando consulta de semanas cotizadas...
2026-07-15 13:24:36,171 [tramites.Semanas] INFO: Semanas completadas en 0.0s
2026-07-15 13:24:36,192 [tramites.Semanas] INFO: Iniciando consulta de semanas cotizadas...
2026-07-15 13:24:36,193 [tramites.Semanas] ERROR: Error en 0.0s: boom
2026-07-15 13:24:36,202 [tramites.RFC] INFO: Iniciando consulta RFC...
2026-07-15 13:24:36,202 [tramites.RFC] INFO: RFC completado en 0.0s
2026-07-15 13:24:36,226 [tramites.ActaNacimiento] INFO: Iniciando consulta de Acta de Nacimiento...
2026-07-15 13:24:36,227 [tramites.ActaNacimiento] INFO: Acta completada en 0.0s
2026-07-15 13:24:36,245 [tramites.Pasaporte] INFO: Iniciando cita de pasaporte...
2026-07-15 13:24:36,245 [tramites.Pasaporte] INFO: Cita pasaporte completada en 0.0s
2026-07-15 13:27:30,794 [tramites.API] ERROR: Error inesperado en consulta CURP
Traceback (most recent call last):
  File "D:\automatizacion\src\api.py", line 315, in consultar_curp
    resultado = await modulo.consultar(curp=req.curp.upper())
                ^^^^^^^^^^^^^^^^^^^^^^^^^^^^^^^^^^^^^^^^^^^^^
  File "C:\Users\MK\AppData\Local\Programs\Python\Python314\Lib\unittest\mock.py", line 2333, in _execute_mock_call
    raise effect
Exception: Mocked module
2026-07-15 13:27:30,866 [tramites.API] ERROR: Error inesperado en consulta NSS
Traceback (most recent call last):
  File "D:\automatizacion\src\api.py", line 332, in consultar_nss
    resultado = await modulo.consultar(
                ^^^^^^^^^^^^^^^^^^^^^^^
        curp=req.curp.upper(), correo=req.correo
        ^^^^^^^^^^^^^^^^^^^^^^^^^^^^^^^^^^^^^^^^
    )
    ^
  File "C:\Users\MK\AppData\Local\Programs\Python\Python314\Lib\unittest\mock.py", line 2333, in _execute_mock_call
    raise effect
Exception: Mocked module
2026-07-15 13:28:26,742 [tramites.test_mod] INFO: hello
2026-07-15 13:28:26,747 [tramites.test_mod] ERROR: error!
2026-07-15 13:28:27,820 [tramites.Buro] INFO: Iniciando consulta Buró de Crédito...
2026-07-15 13:28:27,821 [tramites.Buro] INFO: Buró completado en 0.0s
2026-07-15 13:28:27,836 [tramites.Circulo] INFO: Iniciando consulta Círculo de Crédito...
2026-07-15 13:28:27,836 [tramites.Circulo] INFO: Círculo completado en 0.0s
2026-07-15 13:28:27,889 [tramites.Buro] INFO: Iniciando consulta Buró de Crédito...
2026-07-15 13:28:27,889 [tramites.Buro] ERROR: Error en 0.0s: boom
2026-07-15 13:28:27,935 [tramites.CURP] INFO: Iniciando consulta...
2026-07-15 13:28:27,935 [tramites.CURP] INFO: Completado en 0.0s
2026-07-15 13:28:27,967 [tramites.CURP] INFO: Iniciando consulta...
2026-07-15 13:28:27,986 [tramites.CURP] INFO: Iniciando consulta...
2026-07-15 13:28:27,999 [tramites.NSS] INFO: Iniciando consulta para CURP GALJ****
2026-07-15 13:28:28,000 [tramites.NSS] INFO: Completado en 0.0s
2026-07-15 13:28:28,034 [tramites.TENENCIA] INFO: Consultando tenencia para placa ABC123
2026-07-15 13:28:28,035 [tramites.TENENCIA] INFO: Completado en 0.0s
2026-07-15 13:28:28,059 [tramites.ANTECEDENTES] INFO: Iniciando trámite para CURP GALJ****
2026-07-15 13:28:28,060 [tramites.ANTECEDENTES] INFO: Completado en 0.0s
2026-07-15 13:28:28,084 [tramites.ANTECEDENTES] INFO: Iniciando trámite para CURP GALJ****
2026-07-15 13:28:28,098 [tramites.CitaINE] INFO: Iniciando cita INE...
2026-07-15 13:28:28,098 [tramites.CitaINE] INFO: Cita INE completada en 0.0s
2026-07-15 13:28:28,123 [tramites.CitaSAT] INFO: Iniciando cita SAT...
2026-07-15 13:28:28,124 [tramites.CitaSAT] INFO: Cita SAT completada en 0.0s
2026-07-15 13:28:28,142 [tramites.ControlConfianza] INFO: Iniciando Control de Confianza...
2026-07-15 13:28:28,143 [tramites.ControlConfianza] INFO: Control de Confianza completado en 0.0s
2026-07-15 13:28:28,164 [tramites.Semanas] INFO: Iniciando consulta de semanas cotizadas...
2026-07-15 13:28:28,165 [tramites.Semanas] INFO: Semanas completadas en 0.0s
2026-07-15 13:28:28,187 [tramites.Semanas] INFO: Iniciando consulta de semanas cotizadas...
2026-07-15 13:28:28,188 [tramites.Semanas] ERROR: Error en 0.0s: boom
2026-07-15 13:28:28,207 [tramites.RFC] INFO: Iniciando consulta RFC...
2026-07-15 13:28:28,208 [tramites.RFC] INFO: RFC completado en 0.0s
2026-07-15 13:28:28,235 [tramites.ActaNacimiento] INFO: Iniciando consulta de Acta de Nacimiento...
2026-07-15 13:28:28,236 [tramites.ActaNacimiento] INFO: Acta completada en 0.0s
2026-07-15 13:28:28,254 [tramites.Pasaporte] INFO: Iniciando cita de pasaporte...
2026-07-15 13:28:28,255 [tramites.Pasaporte] INFO: Cita pasaporte completada en 0.0s
2026-07-15 13:31:19,404 [tramites.API] ERROR: Error inesperado en consulta CURP
Traceback (most recent call last):
  File "D:\automatizacion\src\api.py", line 315, in consultar_curp
    resultado = await modulo.consultar(curp=req.curp.upper())
                ^^^^^^^^^^^^^^^^^^^^^^^^^^^^^^^^^^^^^^^^^^^^^
  File "C:\Users\MK\AppData\Local\Programs\Python\Python314\Lib\unittest\mock.py", line 2333, in _execute_mock_call
    raise effect
Exception: Mocked module
2026-07-15 13:31:19,459 [tramites.API] ERROR: Error inesperado en consulta NSS
Traceback (most recent call last):
  File "D:\automatizacion\src\api.py", line 332, in consultar_nss
    resultado = await modulo.consultar(
                ^^^^^^^^^^^^^^^^^^^^^^^
        curp=req.curp.upper(), correo=req.correo
        ^^^^^^^^^^^^^^^^^^^^^^^^^^^^^^^^^^^^^^^^
    )
    ^
  File "C:\Users\MK\AppData\Local\Programs\Python\Python314\Lib\unittest\mock.py", line 2333, in _execute_mock_call
    raise effect
Exception: Mocked module
2026-07-15 13:32:15,115 [tramites.test_mod] INFO: hello
2026-07-15 13:32:15,118 [tramites.test_mod] ERROR: error!
2026-07-15 13:32:16,189 [tramites.Buro] INFO: Iniciando consulta Buró de Crédito...
2026-07-15 13:32:16,190 [tramites.Buro] INFO: Buró completado en 0.0s
2026-07-15 13:32:16,203 [tramites.Circulo] INFO: Iniciando consulta Círculo de Crédito...
2026-07-15 13:32:16,203 [tramites.Circulo] INFO: Círculo completado en 0.0s
2026-07-15 13:32:16,236 [tramites.Buro] INFO: Iniciando consulta Buró de Crédito...
2026-07-15 13:32:16,236 [tramites.Buro] ERROR: Error en 0.0s: boom
2026-07-15 13:32:16,266 [tramites.CURP] INFO: Iniciando consulta...
2026-07-15 13:32:16,267 [tramites.CURP] INFO: Completado en 0.0s
2026-07-15 13:32:16,290 [tramites.CURP] INFO: Iniciando consulta...
2026-07-15 13:32:16,301 [tramites.CURP] INFO: Iniciando consulta...
2026-07-15 13:32:16,312 [tramites.NSS] INFO: Iniciando consulta para CURP GALJ****
2026-07-15 13:32:16,312 [tramites.NSS] INFO: Completado en 0.0s
2026-07-15 13:32:16,332 [tramites.TENENCIA] INFO: Consultando tenencia para placa ABC123
2026-07-15 13:32:16,333 [tramites.TENENCIA] INFO: Completado en 0.0s
2026-07-15 13:32:16,351 [tramites.ANTECEDENTES] INFO: Iniciando trámite para CURP GALJ****
2026-07-15 13:32:16,351 [tramites.ANTECEDENTES] INFO: Completado en 0.0s
2026-07-15 13:32:16,372 [tramites.ANTECEDENTES] INFO: Iniciando trámite para CURP GALJ****
2026-07-15 13:32:16,388 [tramites.CitaINE] INFO: Iniciando cita INE...
2026-07-15 13:32:16,388 [tramites.CitaINE] INFO: Cita INE completada en 0.0s
2026-07-15 13:32:16,408 [tramites.CitaSAT] INFO: Iniciando cita SAT...
2026-07-15 13:32:16,409 [tramites.CitaSAT] INFO: Cita SAT completada en 0.0s
2026-07-15 13:32:16,431 [tramites.ControlConfianza] INFO: Iniciando Control de Confianza...
2026-07-15 13:32:16,432 [tramites.ControlConfianza] INFO: Control de Confianza completado en 0.0s
2026-07-15 13:32:16,453 [tramites.Semanas] INFO: Iniciando consulta de semanas cotizadas...
2026-07-15 13:32:16,453 [tramites.Semanas] INFO: Semanas completadas en 0.0s
2026-07-15 13:32:16,473 [tramites.Semanas] INFO: Iniciando consulta de semanas cotizadas...
2026-07-15 13:32:16,474 [tramites.Semanas] ERROR: Error en 0.0s: boom
2026-07-15 13:32:16,486 [tramites.RFC] INFO: Iniciando consulta RFC...
2026-07-15 13:32:16,486 [tramites.RFC] INFO: RFC completado en 0.0s
2026-07-15 13:32:16,513 [tramites.ActaNacimiento] INFO: Iniciando consulta de Acta de Nacimiento...
2026-07-15 13:32:16,513 [tramites.ActaNacimiento] INFO: Acta completada en 0.0s
2026-07-15 13:32:16,538 [tramites.Pasaporte] INFO: Iniciando cita de pasaporte...
2026-07-15 13:32:16,538 [tramites.Pasaporte] INFO: Cita pasaporte completada en 0.0s
2026-07-23 10:31:10,264 [tramites.API] WARNING: slowapi no instalado — rate limiting desactivado
2026-07-23 11:11:23,898 [tramites.API] WARNING: slowapi no instalado — rate limiting desactivado
2026-07-23 11:11:46,768 [tramites.API] WARNING: slowapi no instalado — rate limiting desactivado
2026-07-23 11:12:06,022 [tramites.API] WARNING: slowapi no instalado — rate limiting desactivado
2026-07-23 11:12:13,448 [tramites.API] WARNING: slowapi no instalado — rate limiting desactivado
2026-07-23 11:12:13,479 [tramites.API] WARNING: slowapi no instalado — rate limiting desactivado
2026-07-23 11:12:13,518 [tramites.API] WARNING: slowapi no instalado — rate limiting desactivado
2026-07-23 11:12:13,549 [tramites.API] WARNING: slowapi no instalado — rate limiting desactivado
2026-07-23 11:12:13,577 [tramites.API] WARNING: slowapi no instalado — rate limiting desactivado
2026-07-23 11:13:18,646 [tramites.test_mod] INFO: hello
2026-07-23 11:13:18,652 [tramites.test_mod] ERROR: error!
2026-07-30 16:56:16,399 [tramites.API] WARNING: slowapi no instalado — rate limiting desactivado
2026-07-30 16:56:55,153 [tramites.API] WARNING: slowapi no instalado — rate limiting desactivado
2026-07-30 16:57:58,661 [tramites.API] WARNING: slowapi no instalado — rate limiting desactivado
2026-07-30 16:58:08,030 [tramites.API] WARNING: slowapi no instalado — rate limiting desactivado
2026-07-30 16:58:08,057 [tramites.API] WARNING: slowapi no instalado — rate limiting desactivado
2026-07-30 16:58:08,075 [tramites.API] WARNING: slowapi no instalado — rate limiting desactivado
2026-07-30 16:58:08,095 [tramites.API] WARNING: slowapi no instalado — rate limiting desactivado
2026-07-30 16:58:08,119 [tramites.API] WARNING: slowapi no instalado — rate limiting desactivado
2026-07-30 16:59:04,964 [tramites.test_mod] INFO: hello
2026-07-30 16:59:04,967 [tramites.test_mod] ERROR: error!
2026-07-30 17:00:05,703 [tramites.API] WARNING: slowapi no instalado — rate limiting desactivado
2026-07-30 17:15:59,621 [tramites.API] WARNING: slowapi no instalado — rate limiting desactivado
2026-07-30 17:17:10,771 [tramites.API] WARNING: slowapi no instalado — rate limiting desactivado
